"","Registro","Nombre","Fecha Registro","Empresa","Principio Activo","Control Legal"
"","F-27355/23","CLORURO DE SODIO SOLUCIÓN INYECTABLE 0,9%","2/27/2023","FRESENIUS KABI CHILE LTDA.","SODIO CLORURO",""
"","F-28404/24","ANTAXOL COMPRIMIDOS RECUBIERTOS 2,5 mg (APIXABÁN)","7/30/2024","LABORATORIOS SAVAL S.A.","APIXABÁN",""
"","B-3036/24","POLYPTIN LIOFILIZADO PARA SOLUCIÓN INYECTABLE 4.500.000. U.I. (COLISTIMETATO SÓDICO)","6/19/2024","LIBRA CHILE S.A.","COLISTIMETATO",""
"","B-3047/24","VANCOMICINA POLVO PARA SOLUCIÓN INYECTABLE 500 mg","9/3/2024","LABORATORIO BIOSANO S.A.","VANCOMICINA",""
"","F-1877/24","3-A OFTENO SOLUCIÓN OFTÁLMICA 0,1%","7/28/1999 2:10","GLOBAL MERCURY CHILE S.A.","DICLOFENACO",""
"","F-27133/22","AARTAM COMPRIMIDOS RECUBIERTOS 500 mg","11/7/2022","PINNACLE CHILE S.p.A.","METRONIDAZOL",""
"","F-26539/21","AARTFENACIN COMPRIMIDOS RECUBIERTOS 120 mg","12/13/2021","PINNACLE CHILE S.p.A.","FEXOFENADINA",""
"","F-26457/21","AARTFENACIN COMPRIMIDOS RECUBIERTOS 180 mg","10/19/2021","PINNACLE CHILE S.p.A.","FEXOFENADINA",""
"","F-27644/23","AARTISTINE COMPRIMIDOS 16 mg (BETAHISTINA DICLORHIDRATO)","7/14/2023","PINNACLE CHILE S.p.A.","BETAHISTINA",""
"","F-27645/23","AARTISTINE COMPRIMIDOS 24 mg (BETAHISTINA DICLORHIDRATO)","7/17/2023","PINNACLE CHILE S.p.A.","BETAHISTINA",""
"","F-27646/23","AARTISTINE COMPRIMIDOS 8 mg (BETAHISTINA DICLORHIDRATO)","7/17/2023","PINNACLE CHILE S.p.A.","BETAHISTINA",""
"","F-24563/24","ABACAVIR COMPRIMIDOS RECUBIERTOS 300 mg ","1/16/2019","DIFEM LABORATORIOS S.A.","ABACAVIR",""
"","F-26166/21","ABACAVIR/LAMIVUDINA 600/300 COMPRIMIDOS RECUBIERTOS","5/18/2021","LABORATORIO BIOSANO S.A.","ABACAVIR//LAMIVUDINA",""
"","F-24490/23","ABATERO COMPRIMIDOS 250 mg","12/21/2018","SEVEN PHARMA CHILE S.p.A.","ABIRATERONA",""
"","F-27612/23","ABATERO R COMPRIMIDOS RECUBIERTOS 250 mg (ABIRATERONA ACETATO)","6/28/2023","SEVEN PHARMA CHILE S.p.A.","ABIRATERONA",""
"","F-27410/23","ABATERO R COMPRIMIDOS RECUBIERTOS 500 mg (ABIRATERONA ACETATO)","3/29/2023","SEVEN PHARMA CHILE S.p.A.","ABIRATERONA",""
"","F-6415/25","ABECIDIN ACD SOLUCIÓN PARA GOTAS ORALES","6/4/1986 2:10","LABORATORIO PASTEUR S.A.","ACIDO ASCORBICO//COLECALCIFEROL//RETINOL",""
"","F-24317/23","ABIRAND COMPRIMIDOS 250 mg","11/19/2018","MSN LABS CHILE SpA","ABIRATERONA",""
"","F-27130/22","ABIRATERONA ACETATO COMPRIMIDOS RECUBIERTOS 250 mg","11/4/2022","ALEMBIC PHARMACEUTICALS S.p.A.","ABIRATERONA",""
"","F-27103/22","ABIRATERONA ACETATO COMPRIMIDOS RECUBIERTOS 500 mg","10/21/2022","ALEMBIC PHARMACEUTICALS S.p.A.","ABIRATERONA",""
"","F-24297/23","ABIRATRAL COMPRIMIDOS 250 mg (ABIRATERONA ACETATO)","12/5/2018","MEGALABS CHILE S.A.","ABIRATERONA",""
"","F-23872/23","ABIRAVITAE COMPRIMIDOS 250 mg (ABIRATERONA)","6/15/2018","GALENICUM HEALTH CHILE S.p.A.","ABIRATERONA",""
"","F-21156/24","ABRAXANE LIOFILIZADO PARA SUSPENSIÓN INYECTABLE 100 mg (PACLITAXEL)","6/10/2014","BRISTOL - MYERS SQUIBB DE CHILE","PACLITAXEL",""
"","F-28535/24","ABRAXANE LIOFILIZADO PARA SUSPENSIÓN INYECTABLE 100 mg (PACLITAXEL)","10/10/2024","BRISTOL - MYERS SQUIBB DE CHILE","PACLITAXEL",""
"","B-3051/24","ABRYSVO LIOFILIZADO PARA SOLUCIÓN INYECTABLE, CON SOLVENTE (VACUNA VIRUS SINCICIAL RESPIRATORIO RECOMBINANTE)","9/16/2024","PFIZER CHILE S.A.","VACUNA VIRUS SINCICIAL RESPIRATORIO RECOMBINANTE",""
"","F-28508/24","ABXAPLO COMPRIMIDOS RECUBIERTOS 2,5 mg (APIXABÁN)","10/3/2024","DR. REDDYS LABORATORIES CHILE S.p.A.","APIXABAN",""
"","F-28507/24","ABXAPLO COMPRIMIDOS RECUBIERTOS 5 mg (APIXABÁN)","10/3/2024","DR. REDDYS LABORATORIES CHILE S.p.A.","APIXABAN",""
"","B-3029/24","ABXEDA CONCENTRADO PARA SOLUCIÓN PARA PERFUSIÓN 100 mg/4 mL (BEVACIZUMAB)","5/16/2024","LABORATORIOS RECALCINE S.A.","BEVACIZUMAB",""
"","B-3030/24","ABXEDA CONCENTRADO PARA SOLUCIÓN PARA PERFUSIÓN 400 mg/16 mL (BEVACIZUMAB)","5/16/2024","LABORATORIOS RECALCINE S.A.","BEVACIZUMAB",""
"","F-28132/24","ABZILAM COMPRIMIDOS RECUBIERTOS 2,5 mg (APIXABÁN)","3/12/2024","SEVEN PHARMA CHILE S.p.A.","APIXABAN",""
"","F-28154/24","ABZILAM COMPRIMIDOS RECUBIERTOS 5 mg (APIXABÁN)","3/18/2024","SEVEN PHARMA CHILE S.p.A.","APIXABAN",""
"","F-16974/23","AC FORTE JARABE","8/20/2008","LABORATORIO PASTEUR S.A.","CLORFENAMINA//CODEINA//PSEUDOEFEDRINA","Estupefaciente"
"","F-16975/23","AC JARABE","8/27/2008","LABORATORIO PASTEUR S.A.","CLORFENAMINA//CODEINA//PSEUDOEFEDRINA","Estupefaciente"
"","F-21154/24","ACCUALAXAN POLVO PARA SOLUCIÓN ORAL","6/10/2014 2:10","MEGALABS CHILE S.A.","MACROGOL",""
"","F-16094/22","ACEBRON COMPRIMIDOS 4 mg (ACENOCUMAROL)","5/16/2007","LABORATORIOS RECALCINE S.A.","ACENOCUMAROL",""
"","F-20455/23","ACECNOU GRÁNULOS PARA SOLUCIÓN ORAL 3 g, EN SOBRES","10/16/2013","FAES FARMA CHILE, SALUD Y NUTRICIÓN SpA","FOSFOMICINA",""
"","F-18823/21","ACEMUK POLVO PARA JARABE 100 mg/5 mL","9/2/2011","DEUTSCHE PHARMA S.A.","ACETILCISTEINA",""
"","F-10965/21","ACERDIL - D 20/12,5 COMPRIMIDOS","4/3/1991","LABORATORIOS RECALCINE S.A.","HIDROCLOROTIAZIDA//LISINOPRIL",""
"","F-5654/25","ACERDIL COMPRIMIDOS 10 mg","9/26/1988","LABORATORIOS RECALCINE S.A.","LISINOPRIL",""
"","F-5655/25","ACERDIL COMPRIMIDOS 20 mg","9/26/1988","LABORATORIOS RECALCINE S.A.","LISINOPRIL",""
"","F-5656/25","ACERDIL COMPRIMIDOS 5 mg","9/26/1988","LABORATORIOS RECALCINE S.A.","LISINOPRIL",""
"","F-25936/26","ACETATO DE CALCIO COMPRIMIDOS 667 mg","1/18/2021","ZERICUM S.p.A.","CALCIO ACETATO",""
"","F-27344/23","ACETATO DE CALCIO COMPRIMIDOS 667 mg","2/16/2023","MDC HEALTH S.p.A.","CALCIO ACETATO",""
"","F-6134/25","ACETATO DE SODIO TRIHIDRATO SOLUCIÓN INYECTABLE 30%","2/18/1983","LABORATORIO SANDERSON SpA","SODIO ACETATO",""
"","F-28562/24","ACETAZOLAMIDA COMPRIMIDOS 250 mg","11/8/2024","LABORATORIO BIOVAL S.p.A.","ACETAZOLAMIDA",""
"","F-28659/24","ACETAZOLAMIDA COMPRIMIDOS 250 mg","12/27/2024","EMCURE PHARMA CHILE S.p.A.","ACETAZOLAMIDA",""
"","F-4329/25","ACETAZOLAMIDA COMPRIMIDOS 250 mg","6/28/2000 2:10","MINTLAB Co. S.A.","ACETAZOLAMIDA",""
"","F-983/23","ACETAZOLAMIDA COMPRIMIDOS 250 mg","5/8/1969","LABORATORIO CHILE S.A.","ACETAZOLAMIDA",""
"","F-26515/21","ACETAZOLAMIDA COMPRIMIDOS 250 mg","11/30/2021","ASCEND LABORATORIES S.p.A.","ACETAZOLAMIDA",""
"","F-10966/21","ACEVIT FLUOR SOLUCIÓN PARA GOTAS ORALES","3/13/1990","LABORATORIOS LAFI LTDA.","ACIDO ASCORBICO//ERGOCALCIFEROL//RETINOL//SODIO FLUORURO",""
"","F-5778/25","ACEVIT SOLUCIÓN PARA GOTAS ORALES","11/28/1988 2:10","LABORATORIOS LAFI LTDA.","ÁCIDO ASCÓRBICO//ERGOCALCIFEROL//RETINOL",""
"","F-8516/26","ACICLOVIR COMPRIMIDOS 200 mg","1/8/1997 2:10","LABORATORIO CHILE S.A.","ACICLOVIR",""
"","F-9863/21","ACICLOVIR COMPRIMIDOS 200 mg","2/17/1995","MINTLAB Co. S.A.","ACICLOVIR",""
"","F-8518/21","ACICLOVIR COMPRIMIDOS 400 mg","11/8/1991","LABORATORIO CHILE S.A.","ACICLOVIR",""
"","F-28868/25","ACICLOVIR COMPRIMIDOS 400 mg","5/15/2025","SEVEN PHARMA CHILE S.p.A.","ACICLOVIR",""
"","F-13105/23","ACICLOVIR COMPRIMIDOS 400 mg","9/15/2003","MINTLAB Co. S.A.","ACICLOVIR",""
"","F-26680/22","ACICLOVIR COMPRIMIDOS 400 mg","3/14/2022","MDC HEALTH S.p.A.","ACICLOVIR",""
"","F-22710/21","ACICLOVIR COMPRIMIDOS 400 mg","5/20/2016","SEVEN PHARMA CHILE S.p.A.","ACICLOVIR",""
"","F-22712/21","ACICLOVIR COMPRIMIDOS 800 mg","5/25/2016 2:10","SEVEN PHARMA CHILE S.p.A.","ACICLOVIR",""
"","F-7869/21","ACICLOVIR COMPRIMIDOS 800 mg","6/8/2001","LABORATORIO CHILE S.A.","ACICLOVIR",""
"","F-8703/21","ACICLOVIR CREMA DÉRMICA 5%","6/19/1990","CHEMOPHARMA S.A.","ACICLOVIR",""
"","F-9864/21","ACICLOVIR CREMA DÉRMICA 5%","2/17/1995","MINTLAB Co. S.A.","ACICLOVIR",""
"","F-3865/25","ACICLOVIR CREMA DÉRMICA 5%","2/19/1988","LABORATORIO CHILE S.A.","ACICLOVIR",""
"","F-24737/24","ACICLOVIR CREMA TÓPICA 5 %","3/27/2019","ASCEND LABORATORIES S.p.A.","ACICLOVIR",""
"","F-21826/25","ACICLOVIR CREMA TOPICA 5%","4/22/2015","B Y B FARMACÉUTICA LTDA.","ACICLOVIR",""
"","F-27683/23","ACICLOVIR CREMA TOPICA 5%","7/24/2023","ASCEND LABORATORIES S.p.A.","ACICLOVIR",""
"","F-20822/24","ACICLOVIR CREMA TÓPICA 5%","1/22/2014","OPKO CHILE S.A.","ACICLOVIR",""
"","F-25446/25","ACICLOVIR CREMA TÓPICA 5%","5/26/2020","LABORATORIO HOSPIFARMA CHILE LTDA.","ACICLOVIR",""
"","F-23793/23","ACICLOVIR CREMA TÓPICA 5%","5/29/2018","LABORATORIO HOSPIFARMA CHILE LTDA.","ACICLOVIR",""
"","F-23584/22","ACICLOVIR CREMA TÓPICA 5%","8/22/2017","DROGUERÍA GLOBAL PHARMA S.p.A.","ACICLOVIR",""
"","F-27027/22","ACICLOVIR CREMA TÓPICA 5%","9/1/2022","LABORATORIO SCL LIMITADA","ACICLOVIR",""
"","F-26809/22","ACICLOVIR LIOFILIZADO PARA SOLUCION INYECTABLE 250 mg","5/24/2022","DIFEM LABORATORIOS S.A.","ACICLOVIR",""
"","F-25938/26","ACICLOVIR LIOFILIZADO PARA SOLUCIÓN INYECTABLE 250 mg","1/19/2021","NEOETHICALS CHILE S.p.A.","ACICLOVIR",""
"","F-8286/21","ACICLOVIR LIOFILIZADO PARA SOLUCIÓN INYECTABLE 250 mg","11/18/1996","BPH S.A.","ACICLOVIR",""
"","F-26001/21","ACICLOVIR LIOFILIZADO PARA SOLUCIÓN INYECTABLE 500 mg","2/24/2021","NEOETHICALS CHILE S.p.A.","ACICLOVIR",""
"","F-26810/22","ACICLOVIR LIOFILIZADO PARA SOLUCIÓN INYECTABLE 500 mg","5/24/2022","DIFEM LABORATORIOS S.A.","ACICLOVIR",""
"","F-27360/23","ACICLOVIR POLVO PARA SOLUCIÓN INYECTABLE 250 mg","2/28/2023","LABVITALIS S.A.","ACICLOVIR",""
"","F-28407/24","ACICLOVIR POLVO PARA SOLUCIÓN INYECTABLE 250 mg","8/1/2024","LABVITALIS S.A.","ACICLOVIR",""
"","F-26313/21","ACICLOVIR SUSPENSIÓN ORAL 200 mg/5 mL","8/9/2021","NEOETHICALS CHILE S.p.A.","ACICLOVIR",""
"","F-8844/21","ACICLOVIR UNGÜENTO OFTÁLMICO 3%","4/23/1991","INSTITUTO SANITAS S.A.","ACICLOVIR",""
"","F-8704/21","ACICLOVIR UNGÜENTO OFTÁLMICO AL 3%","6/19/1990","CHEMOPHARMA S.A.","ACICLOVIR",""
"","F-26987/22","ÁCIDO CLAVULÁNICO/AMOXICILINA 400/57 POLVO PARA SUSPENSIÓN ORAL","8/16/2022","EUROFARMA CHILE SpA","ACIDO CLAVULANICO//AMOXICILINA",""
"","F-1256/24","ÁCIDO DEHIDROCÓLICO COMPRIMIDOS 250 mg","9/28/1966","INSTITUTO SANITAS S.A.","ACIDO DEHIDROCOLICO",""
"","F-24580/24","ACIDO FOLICO COMPRIMIDOS 1 mg","1/22/2019","B Y B FARMACÉUTICA LTDA.","ACIDO FOLICO",""
"","F-24631/24","ACIDO FOLICO COMPRIMIDOS 5 mg","2/11/2019","B Y B FARMACÉUTICA LTDA.","ACIDO FOLICO",""
"","F-28302/24","ÁCIDO FÓLICO COMPRIMIDOS 5 mg","5/27/2024","MDC HEALTH S.p.A.","ACIDO FOLICO",""
"","F-28419/24","ÁCIDO FOLÍNICO SOLUCIÓN INYECTABLE 50 mg/5 mL","8/12/2024","DIFEM LABORATORIOS S.A.","LEUCOVORINA",""
"","F-25774/25","ACIDO FUSÍDICO CREMA TÓPICA 2%","11/9/2020","DROGUERÍA GLOBAL PHARMA S.p.A.","ACIDO FUSIDICO",""
"","F-25494/25","ACIDO MEFENAMICO COMPRIMIDOS 500 mg","6/22/2020","LABORATORIO CHILE S.A.","ACIDO MEFENAMICO",""
"","F-26362/21","ÁCIDO MEFENÁMICO COMPRIMIDOS 500 mg","8/30/2021","MDC HEALTH S.p.A.","ACIDO MEFENAMICO",""
"","F-9866/21","ÁCIDO MEFENÁMICO COMPRIMIDOS 500 mg","5/11/1994","MINTLAB Co. S.A.","ACIDO MEFENAMICO",""
"","F-8701/21","ÁCIDO MEFENÁMICO COMPRIMIDOS 500 mg","8/1/2001","SYNTHON CHILE LTDA.","ACIDO MEFENAMICO",""
"","F-28772/25","ÁCIDO MEFENÁMICO COMPRIMIDOS 500 mg","4/1/2025","MDC HEALTH S.p.A.","ÁCIDO MEFENÁMICO",""
"","F-27926/23","ÁCIDO MICOFENÓLICO COMPRIMIDOS CON RECUBRIMIENTO ENTÉRICO 180 mg","11/13/2023","SIAA VIDA FARMA SPA","MICOFENOLATO",""
"","F-27856/23","ÁCIDO MICOFENÓLICO COMPRIMIDOS CON RECUBRIMIENTO ENTÉRICO 360 mg","10/3/2023","SIAA VIDA FARMA SPA","MICOFENOLATO",""
"","F-26072/21","ÁCIDO TRANEXÁMICO SOLUCIÓN INYECTABLE 1000 mg/ 10 mL","4/6/2021","BPH S.A.","ACIDO TRANEXAMICO",""
"","F-28311/24","ÁCIDO TRANEXÁMICO COMPRIMIDOS RECUBIERTOS 500 mg","6/4/2024","EMCURE PHARMA CHILE S.p.A.","ACIDO TRANEXAMICO",""
"","F-29348/25","ÁCIDO TRANEXÁMICO COMPRIMIDOS RECUBIERTOS 500 mg","11/24/2025","LABORATORIO FLEMING SPA","ÁCIDO TRANEXÁMICO",""
"","F-25519/25","ÁCIDO TRANEXÁMICO SOLUCIÓN INYECTABLE 1000 mg/10 mL","6/30/2020","DIFEM LABORATORIOS S.A.","ACIDO TRANEXAMICO",""
"","F-23608/22","ÁCIDO URSODEOXICÓLICO CÁPSULAS 250 mg","10/10/2017","DIFEM LABORATORIOS S.A.","ACIDO URSODEOXICOLICO",""
"","F-14446/25","ÁCIDO VALPROICO COMPRIMIDOS CON RECUBRIMIENTO ENTÉRICO 200 mg","12/28/2004","LABORATORIOS ANDRÓMACO S.A.","ACIDO VALPROICO",""
"","F-28051/24","ÁCIDO VALPROICO COMPRIMIDOS CON RECUBRIMIENTO ENTÉRICO 250 mg","1/16/2024","LABORATORIOS ANDRÓMACO S.A.","ACIDO VALPROICO",""
"","F-15806/21","ÁCIDO VALPROICO COMPRIMIDOS CON RECUBRIMIENTO ENTÉRICO 250 mg","11/30/2006","LABORATORIOS ANDRÓMACO S.A.","ACIDO VALPROICO",""
"","F-15807/21","ÁCIDO VALPROICO COMPRIMIDOS CON RECUBRIMIENTO ENTÉRICO 500 mg","11/30/2006","LABORATORIOS ANDRÓMACO S.A.","ACIDO VALPROICO",""
"","F-28406/24","ÁCIDO VALPROICO JARABE 250 mg/5 mL","7/31/2024","ZERICUM S.p.A.","ACIDO VALPROICO",""
"","F-26210/21","ÀCIDO ZOLEDRÒNICO CONCENTRADO PARA PERFUSIÓN 4 mg/5 mL ","6/15/2021","EMCURE PHARMA CHILE S.p.A.","ACIDO ZOLEDRONICO",""
"","F-23772/23","ÁCIDO ZOLEDRÓNICO LIOFILIZADO PARA SOLUCIÓN INYECTABLE 4 mg ","4/11/2018","NEOETHICALS CHILE S.p.A.","ACIDO ZOLEDRONICO",""
"","F-19567/22","ÁCIDO ZOLEDRÓNICO LIOFILIZADO PARA SOLUCIÓN INYECTABLE 4 mg CON SOLVENTE","7/30/2012 2:10","LABORATORIO SANDERSON SpA","Ácido Zoledrónico",""
"","F-24391/23","ÁCIDO ZOLEDRÓNICO SOLUCIÓN CONCENTRADA PARA PERFUSIÓN 4 mg/5 mL","11/29/2018","DIFEM LABORATORIOS S.A.","ACIDO ZOLEDRONICO",""
"","F-18858/21","ÁCIDO ZOLEDRÓNICO SOLUCIÓN INYECTABLE 4 mg/ 5 mL","9/20/2011","LABVITALIS S.A.","ACIDO ZOLEDRONICO",""
"","F-20889/24","ÁCIDO ZOLEDRÓNICO SOLUCIÓN INYECTABLE 4 mg/5 mL","1/30/2014","LABORATORIO BIOSANO S.A.","ACIDO ZOLEDRONICO",""
"","F-20414/23","ÁCIDO ZOLENDRÓNICO SOLUCIÓN CONCENTRADA PARA PERFUSIÓN 4 mg/5 mL","10/7/2013","FRESENIUS KABI CHILE LTDA.","ACIDO ZOLEDRONICO",""
"","F-15980/22","ACIVANTON COMPRIMIDOS MASTICABLES 120 mg","3/26/2007","LABORATORIOS RECALCINE S.A.","BISMUTO SUBNITRATO",""
"","F-21406/24","ACLASTA SOLUCIÓN PARA PERFUSIÓN 5 mg/100 mL (ÁCIDO ZOLEDRONICO)","9/22/2014","SANDOZ CHILE SpA","ACIDO ZOLEDRONICO",""
"","F-18033/25","ACOTOL COMPRIMIDOS RECUBIERTOS (DIENOGEST/ETINILESTRADIOL)","5/6/2010","LABORATORIOS RECALCINE S.A.","DIENOGEST//ETINILESTRADIOL",""
"","F-19346/22","ACOTOL SP COMPRIMIDOS RECUBIERTOS","4/2/2012","LABORATORIOS RECALCINE S.A.","DIENOGEST//ESTRADIOL",""
"","F-25412/25","ACRIPTEGA 50/300/300 COMPRIMIDOS RECUBIERTOS","5/27/2020","PHARMARIS CHILE S.p.A.","DOLUTEGRAVIR//LAMIVUDINA//TENOFOVIR DISOPROXIL FUMARATO",""
"","F-29366/25","ACROMIX UNGÜENTO DÉRMICO 0,03% (TACROLIMUS)","12/15/2025","LABORATORIO D & M PHARMA LTDA.","TACROLIMUS",""
"","F-29367/25","ACROMIX UNGÜENTO DÉRMICO 0,1% (TACROLIMUS)","12/15/2025","LABORATORIO D & M PHARMA LTDA.","TACROLIMUS",""
"","F-26304/21","ACSODIX 10 COMPRIMIDOS RECUBIERTOS 10 mg (VORTIOXETINA)","8/6/2021","MEGALABS CHILE S.A.","VORTIOXETINA",""
"","F-26331/21","ACSODIX 20 COMPRIMIDOS RECUBIERTOS 20 mg (VORTIOXETINA)","8/10/2021","MEGALABS CHILE S.A.","VORTIOXETINA",""
"","F-26303/21","ACSODIX 5 COMPRIMIDOS RECUBIERTOS 5 mg (VORTIOXETINA)","8/3/2021","MEGALABS CHILE S.A.","VORTIOXETINA",""
"","F-5446/25","ACTAN CÁPSULAS 20 mg","4/14/1989 1:10","EUROLAB LTDA.","FLUOXETINA",""
"","F-9780/21","ACTAN CD COMPRIMIDOS DISPERSABLES 20 mg (FLUOXETINA)","12/19/1996 2:10","EUROLAB LTDA.","FLUOXETINA",""
"","B-2101/24","ACTEMRA CONCENTRADO PARA SOLUCIÓN PARA INFUSIÓN 200 mg/10 mL","8/28/2014","ROCHE CHILE LTDA.","TOCILIZUMAB",""
"","B-2102/24","ACTEMRA CONCENTRADO PARA SOLUCIÓN PARA INFUSIÓN 400 mg/ 20 mL","8/28/2009","ROCHE CHILE LTDA.","TOCILIZUMAB",""
"","B-2100/24","ACTEMRA CONCENTRADO PARA SOLUCIÓN PARA INFUSIÓN 80 mg/4 mL","8/28/2009","ROCHE CHILE LTDA.","TOCILIZUMAB",""
"","B-2401/24","ACTEMRA RECOMBINANTE, SOLUCIÓN PARA INYECCIÓN 162 mg/0,9 mL (TOCILIZUMAB)","7/20/2014","ROCHE CHILE LTDA.","TOCILIZUMAB",""
"","F-2022/24","ACTIGERON COMPRIMIDOS CON RECUBRIMIENTO ENTÉRICO 500 mg","8/31/1999","LABORATORIO BAGÓ DE CHILE S.A.","CARNITINA",""
"","B-936/25","ACTILYSE (ACTIVADOR DEL PLASMINÓGENO TISULAR HUMANO RECOMBINANTE) LIOFILIZADO PARA SOLUCIÓN INYECTABLE 50 mg, CON SOLVENTE ","11/22/1988","BOEHRINGER INGELHEIM LTDA.","",""
"","B-2340/23","ACTRAPID SOLUCIÓN INYECTABLE 100 UI/mL","9/9/2013","NOVO NORDISK FARMACÉUTICA LTDA.","INSULINA",""
"","B-3056/24","ACTRAPID SOLUCIÓN INYECTABLE 100 UI/mL","9/3/2024","NOVO NORDISK FARMACÉUTICA LTDA.","INSULINA",""
"","F-14035/24","ACTRON 400 CÁPSULAS BLANDAS 400 mg","8/23/2004","BAYER S.A.","IBUPROFENO",""
"","F-14758/25","ACTRON 600 CÁPSULAS BLANDAS 600 mg","4/27/2005","BAYER S.A.","IBUPROFENO",""
"","F-14888/25","ACULAR LS SOLUCIÓN OFTÁLMICA 0,4% (KETOROLACO TROMETAMOL)","6/29/2005","ABBVIE PRODUCTOS FARMACÉUTICOS LTDA.","KETOROLACO TROMETAMOL",""
"","F-22241/25","ACUODE POLVO PARA SOLUCION ORAL 50.000 UI EN SOBRES (COLECALCIFEROL)","10/30/2015","LABORATORIOS LAFI LTDA.","COLECALCIFEROL",""
"","F-27865/23","ACUPARA SOLUCIÓN PARA PERFUSIÓN 10 mg/mL (PARACETAMOL)","10/12/2023","COMERCIAL APOTECARE S.p.A.","PARACETAMOL",""
"","F-28249/24","ACUTOCIN SOLUCIÓN INYECTABLE 10 U.I./mL (OXITOCINA)","4/22/2024","COMERCIAL APOTECARE S.p.A.","OXITOCINA",""
"","B-2090/24","ADACEL VACUNA COMBINADA DE TOXOIDES TETÁNICO Y DIFTÉRICO ADSORBIDOS Y COMPONENTE PERTUSSIS SUSPENSIÓN INYECTABLE","7/24/2009","SANOFI VACCINES CHILE S.A","",""
"","F-25962/21","ADACNE DUO GEL TÓPICO","2/1/2021","LABORATORIOS RAFFO S.A.","ADAPALENO//PEROXIDO DE BENZOILO",""
"","F-16674/23","ADAPAC GEL TÓPICO 0,1%","1/23/2008","LABORATORIOS D & M PHARMA LTDA.","ADAPALENO",""
"","F-27206/22","ADAPAC GEL TÓPICO 0,1% (ADAPALENO)","12/6/2022","LABORATORIO D & M PHARMA LTDA.","ADAPALENO",""
"","F-27210/22","ADAPAC GEL TÓPICO 0,3% (ADAPALENO)","12/7/2022","LABORATORIO D & M PHARMA LTDA.","ADAPALENO",""
"","F-25537/25","ADAPALENO GEL TÓPICO 0,1%","7/6/2020","DROGUERÍA GLOBAL PHARMA S.p.A.","ADAPALENO",""
"","B-2972/23","ADCETRIS LIOFILIZADO PARA CONCENTRADO PARA SOLUCIÓN PARA PERFUSIÓN 50 mg (BRENTUXIMAB VEDOTINA)","5/10/2023","TAKEDA CHILE S.p.A.","BRENTUXIMAB VEDOTINA",""
"","F-21770/25","ADDAVEN SOLUCIÓN CONCENTRADA PARA PERFUSIÓN","3/25/2015 1:10","FRESENIUS KABI CHILE LTDA.","COBRE CLORURO//CROMO CLORURO//MAGNESIO CLORURO//MANGANESO CLORURO//POTASIO IODURO//SODIO FLUORURO//SODIO MOLIBDATO//SODIO SELENITO//ZINC CLORURO",""
"","F-23417/22","ADELINE CÁPSULAS 10 mg (LENALIDOMIDA)","4/5/2017","SYNTHON CHILE LTDA.","Lenalidomida",""
"","F-23418/22","ADELINE CÁPSULAS 15 mg (LENALIDOMIDA)","4/5/2017","SYNTHON CHILE LTDA.","Lenalidomida",""
"","F-23416/22","ADELINE CÁPSULAS 25 mg (LENALIDOMIDA)","4/5/2017","SYNTHON CHILE LTDA.","Lenalidomida",""
"","F-23415/22","ADELINE CÁPSULAS 5 mg (LENALIDOMIDA)","4/4/2017","SYNTHON CHILE LTDA.","Lenalidomida",""
"","F-20654/23","ADEMPAS COMPRIMIDOS RECUBIERTOS 0,5 mg","12/13/2013","BAYER S.A.","RIOCIGUAT",""
"","F-20655/23","ADEMPAS COMPRIMIDOS RECUBIERTOS 1,0 mg","12/13/2013","BAYER S.A.","RIOCIGUAT",""
"","F-20656/23","ADEMPAS COMPRIMIDOS RECUBIERTOS 1,5 mg","12/13/2013","BAYER S.A.","RIOCIGUAT",""
"","F-20657/23","ADEMPAS COMPRIMIDOS RECUBIERTOS 2,0 mg","12/13/2013","BAYER S.A.","RIOCIGUAT",""
"","F-20658/23","ADEMPAS COMPRIMIDOS RECUBIERTOS 2,5 mg","12/13/2013","BAYER S.A.","RIOCIGUAT",""
"","F-27398/23","ADENOSINA SOLUCIÓN INYECTABLE 6 mg/2 mL","3/21/2023","DIFEM LABORATORIOS S.A.","ADENOSINA",""
"","F-28177/24","ADENOSINA SOLUCIÓN INYECTABLE 6 mg/2 mL","3/25/2024","SRS LIFE SCIENCES CHILE S.p.A.","ADENOSINA",""
"","F-24804/24","ADENOSINA SOLUCIÓN INYECTABLE 6mg / 2mL","4/29/2019","GADOR LTDA.","ADENOSINA",""
"","F-13450/23","ADESNA COMPRIMIDOS 500 mg (ÁCIDO MEFENÁMICO)","12/31/2003","MINTLAB Co. S.A.","ACIDO MEFENAMICO",""
"","F-22649/21","ADIAMIL DUO GEL TÓPICO","5/5/2016","LABORATORIOS RECALCINE S.A.","ADAPALENO//PEROXIDO DE BENZOILO",""
"","F-11441/21","ADIFENINA CLORHIDRATO CON PROPIFENAZONA SUPOSITORIOS ADULTOS","11/22/1991","OPKO CHILE S.A.","ADIFENINA//PROPIFENAZONA",""
"","F-11442/21","ADIFENINA CLORHIDRATO CON PROPIFENAZONA SUPOSITORIOS INFANTILES","10/20/1992","OPKO CHILE S.A.","ADIFENINA//PROPIFENAZONA",""
"","F-25405/25","AERIUS SOLUCIÓN ORAL 2,5 mg/5 mL (DESLORATADINA)","4/22/2020","ORGANON CHILE S.p.A.","DESLORATADINA",""
"","F-7109/25","AERIUS COMPRIMIDOS RECUBIERTOS 5 mg","11/10/2000","ORGANON CHILE S.p.A.","DESLORATADINA",""
"","F-25404/25","AERIUS JARABE 2,5 mg/5 mL (DESLORATADINA)","4/21/2020","ORGANON CHILE S.p.A.","DESLORATADINA",""
"","F-27318/23","AERIUS SOLUCIÓN ORAL 2,5 mg/5 mL (DESLORATADINA)","2/1/2023","ORGANON CHILE S.p.A.","DESLORATADINA",""
"","F-2360/24","AERO ITAN CÁPSULAS","6/6/1979","LABORATORIOS SAVAL S.A.","CLORDIAZEPOXIDO//METOCLOPRAMIDA//SIMETICONA","Psicotrópico"
"","F-26652/22","AEROGASTROL CÁPSULAS","2/28/2022","EUROFARMA CHILE SpA","CLORDIAZEPOXIDO//METOCLOPRAMIDA//SIMETICONA","Psicotrópico"
"","F-28181/24","AEROHALER AEROSOL PARA INHALACIÓN 100 mcg/dosis (SALBUTAMOL)","3/26/2024","LABORATORIOS SAVAL S.A.","SALBUTAMOL",""
"","F-2713/24","AEROLIN LF AEROSOL PARA INHALACIÓN 100 mcg/dosis","12/30/1999 1:10","GLAXOSMITHKLINE CHILE FARMACÉUTICA LTDA.","SALBUTAMOL",""
"","F-2453/24","AEROLIN SOLUCIÓN PARA RESPIRADOR 0,5%","10/23/1978","GLAXOSMITHKLINE CHILE FARMACÉUTICA LTDA.","SALBUTAMOL",""
"","F-17690/24","AEROTROP AEROSOL PARA INHALACIÓN 20 mcg/dosis","8/20/2009","LABORATORIOS D & M PHARMA LTDA.","BROMURO DE IPRATROPIO",""
"","F-18345/25","AEROTROP SPRAY NASAL 21 mcg/dosis","10/27/2010","LABORATORIOS D & M PHARMA LTDA.","BROMURO DE IPRATROPIO",""
"","H-1158/24","AESCULUS D6 GLÓBULOS","9/21/2009","LABORATORIOS BIOSPHARE S.A.","",""
"","F-28542/24","AFATINIB COMPRIMIDOS RECUBIERTOS 20 mg","10/15/2024","SEVEN PHARMA CHILE S.p.A.","AFATINIB",""
"","F-28541/24","AFATINIB COMPRIMIDOS RECUBIERTOS 30 mg","10/15/2024","SEVEN PHARMA CHILE S.p.A.","AFATINIB",""
"","F-28540/24","AFATINIB COMPRIMIDOS RECUBIERTOS 40 mg","10/15/2024","SEVEN PHARMA CHILE S.p.A.","AFATINIB",""
"","F-22560/21","AFEXDINE COMPRIMIDOS RECUBIERTOS 180 mg (FEXOFENADINA)","4/6/2016 1:10","SEVEN PHARMA CHILE S.p.A.","FEXOFENADINA",""
"","F-17670/24","AFINITOR COMPRIMIDOS 10 mg (EVEROLIMUS)","7/17/2009","NOVARTIS CHILE S.A.","EVEROLIMUS",""
"","F-17669/24","AFINITOR COMPRIMIDOS 5 mg (EVEROLIMUS)","7/17/2009","NOVARTIS CHILE S.A.","EVEROLIMUS",""
"","B-2951/22","AFSTYLA LIOFILIZADO PARA SOLUCIÓN INYECTABLE 2000 UI, CON SOLVENTE (LONOCTOCOG ALFA)","9/2/2022","CSL BEHRING S.p.A.","Lonoctocog Alfa",""
"","B-2952/22","AFSTYLA LIOFILIZADO PARA SOLUCIÓN INYECTABLE 3000 UI, CON SOLVENTE (LONOCTOCOG ALFA)","9/2/2022","CSL BEHRING S.p.A.","Lonoctocog Alfa",""
"","B-2949/22","AFSTYLA LIOFILIZADO PARA SOLUCIÓN INYECTABLE 1000 UI, CON SOLVENTE (LONOCTOCOG ALFA)","9/2/2022","CSL BEHRING S.p.A.","Lonoctocog Alfa",""
"","B-2950/22","AFSTYLA LIOFILIZADO PARA SOLUCIÓN INYECTABLE 1500 UI, CON SOLVENTE (LONOCTOCOG ALFA)","9/2/2022","CSL BEHRING S.p.A.","Lonoctocog Alfa",""
"","B-2947/22","AFSTYLA LIOFILIZADO PARA SOLUCIÓN INYECTABLE 250 UI, CON SOLVENTE (LONOCTOCOG ALFA)","9/2/2022","CSL BEHRING S.p.A.","LONOCTOCOG ALFA",""
"","B-2948/22","AFSTYLA LIOFILIZADO PARA SOLUCIÓN INYECTABLE 500 UI, CON SOLVENTE (LONOCTOCOG ALFA)","9/2/2022","CSL BEHRING S.p.A.","Lonoctocog Alfa",""
"","F-12304/22","AGGLAD OFTENO SOLUCIÓN OFTÁLMICA 0,2%","7/25/2002","GLOBAL MERCURY CHILE S.A.","BRIMONIDINA",""
"","F-1904/24","AGRASTAT CONCENTRADO PARA INFUSIÓN I.V. 0,025% (TIROFIBAN)","7/29/1999","ASPEN CHILE S.A.","TIROFIBAN",""
"","F-25972/21","AGRASTAT CONCENTRADO PARA INFUSIÓN I.V. 0,025% (TIROFIBAN)","2/8/2021","ASPEN CHILE S.A.","TIROFIBAN",""
"","F-23823/23","AGREPLAT COMPRIMIDOS RECUBIERTOS 75 mg (CLOPIDOGREL)","5/23/2018","INSTITUTO SANITAS S.A.","CLOPIDOGREL",""
"","F-14234/24","AGUA PARA INYECTABLES","10/28/2004","LABORATORIO BIOSANO S.A.","AGUA INYECTABLE",""
"","F-3702/25","AGUALA SOLUCIÓN ORAL PARA GOTAS 0,75%","4/25/1990","MEGALABS CHILE S.A.","SODIO PICOSULFATO",""
"","F-26522/21","AILICEC SOLUCIÓN OFTÁLMICA","12/1/2021","OPKO CHILE S.A.","DORZOLAMIDA//TIMOLOL",""
"","B-1780/24","AIMAFIX 1000 POLVO LIOFILIZADO CON SOLVENTE PARA SOLUCIÓN INYECTABLE 1000 U.I./10 mL","3/31/2004","BIOFACTOR CHILE SpA","",""
"","B-1779/24","AIMAFIX 500 POLVO LIOFILIZADO CON SOLVENTE PARA SOLUCIÓN INYECTABLE 500 U.I./10 mL","3/31/2004","BIOFACTOR CHILE SpA","",""
"","B-2902/21","AJOVY SOLUCIÓN INYECTABLE 225 mg/1,5 mL (FREMANEZUMAB)","7/28/2021","LABORATORIO CHILE S.A.","FREMANEZUMAB",""
"","F-23090/21","AKAN COMPRIMIDOS MASTICABLES 4 mg (MONTELUKAST)","9/27/2016","MINTLAB Co. S.A.","MONTELUKAST",""
"","F-23176/21","AKAN COMPRIMIDOS MASTICABLES 5 mg (MONTELUKAST)","11/15/2016","MINTLAB Co. S.A.","MONTELUKAST",""
"","F-23598/22","AKAN COMPRIMIDOS RECUBIERTOS 10 mg (MONTELUKAST)","9/12/2017","MINTLAB Co. S.A.","MONTELUKAST",""
"","F-26384/21","AKLIEF CREMA TÓPICA 0,005% (TRIFAROTENO)","9/12/2021","GALDERMA CHILE LABORATORIOS LTDA.","TRIFAROTENO",""
"","F-29315/25","AKNIZOL GEL TÓPICO 0,1% (ADAPALENO) ","11/5/2025","ADVANOV PHARMA CHILE S.p.A.","ADAPALENO",""
"","F-26751/22","AKRANTA CÁPSULAS 8 mg (TIOCOLCHICOSIDO)","4/20/2022","LABORATORIOS RECALCINE S.A.","TIOCOLCHICOSIDO",""
"","F-23367/22","AKYNZEO CÁPSULAS","3/9/2017","GRÜNENTHAL CHILENA LTDA.","NETUPITANT//PALONOSETRON",""
"","F-28713/25","AL[18F]F-NOTA-OCTREOTIDA SOLUCIÓN INYECTABLE ","3/3/2025","POSITRONPHARMA S.A.","AL[18F]F-NOTA-OCTREOTIDE - (NUEVO)",""
"","B-915/25","ALBUMINA HUMANA SOLUCIÓN INYECTABLE 20%","11/30/1989","CSL BEHRING S.p.A.","ALBUMINA HUMANA",""
"","B-1858/25","ALBUMINA HUMANA SOLUCIÓN INYECTABLE 20%","4/5/2005","BIOFACTOR CHILE SpA","ALBUMINA HUMANA",""
"","B-2937/22","ALBÚMINA HUMANA SOLUCIÓN INYECTABLE 20%","5/11/2022","CSL BEHRING S.p.A.","ALBUMINA HUMANA",""
"","B-2644/21","ALBUMINA SÉRICA HUMANA SOLUCIÓN INYECTABLE 20%","9/2/2016","SOCIEDAD AGENCIA DE COMPRAS INTERNACIONALES Y NACIONALES LTDA.","ALBUMINA HUMANA",""
"","B-2472/25","ALBUMINA SOLUCIÓN INYECTABLE 20%","3/16/2015","CSL BEHRING S.p.A.","ALBUMINA HUMANA",""
"","B-2337/23","ALBUNORM SOLUCIÓN INYECTABLE 20%","9/5/2013","LABORATORIO BAGÓ DE CHILE S.A.","ALBUMINA HUMANA",""
"","B-2323/23","ALBUNORM SOLUCIÓN INYECTABLE 20%","7/29/2013","LABORATORIO BAGÓ DE CHILE S.A.","ALBUMINA HUMANA",""
"","B-2958/22","ALBUNORM SOLUCIÓN INYECTABLE 20%","10/17/2022","LABORATORIO BAGÓ DE CHILE S.A.","ALBUMINA HUMANA",""
"","B-2327/23","ALBUREL SOLUCIÓN INYECTABLE 20%","7/30/2013","LIBRA CHILE S.A.","ALBUMINA HUMANA",""
"","B-1043/21","ALBUTEIN (ALBUMINA HUMANA) SOLUCIÓN PARA PERFUSIÓN 20%","10/11/1991","GRIFOLS CHILE S.A.","ALBUMINA HUMANA",""
"","B-1042/26","ALBUTEIN SOLUCIÓN PARA PERFUSIÓN 5%","1/4/1996","GRIFOLS CHILE S.A.","ALBUMINA HUMANA",""
"","F-27091/22","ALCAF LIOFILIZADO PARA SOLUCIÓN INYECTABLE 60 mg (CARFILZOMIB)","10/17/2022","LABORATORIOS ELEA CHILE S.p.A.","CARFILZOMIB",""
"","F-25920/26","ALCREM CREMA TÓPICA","1/12/2021","GALENICUM HEALTH CHILE S.p.A.","LIDOCAINA//PRILOCAINA",""
"","F-18472/26","ALDINAM COMPRIMIDOS RECUBIERTOS 100 mg (LACOSAMIDA)","1/6/2011","LABORATORIOS RECALCINE S.A.","LACOSAMIDA",""
"","F-18474/26","ALDINAM COMPRIMIDOS RECUBIERTOS 200 mg","1/6/2011","LABORATORIOS RECALCINE S.A.","LACOSAMIDA",""
"","F-18471/26","ALDINAM COMPRIMIDOS RECUBIERTOS 50 mg (LACOSAMIDA)","1/6/2011","LABORATORIOS RECALCINE S.A.","LACOSAMIDA",""
"","F-16382/22","ALDROX D COMPRIMIDOS RECUBIERTOS","10/23/2007","LABORATORIO PASTEUR S.A.","ACIDO ALENDRONICO//COLECALCIFEROL",""
"","F-13581/24","ALDROX COMPRIMIDOS RECUBIERTOS 70 mg","3/26/2004","LABORATORIO PASTEUR S.A.","ACIDO ALENDRONICO",""
"","B-2550/25","ALDURAZYME SOLUCIÓN INYECTABLE CONCENTRADA PARA INFUSIÓN 2,9 mg/ 5 mL (LARONIDASA)","10/21/2015","SANOFI-AVENTIS DE CHILE S.A.","LARONIDASA",""
"","F-23827/23","ALECENSA CÁPSULAS 150 mg ","5/25/2018","ROCHE CHILE LTDA.","ALECTINIB",""
"","F-22948/21","ALERGIOL FORTE SOLUCIÓN OFTÁLMICA 0,2% (OLOPATADINA)","8/2/2016","LABORATORIOS SMB FARMA S.A.","OLOPATADINA",""
"","F-27705/23","ALERPAST COMPRIMIDOS RECUBIERTOS 5 mg (LEVOCETIRICINA DICLORHIDRATO)","7/31/2023","LABORATORIO PASTEUR S.A.","LEVOCETIRIZINA",""
"","F-22039/25","ALERPRIV JARABE 2,5 mg/ 5 mL (LEVOCETIRIZINA DICLORHIDRATO)","8/3/2015 2:10","INTERPHARMA S.A.","LEVOCETIRIZINA",""
"","F-22020/25","ALERPRIV SOLUCIÓN PARA GOTAS ORALES 0,5% (LEVOCETERIZINA DICLORHIDRATO)","7/23/2015","INTERPHARMA S.A.","LEVOCETIRIZINA",""
"","F-23460/22","ALERVION JARABE 5 mg/ 5 mL (LEVOCETIRIZINA)","5/30/2017","OPKO CHILE S.A.","LEVOCETIRIZINA",""
"","F-25585/25","ALERXO COMPRIMIDOS RECUBIERTOS 120 mg (FEXOFENADINA CLORHIDRATO)","7/27/2020","LABORATORIO CHILE S.A.","FEXOFENADINA",""
"","F-25587/25","ALERXO FORTE COMPRIMIDOS RECUBIERTOS 180 mg (FEXOFENADINA CLORHIDRATO)","7/27/2020","LABORATORIO CHILE S.A.","FEXOFENADINA",""
"","F-2106/24","ALEXIA COMPRIMIDOS RECUBIERTOS 120 mg (FEXOFENADINA CLORHIDRATO)","9/24/1999","LABORATORIOS SAVAL S.A.","FEXOFENADINA",""
"","F-13779/24","ALEXIA FORTE COMPRIMIDOS RECUBIERTOS 180 mg (FEXOFENADINA)","6/2/2004","LABORATORIOS SAVAL S.A.","FEXOFENADINA",""
"","F-18553/21","ALEXIA SUSPENSIÓN ORAL 30 mg/5 mL","3/21/2011","LABORATORIOS SAVAL S.A.","FEXOFENADINA",""
"","F-2623/24","ALFADOXIN COMPRIMIDOS RECUBIERTOS 4 mg","12/21/1999","LABORATORIO CHILE S.A.","DOXAZOSINA",""
"","F-26500/21","ALFEXA COMPRIMIDOS RECUBIERTOS 120 mg (FEXOFENADINA CLORHIDRATO)","11/10/2021","ASCEND LABORATORIES S.p.A.","FEXOFENADINA",""
"","F-25129/24","ALFEXA COMPRIMIDOS RECUBIERTOS 180 mg (FEXOFENADINA CLORHIDRATO)","11/13/2019","ASCEND LABORATORIES S.p.A.","FEXOFENADINA",""
"","F-9431/21","ALFIN COMPRIMIDOS RECUBIERTOS 100 mg","10/22/2001","INSTITUTO SANITAS S.A.","SILDENAFILO",""
"","F-9430/21","ALFIN COMPRIMIDOS RECUBIERTOS 50 mg","10/22/2001","INSTITUTO SANITAS S.A.","SILDENAFILO",""
"","F-25560/25","ALIMTA LIOFILIZADO PARA CONCENTRADO PARA SOLUCIÓN INYECTABLE PARA PERFUSIÓN 100 mg (PEMETREXED)","7/14/2020","TECNOFARMA S.A.","PEMETREXED",""
"","F-25561/25","ALIMTA LIOFILIZADO PARA CONCENTRADO PARA SOLUCIÓN INYECTABLE PARA PERFUSIÓN 500 mg (PEMETREXED)","7/14/2020","TECNOFARMA S.A.","PEMETREXED",""
"","F-24188/23","ALIVEN 10 COMPRIMIDOS RECUBIERTOS 10 mg","10/17/2018","DEUTSCHE PHARMA S.A.","MONTELUKAST",""
"","F-23864/23","ALIVEN 4 COMPRIMIDOS MASTICABLES 4 mg","6/14/2018","DEUTSCHE PHARMA S.A.","MONTELUKAST",""
"","F-23870/23","ALIVEN 5 COMPRIMIDOS MASTICABLES 5 mg","6/14/2018","DEUTSCHE PHARMA S.A.","MONTELUKAST",""
"","F-28257/24","ALIX COMPRIMIDOS RECUBIERTOS 2,5 mg (APIXABAN)","5/3/2024","ITF - LABOMED FARMACÉUTICA LTDA.","APIXABAN",""
"","F-28258/24","ALIX COMPRIMIDOS RECUBIERTOS 5,0 mg (APIXABAN)","5/6/2024","ITF - LABOMED FARMACÉUTICA LTDA.","APIXABAN",""
"","F-25518/25","ALIZON 20 COMPRIMIDOS RECUBIERTOS","6/30/2020","LABORATORIOS SAVAL S.A.","CLORMADINONA//ETINILESTRADIOL",""
"","F-25474/25","ALIZON COMPRIMIDOS RECUBIERTOS","6/15/2020","LABORATORIOS SAVAL S.A.","CLORMADINONA//ETINILESTRADIOL",""
"","F-1420/23","ALKERAN COMPRIMIDOS RECUBIERTOS 2 mg","8/13/1968","ASPEN CHILE S.A.","MELFALAN",""
"","F-26488/21","ALKERAN LIOFILIZADO PARA SOLUCIÓN INYECTABLE 50 mg CON SOLVENTE","11/4/2021","ASPEN CHILE S.A.","MELFALAN",""
"","F-10815/21","ALLEDRYL JARABE 5 mg/5 mL","6/16/1991","LABORATORIOS PRATER S.A.","LORATADINA",""
"","F-13670/24","ALLEDRYL-D CÁPSULAS CON GRÁNULOS DE LIBERACIÓN PROLONGADA","4/28/2004","LABORATORIOS PRATER S.A.","LORATADINA//PSEUDOEFEDRINA",""
"","F-13671/24","ALLEDRYL-D JARABE","4/20/2004","LABORATORIOS PRATER S.A.","LORATADINA//PSEUDOEFEDRINA",""
"","F-777/23","ALLEGRA COMPRIMIDOS RECUBIERTOS 120 mg (FEXOFENADINA CLORHIDRATO)","8/20/1998","LABORATORIO MAVER S.A.","FEXOFENADINA",""
"","F-12446/22","ALLEGRA COMPRIMIDOS RECUBIERTOS 180 mg","10/17/2002","LABORATORIO MAVER S.A.","FEXOFENADINA",""
"","F-20670/23","ALLEGRA D COMPRIMIDOS RECUBIERTOS DE LIBERACIÓN PROLONGADA","12/17/2013 2:10","LABORATORIO MAVER S.A.","FEXOFENADINA//PSEUDOEFEDRINA",""
"","F-16679/23","ALLEGRA PEDIÁTRICO SUSPENSIÓN ORAL 30 mg/5 mL","1/31/2008","LABORATORIO MAVER S.A.","FEXOFENADINA",""
"","F-21767/25","ALMAXOL COMPRIMIDOS RECUBIERTOS 400 mg (MOXIFLOXACINO CLORHIDRATO)","3/24/2015 1:10","MINTLAB Co. S.A.","MOXIFLOXACINO",""
"","F-18667/21","ALODIL COMPRIMIDOS RECUBIERTOS 25 mg","6/2/2011","LABORATORIOS RECALCINE S.A.","AGOMELATINA",""
"","F-19188/22","ALONDRA COMPRIMIDOS RECUBIERTOS 2 mg (DIENOGEST)","1/4/2012","LABORATORIOS SILESIA S.A.","DIENOGEST",""
"","F-22871/21","ALOPEK ESPUMA TÓPICA AL 5% (MINOXIDIL)","7/12/2016 2:10","MEGALABS CHILE S.A.","MINOXIDIL",""
"","F-22175/25","ALOPEK SOLUCIÓN TÓPICA 5%","9/29/2015 1:10","MEGALABS CHILE S.A.","MINOXIDIL",""
"","F-15164/25","ALOPURINOL COMPRIMIDOS 100 mg","10/14/2005","MINTLAB Co. S.A.","ALOPURINOL",""
"","F-26212/21","ALOPURINOL COMPRIMIDOS 100 mg","6/15/2021","SEVEN PHARMA CHILE S.p.A.","ALOPURINOL",""
"","F-25738/25","ALOPURINOL COMPRIMIDOS 100 mg","10/14/2020","OPKO CHILE S.A.","ALOPURINOL",""
"","F-26213/21","ALOPURINOL COMPRIMIDOS 300 mg","6/15/2021","SEVEN PHARMA CHILE S.p.A.","ALOPURINOL",""
"","F-15166/25","ALOPURINOL COMPRIMIDOS 300 mg","10/14/2005","MINTLAB Co. S.A.","ALOPURINOL",""
"","F-25731/25","ALOPURINOL COMPRIMIDOS 300 mg","10/14/2020","OPKO CHILE S.A.","ALOPURINOL",""
"","F-29388/26","ALOPURINOL COMPRIMIDOS 300 mg","1/5/2026","SEVEN PHARMA CHILE S.p.A.","ALOPURINOL",""
"","F-24665/24","ALPHACAINE 100 SOLUCIÓN INYECTABLE","2/20/2019","DROGUERÍA GLOBAL PHARMA S.p.A.","EPINEFRINA//LIDOCAINA",""
"","F-19241/22","ALPHACAINE 2% / 1:100.000 SOLUCIÓN INYECTABLE","2/14/2012","LABORATORIO MAVER S.A.","EPINEFRINA//LIDOCAINA",""
"","F-12327/22","ALPHAGAN P SOLUCIÓN OFTÁLMICA 0,15% (BRIMONIDINA TARTRATO)","8/20/2002","ABBVIE PRODUCTOS FARMACÉUTICOS LTDA.","BRIMONIDINA",""
"","B-2182/21","ALPHANATE POLVO LIOFILIZADO PARA SOLUCIÓN INYECTABLE 1000 U.I. CON SOLVENTE","5/24/2011","GRIFOLS CHILE S.A.","FACTOR DE VON WILLEBRAND//FACTOR VIII DE COAGULACION HUMANO",""
"","B-2183/21","ALPHANATE POLVO LIOFILIZADO PARA SOLUCIÓN INYECTABLE 1500 U.I. CON SOLVENTE","5/24/2011","GRIFOLS CHILE S.A.","FACTOR DE VON WILLEBRAND//FACTOR VIII DE COAGULACION HUMANO",""
"","B-2180/21","ALPHANATE POLVO LIOFILIZADO PARA SOLUCIÓN INYECTABLE 250 U.I. CON SOLVENTE","5/24/2011","GRIFOLS CHILE S.A.","FACTOR DE VON WILLEBRAND//FACTOR VIII DE COAGULACION HUMANO",""
"","B-2181/21","ALPHANATE POLVO LIOFILIZADO PARA SOLUCIÓN INYECTABLE 500 U.I. CON SOLVENTE","5/24/2011","GRIFOLS CHILE S.A.","FACTOR DE VON WILLEBRAND//FACTOR VIII DE COAGULACION HUMANO",""
"","B-2559/25","ALPHANINE LIOFILIZADO PARA SOLUCIÓN INYECTABLE 1500 UI, CON SOLVENTE (FACTOR IX DE COAGULACIÓN HUMANO)","12/11/2015","GRIFOLS CHILE S.A.","FACTOR IX DE COAGULACIÓN HUMANO",""
"","B-2560/25","ALPHANINE LIOFILIZADO PARA SOLUCIÓN INYECTABLE 500 UI, CON SOLVENTE (FACTOR IX DE COAGULACION)","12/11/2015","GRIFOLS CHILE S.A.","FACTOR IX DE COAGULACIÓN HUMANO",""
"","B-2558/25","ALPHANINE LIOFILIZADO PARA SOLUCIÓN INYECTABLE1000 UI, CON SOLVENTE (FACTOR IX DE COAGULACIÓN HUMANO)","12/11/2015","GRIFOLS CHILE S.A.","FACTOR IX DE COAGULACIÓN HUMANO",""
"","F-23499/22","ALPROSTADIL SOLUCIÓN INYECTABLE 500 mcg/ 1 mL","8/17/2017","BPH S.A.","Alprostadil",""
"","F-27351/23","ALPROSTADIL SOLUCIÓN INYECTABLE 500 mcg/mL","2/21/2023","DIFEM LABORATORIOS S.A.","ALPROSTADIL",""
"","F-25664/25","ALPROSTADIL SOLUCIÓN INYECTABLE 500 mcg/mL","8/31/2020 1:10","REPRESENTACIONES BIOTEC S.p.A.","ALPROSTADIL",""
"","F-27914/23","ALPROSTAPINT SOLUCIÓN INYECTABLE 20 mcg / 1 mL (ALPROSTADIL)","11/7/2023","LABORATORIOS PINT-PHARMA CHILE S.p.A.","ALPROSTADIL",""
"","F-20308/23","ALPROSTAPINT SOLUCIÓN INYECTABLE 20 mcg / 1 mL (Alprostadil)","9/5/2013","LABORATORIOS PINT-PHARMA CHILE S.p.A.","ALPROSTADIL",""
"","F-25605/25","ALTAD CAPS CÁPSULAS BLANDAS 1.000 U.I. (COLECALCIFEROL)","8/3/2020","EUROFARMA CHILE SpA","COLECALCIFEROL",""
"","F-25908/26","ALTAD CAPS CÁPSULAS BLANDAS 15.000 UI (COLECALCIFEROL)","1/11/2021 2:10","EUROFARMA CHILE SpA","Colecalciferol",""
"","F-25487/25","ALTAD CAPS CÁPSULAS BLANDAS 50.000 UI (COLECALCIFEROL)","6/18/2020","EUROFARMA CHILE SpA","COLECALCIFEROL",""
"","F-15920/22","ALTAZINC COMPRIMIDOS 10 mg","1/26/2007","LABORATORIOS SAVAL S.A.","ZINC SULFATO",""
"","F-16712/23","ALTAZINC COMPRIMIDOS 15 mg","3/17/2008","LABORATORIOS SAVAL S.A.","ZINC SULFATO",""
"","F-16743/23","ALTAZINC SOLUCIÓN ORAL PARA GOTAS 5 mg/mL","3/20/2008","LABORATORIOS SAVAL S.A.","ZINC SULFATO",""
"","N-612/25","ALTOS JARABE (TOMILLO EXTRACTO FLUIDO)","5/26/2020 1:10","LABORATORIO PASTEUR S.A.","TOMILLO EXTRACTO FLUIDO",""
"","F-2556/24","ALTRULINE COMPRIMIDOS RECUBIERTOS 100 mg","12/10/1999","ASPEN CHILE S.A.","SERTRALINA",""
"","F-10592/21","ALTRULINE COMPRIMIDOS RECUBIERTOS 50 mg","7/20/1994","ASPEN CHILE S.A.","SERTRALINA",""
"","F-24078/23","ALVASTERS COMPRIMIDOS RECUBIERTOS 1 mg","9/3/2018","SEVEN PHARMA CHILE S.p.A.","FINASTERIDA",""
"","F-25657/25","ALZEILIN PARCHE TRANSDÉRMICO 4,6 mg/24 horas (RIVASTIGMINA)","8/25/2020","LABORATORIOS BOCELI SpA","RIVASTIGMINA",""
"","F-25658/25","ALZEILIN PARCHE TRANSDÉRMICO 9,5 mg/24 horas (RIVASTIGMINA)","8/25/2020","LABORATORIOS BOCELI SpA","RIVASTIGMINA",""
"","F-28356/24","ALZETIX 14/10 CÁPSULAS CON MICROGRÁNULOS DE LIBERACIÓN PROLONGADA","7/2/2024","GADOR LTDA.","DONEPEZILO//MEMANTINA",""
"","F-28459/24","AMANTREL CÁPSULAS 100 mg (AMANTADINA CLORHIDRATO)","9/2/2024","LABORATORIO BIOVAL S.p.A.","AMANTADINA",""
"","F-19772/23","AMATO COMPRIMIDOS RECUBIERTOS 100 mg","2/25/2013","EUROFARMA CHILE SpA","TOPIRAMATO",""
"","F-19773/23","AMATO COMPRIMIDOS RECUBIERTOS 50 mg","2/25/2013","EUROFARMA CHILE SpA","TOPIRAMATO",""
"","F-26008/21","AMATO COMPRIMIDOS RECUBIERTOS 25 mg (TOPIRAMATO)","3/2/2021","EUROFARMA CHILE SpA","TOPIRAMATO",""
"","F-27032/22","AMBILAN BID 400/57 POLVO PARA SUSPENSIÓN ORAL","9/5/2022","LABORATORIO CHILE S.A.","ACIDO CLAVULANICO//AMOXICILINA",""
"","F-17072/23","AMBILAN BID 875/125 COMPRIMIDOS DISPERSABLES","9/12/2008","LABORATORIO CHILE S.A.","ACIDO CLAVULANICO//AMOXICILINA",""
"","F-28305/24","AMBILAN BID 875/125 COMPRIMIDOS RECUBIERTOS","6/3/2024","LABORATORIO CHILE S.A.","ACIDO CLAVULANICO//AMOXICILINA",""
"","F-22637/21","AMBILAN BID FORTE 800/57 POLVO PARA SUSPENSION ORAL","5/3/2016","LABORATORIO CHILE S.A.","ACIDO CLAVULANICO//AMOXICILINA",""
"","F-22890/21","AMBILAN BID FORTE 800/57 POLVO PARA SUSPENSIÓN ORAL, CON SOLVENTE","7/20/2016","LABORATORIO CHILE S.A.","ACIDO CLAVULANICO//AMOXICILINA",""
"","B-2928/22","AMBISOME LIOFILIZADO PARA SOLUCIÓN PARA PERFUSIÓN 50 mg (AMFOTERICINA B LIPOSOMAL)","3/19/2022","GADOR LTDA.","AMFOTERICINA B",""
"","F-25669/25","AMBRISENTÁN COMPRIMIDOS RECUBIERTOS 10 mg","9/1/2020","INDOPHARMA S.A.","AMBRISENTAN",""
"","F-28320/24","AMBRISENTÁN COMPRIMIDOS RECUBIERTOS 10 mg","6/10/2024","LABORATORIO CHILE S.A.","AMBRISENTAN",""
"","F-27939/23","AMBRISENTÁN COMPRIMIDOS RECUBIERTOS 10 mg","11/20/2023","ALEMBIC PHARMACEUTICALS S.p.A.","AMBRISENTAN",""
"","F-28699/25","AMBRISENTÁN COMPRIMIDOS RECUBIERTOS 10 mg","1/27/2025","LABORATORIOS KAMPAR S.A.","AMBRISENTÁN",""
"","F-28698/25","AMBRISENTÁN COMPRIMIDOS RECUBIERTOS 5 mg","1/28/2025","KAMPAR S.A.","AMBRISENTÁN",""
"","F-27937/23","AMBRISENTÁN COMPRIMIDOS RECUBIERTOS 5 mg ","11/20/2023","ALEMBIC PHARMACEUTICALS S.p.A.","AMBRISENTAN",""
"","F-25663/25","AMBRISENTÁN COMPRIMIDOS RECUBIERTOS 5 mg","9/1/2020","INDOPHARMA S.A.","AMBRISENTAN",""
"","F-26761/22","AMBRIVITAE COMPRIMIDOS RECUBIERTOS 10 mg (AMBRISENTÁN)","4/25/2022","GALENICUM HEALTH CHILE S.p.A.","AMBRISENTAN",""
"","F-26618/22","AMBRIVITAE COMPRIMIDOS RECUBIERTOS 5 mg (AMBRISENTÁN)","2/2/2022","GALENICUM HEALTH CHILE S.p.A.","AMBRISENTAN",""
"","F-8714/21","AMBROXOL CLORHIDRATO JARABE 30 mg/5 mL","2/8/1990","CHEMOPHARMA S.A.","AMBROXOL",""
"","B-2248/22","AMFOTERICINA B LIOFILIZADO PARA SOLUCIÓN INYECTABLE 50 mg","3/9/2012","LABVITALIS S.A.","AMFOTERICINA B",""
"","B-3057/24","AMFOTERICINA B LIPOSOMAL LIOFILIZADO PARA DISPERSIÓN PARA PERFUSIÓN 50 mg","11/14/2024","EMCURE PHARMA CHILE S.p.A.","AMFOTERICINA B",""
"","B-2045/22","AMFOTERICINA B POLVO LIOFILIZADO PARA SOLUCIÓN INYECTABLE 50 mg","10/11/2007","LABORATORIO BIOSANO S.A.","AMFOTERICINA B",""
"","B-2761/24","AMGEVITA SOLUCION INYECTABLE 40 mg/0,8 mL (ADALIMUMAB)","7/24/2019","TECNOFARMA S.A.","ADALIMUMAB",""
"","F-7616/21","AMIKACINA SOLUCIÓN INYECTABLE 100 mg/2 mL","2/25/1993","LABORATORIO BIOSANO S.A.","AMIKACINA",""
"","F-3343/25","AMINOFILINA SOLUCIÓN INYECTABLE I.V. 250 mg/10 mL","1/24/1989","LABORATORIO BIOSANO S.A.","AMINOFILINA",""
"","F-19556/22","AMINOMUX 90 LIOFILIZADO PARA INFUSIÓN INTRAVENOSA 90 mg, CON SOLVENTE","7/23/2012 2:10","GADOR LTDA.","ACIDO PAMIDRONICO",""
"","F-18414/25","AMINOPLASMAL B E SOLUCIÓN PARA INFUSIÓN 5%","11/27/2010","B. BRAUN MEDICAL SpA","ACIDO ASPARTICO//ACIDO GLUTAMICO//ALANINA//ARGININA//FENILALANINA//GLICINA//HISTIDINA//ISOLEUCINA//LEUCINA//LISINA//MAGNESIO CLORURO//METIONINA//POTASIO ACETATO//PROLINA//SERINA//SODIO ACETATO//SODIO CLORURO//SODIO FOSFATO//SODIO HIDROXIDO//TIROSINA//TREONINA//TRIPTOFANO//VALINA",""
"","F-18316/25","AMINOPLASMAL B SOLUCIÓN PARA INFUSIÓN INTRAVENOSA 10%","9/23/2010","B. BRAUN MEDICAL SpA","ACIDO ASPARTICO//ACIDO GLUTAMICO//ALANINA//ARGININA//FENILALANINA//GLICINA//HISTIDINA//ISOLEUCINA//LEUCINA//LISINA//LISINA//METIONINA//PROLINA//SERINA//TIROSINA//TREONINA//TRIPTOFANO//VALINA",""
"","F-14879/25","AMINOPLASMAL SOLUCIÓN INYECTABLE 15%","6/29/2005","B. BRAUN MEDICAL SpA","ACETILCISTEINA//ACIDO ASPARTICO//ACIDO GLUTAMICO//ALANINA//ARGININA//FENILALANINA//GLICINA//HISTIDINA//ISOLEUCINA//LEUCINA//LISINA//METIONINA//PROLINA//SERINA//TIROSINA//TREONINA//TRIPTOFANO//VALINA",""
"","B-123/23","AMINOVEN INFANT SOLUCIÓN PARA INFUSIÓN INTRAVENOSA 10%","7/14/1998","FRESENIUS KABI CHILE LTDA.","",""
"","F-12112/23","AMINOVEN SOLUCIÓN INYECTABLE 10%","10/3/2003","FRESENIUS KABI CHILE LTDA.","ALANINA//ARGININA//FENILALANINA//GLICINA//HISTIDINA//ISOLEUCINA//LEUCINA//LISINA//METIONINA//PROLINA//SERINA//TAURINA//TIROSINA//TREONINA//TRIPTOFANO//VALINA",""
"","F-12113/23","AMINOVEN SOLUCIÓN INYECTABLE 15%","10/3/2003","FRESENIUS KABI CHILE LTDA.","ALANINA//ARGININA//FENILALANINA//GLICINA//HISTIDINA//ISOLEUCINA//LEUCINA//LISINA//METIONINA//PROLINA//SERINA//TAURINA//TIROSINA//TREONINA//TRIPTOFANO//VALINA",""
"","F-25063/24","AMINTA COMPRIMIDOS RECUBIERTOS 75 mcg (DESOGESTREL)","9/26/2019","LABORATORIOS SAVAL S.A.","DESOGESTREL",""
"","F-15646/21","AMIOCAR COMPRIMIDOS RECUBIERTOS 25 mg.","8/29/2006","LABORATORIOS RECALCINE S.A.","EPLERENONA",""
"","F-15647/21","AMIOCAR COMPRIMIDOS RECUBIERTOS 50 mg","8/29/2006","LABORATORIOS RECALCINE S.A.","EPLERENONA",""
"","F-6854/25","AMIODARONA CLORHIDRATO COMPRIMIDOS 200 mg","3/10/1988 2:10","MINTLAB Co. S.A.","AMIODARONA",""
"","F-27393/23","AMIODARONA CLORHIDRATO COMPRIMIDOS 200 mg","3/20/2023","MEDINOVA FARMA LTDA.","AMIODARONA",""
"","F-7618/21","AMIODARONA CLORHIDRATO SOLUCIÓN INYECTABLE 150 mg/3 mL","8/16/1990","LABORATORIO BIOSANO S.A.","AMIODARONA",""
"","F-28161/24","AMITRIPTILINA CLORHIDRATO COMPRIMIDOS RECUBIERTOS 25 mg","3/19/2024","ALEMBIC PHARMACEUTICALS S.p.A.","AMITRIPTILINA",""
"","F-1347/23","AMITRIPTILINA CLORHIDRATO COMPRIMIDOS RECUBIERTOS 25 mg","10/17/1968","LABORATORIO CHILE S.A.","AMITRIPTILINA",""
"","F-28557/24","AMITRIPTILINA CLORHIDRATO COMPRIMIDOS RECUBIERTOS 25mg","10/23/2024","SEVEN PHARMA CHILE S.p.A.","AMITRIPTILINA",""
"","F-24519/24","AMLIPROS 10/40 COMPRIMIDOS RECUBIERTOS","1/9/2019","ASCEND LABORATORIES S.p.A.","AMLODIPINO//OLMESARTAN MEDOXOMILO",""
"","F-23219/21","AMLIPROS 5/40 COMPRIMIDOS RECUBIERTOS","12/5/2016","ASCEND LABORATORIES S.p.A.","AMLODIPINO//OLMESARTAN MEDOXOMILO",""
"","F-22800/21","AMLODIPINO COMPRIMIDOS 10 mg","6/20/2016 2:10","SEVEN PHARMA CHILE S.p.A.","AMLODIPINO",""
"","F-26293/21","AMLODIPINO COMPRIMIDOS 10 mg","7/28/2021","MDC HEALTH S.p.A.","AMLODIPINO",""
"","F-15691/21","AMLODIPINO COMPRIMIDOS 10 mg","12/14/2006","MINTLAB Co. S.A.","AMLODIPINO",""
"","F-19665/22","AMLODIPINO COMPRIMIDOS 10 mg","11/15/2012 1:10","ASCEND LABORATORIES S.p.A.","AMLODIPINO",""
"","F-28771/25","AMLODIPINO COMPRIMIDOS 10 mg","3/25/2025","SEVEN PHARMA CHILE S.p.A.","AMLODIPINO",""
"","F-12353/22","AMLODIPINO COMPRIMIDOS 10 mg.","9/16/2002","LABORATORIO PASTEUR S.A.","AMLODIPINO",""
"","F-12352/22","AMLODIPINO COMPRIMIDOS 5 mg","9/16/2002","LABORATORIO PASTEUR S.A.","AMLODIPINO",""
"","F-15692/21","AMLODIPINO COMPRIMIDOS 5 mg","12/14/2006","MINTLAB Co. S.A.","AMLODIPINO",""
"","F-26633/22","AMLODIPINO COMPRIMIDOS 5 mg","2/9/2022","MDC HEALTH S.p.A.","AMLODIPINO",""
"","F-22799/21","AMLODIPINO COMPRIMIDOS 5 mg","6/20/2016 2:10","SEVEN PHARMA CHILE S.p.A.","AMLODIPINO",""
"","F-23832/23","AMLODIPINO COMPRIMIDOS 5 mg ","5/29/2018","ASCEND LABORATORIES S.p.A.","AMLODIPINO",""
"","F-28770/25","AMLODIPINO COMPRIMIDOS 5 mg","3/25/2025","SEVEN PHARMA CHILE S.p.A.","AMLODIPINO",""
"","F-17087/23","AMLODIPINO COMPRIMIDOS RECUBIERTOS 10 mg","9/12/2008","OPKO CHILE S.A.","AMLODIPINO",""
"","F-16872/23","AMLODIPINO COMPRIMIDOS RECUBIERTOS 5 mg","6/23/2008","OPKO CHILE S.A.","AMLODIPINO",""
"","F-22891/21","AMOBIOTIC BID 1000 POLVO PARA SUSPENSION ORAL 1000 mg/5mL, CON SOLVENTE (AMOXICILINA)","7/20/2016","LABORATORIO CHILE S.A.","AMOXICILINA",""
"","F-7126/25","AMOBIOTIC COMPRIMIDOS DISPERSABLES 1 g","10/30/2000","LABORATORIO CHILE S.A.","AMOXICILINA",""
"","F-22898/21","AMOBIOTIC POLVO PARA SUSPENSIÓN ORAL 250 mg/ 5 mL, CON SOLVENTE (AMOXICILINA)","7/21/2016","LABORATORIO CHILE S.A.","AMOXICILINA",""
"","F-8321/21","AMOBIOTIC POLVO PARA SUSPENSIÓN ORAL 250 mg/5 mL","10/1/1994","LABORATORIO CHILE S.A.","AMOXICILINA",""
"","F-22897/21","AMOBIOTIC POLVO PARA SUSPENSION ORAL 500 mg/5 mL, CON SOLVENTE (AMOXICILINA)","7/21/2016","LABORATORIO CHILE S.A.","AMOXICILINA",""
"","F-25994/21","AMOCLAV DUO 500/125 COMPRIMIDOS RECUBIERTOS (ÁCIDO CLAVULÁNICO/AMOXICILINA)","2/23/2021","SCM PHARMA S.p.A.","ACIDO CLAVULANICO//AMOXICILINA",""
"","F-11152/21","AMOFEN SUPOSITORIOS 12,5 mg","4/23/1990","LABORATORIOS RECALCINE S.A.","DICLOFENACO",""
"","F-5515/25","AMOVAL COMPRIMIDOS DISPERSABLES 1 g (AMOXICILINA)","5/26/1983","LABORATORIOS SAVAL S.A.","AMOXICILINA",""
"","F-5513/25","AMOVAL COMPRIMIDOS RECUBIERTOS 500 mg","5/26/1983 2:10","LABORATORIOS SAVAL S.A.","AMOXICILINA",""
"","F-5514/25","AMOVAL COMPRIMIDOS RECUBIERTOS 750 mg","6/16/1983 2:10","LABORATORIOS SAVAL S.A.","AMOXICILINA",""
"","F-15424/21","AMOVAL DUO 1000 POLVO PARA SUSPENSIÓN ORAL 1000 mg/5 mL CON SOLVENTE","3/10/2006","LABORATORIOS SAVAL S.A.","AMOXICILINA",""
"","F-3594/25","AMOVAL DUO 400 POLVO PARA SUSPENSIÓN ORAL 400 mg/5 mL CON SOLVENTE","5/16/2000","LABORATORIOS SAVAL S.A.","AMOXICILINA",""
"","F-10226/21","AMOVAL DÚO 800 POLVO PARA SUSPENSIÓN ORAL 800 mg/5 mL CON SOLVENTE","12/31/2001","LABORATORIOS SAVAL S.A.","AMOXICILINA",""
"","F-14423/24","AMOVAL POLVO PARA SUSPENSIÓN ORAL 250 mg/5 mL","10/21/1999","LABORATORIOS SAVAL S.A.","AMOXICILINA",""
"","F-5516/25","AMOVAL POLVO PARA SUSPENSIÓN ORAL 250 mg/5 mL CON SOLVENTE","5/27/1983 2:10","LABORATORIOS SAVAL S.A.","AMOXICILINA",""
"","F-14424/24","AMOVAL POLVO PARA SUSPENSIÓN ORAL 500 mg/5 mL","10/21/1999","LABORATORIOS SAVAL S.A.","AMOXICILINA",""
"","F-5517/25","AMOVAL POLVO PARA SUSPENSIÓN ORAL 500 mg/5 mL CON SOLVENTE","5/27/1983 2:10","LABORATORIOS SAVAL S.A.","AMOXICILINA",""
"","F-25559/25","AMOXICILINA / ÁCIDO CLAVULÁNICO 250/62,5 POLVO PARA SUSPENSIÓN ORAL ","7/14/2020","LABORATORIO HOSPIFARMA CHILE LTDA.","ACIDO CLAVULANICO//AMOXICILINA",""
"","F-25932/26","AMOXICILINA / ÁCIDO CLAVULÁNICO 250/62,5 POLVO PARA SUSPENSION ORAL","1/18/2021","INFAR S.p.A.","ACIDO CLAVULANICO//AMOXICILINA",""
"","F-23293/22","AMOXICILINA / ACIDO CLAVULANICO 500 /125 mg COMPRIMIDOS RECUBIERTOS","1/10/2017","OPKO CHILE S.A.","ACIDO CLAVULANICO//AMOXICILINA",""
"","F-25980/21","AMOXICILINA / ACIDO CLAVULANICO 500/125 COMPRIMIDOS RECUBIERTOS","2/12/2021","DIFEM LABORATORIOS S.A.","ACIDO CLAVULANICO//AMOXICILINA",""
"","F-24048/23","AMOXICILINA / ÁCIDO CLAVULÁNICO 500/125 COMPRIMIDOS RECUBIERTOS ","8/21/2018","DIFEM LABORATORIOS S.A.","ACIDO CLAVULANICO//AMOXICILINA",""
"","F-23184/21","AMOXICILINA / ÁCIDO CLAVULÁNICO 500/125 COMPRIMIDOS RECUBIERTOS","11/22/2016","ETHON PHARMACEUTICALS S.p.A.","ACIDO CLAVULANICO//AMOXICILINA",""
"","F-23185/21","AMOXICILINA / ÁCIDO CLAVULÁNICO 875/125 COMPRIMIDOS RECUBIERTOS","11/25/2016","ETHON PHARMACEUTICALS S.p.A.","ACIDO CLAVULANICO//AMOXICILINA",""
"","F-28578/24","AMOXICILINA / ÁCIDO CLAVULÁNICO 875/125 COMPRIMIDOS RECUBIERTOS","11/6/2024","MDC HEALTH S.p.A.","ACIDO CLAVULANICO//AMOXICILINA",""
"","F-24049/23","AMOXICILINA / ÁCIDO CLAVULÁNICO COMPRIMIDOS RECUBIERTOS 875 / 125","8/20/2018","DIFEM LABORATORIOS S.A.","ACIDO CLAVULANICO//AMOXICILINA",""
"","F-23749/23","AMOXICILINA CÁPSULAS 500 mg","3/22/2018","DIFEM LABORATORIOS S.A.","AMOXICILINA",""
"","F-26670/22","AMOXICILINA CÁPSULAS 500 mg ","3/8/2022","MDC HEALTH S.p.A.","AMOXICILINA",""
"","F-15189/25","AMOXICILINA CÁPSULAS 500 mg","10/31/2005","MINTLAB Co. S.A.","AMOXICILINA",""
"","F-22295/20","AMOXICILINA CÁPSULAS 500 mg","11/16/2015","OPKO CHILE S.A.","AMOXICILINA",""
"","F-6857/25","AMOXICILINA COMPRIMIDOS 750 mg","5/30/1988 2:10","MINTLAB Co. S.A.","AMOXICILINA",""
"","F-25725/25","AMOXICILINA POLVO PARA SUSPENSIÓN ORAL 250 mg/ 5 mL","10/8/2020","DIFEM LABORATORIOS S.A.","AMOXICILINA",""
"","F-27209/22","AMOXICILINA POLVO PARA SUSPENSION ORAL 250 mg/5 mL","12/7/2022","SEVEN PHARMA CHILE S.p.A.","AMOXICILINA",""
"","F-25889/25","AMOXICILINA POLVO PARA SUSPENSIÓN ORAL 250 mg/5 mL","12/28/2020","MDC HEALTH S.p.A.","AMOXICILINA",""
"","F-26249/21","AMOXICILINA POLVO PARA SUSPENSIÓN ORAL 250 mg/5 mL","7/6/2021","LABORATORIO HOSPIFARMA CHILE LTDA.","AMOXICILINA",""
"","F-22246/25","AMOXICILINA POLVO PARA SUSPENSIÓN ORAL 250 mg/5 mL","11/3/2015","OPKO CHILE S.A.","AMOXICILINA",""
"","F-15181/25","AMOXICILINA POLVO PARA SUSPENSIÓN ORAL 250 mg/5 mL","10/26/2005","MINTLAB Co. S.A.","AMOXICILINA",""
"","F-20080/23","AMOXICILINA POLVO PARA SUSPENSIÓN ORAL 500 mg / 5 mL","7/2/2013","MEDINOVA FARMA LTDA.","AMOXICILINA",""
"","F-25392/25","AMOXICILINA POLVO PARA SUSPENSIÓN ORAL 500 mg/ 5 mL","4/21/2020","DIFEM LABORATORIOS S.A.","AMOXICILINA",""
"","F-26234/21","AMOXICILINA POLVO PARA SUSPENSIÓN ORAL 500 mg/5 mL","6/24/2021","LABORATORIO HOSPIFARMA CHILE LTDA.","AMOXICILINA",""
"","F-27485/23","AMOXICILINA POLVO PARA SUSPENSIÓN ORAL 500 mg/5 mL","5/3/2023","SEVEN PHARMA CHILE S.p.A.","AMOXICILINA",""
"","F-21811/25","AMOXICILINA POLVO PARA SUSPENSIÓN ORAL 500 mg/5 mL","4/14/2015","OPKO CHILE S.A.","AMOXICILINA",""
"","F-22251/25","AMOXICILINA POLVO PARA SUSPENSIÓN ORAL 500 mg/5 mL","11/4/2015","OPKO CHILE S.A.","AMOXICILINA",""
"","F-25558/25","AMOXICILINA/ ÁCIDO CLAVULÁNICO 400/57 POLVO PARA SUSPENSIÓN ORAL","7/14/2020","LABORATORIO HOSPIFARMA CHILE LTDA.","ACIDO CLAVULANICO//AMOXICILINA",""
"","F-22101/25","AMOXICILINA/ ÁCIDO CLAVULÁNICO 800/57 POLVO PARA SUSPENSIÓN ORAL","8/27/2015 1:10","OPKO CHILE S.A.","ACIDO CLAVULANICO//AMOXICILINA",""
"","F-27694/23","AMOXICILINA/ÁCIDO CLAVULÁNICO 400/57 POLVO PARA SUSPENSIÓN ORAL","7/27/2023","SEVEN PHARMA CHILE S.p.A.","ACIDO CLAVULANICO//AMOXICILINA",""
"","F-25245/25","AMOXICILINA/ÁCIDO CLAVULANICO 875/125 COMPRIMIDOS RECUBIERTOS","1/22/2020","ASCEND LABORATORIES S.p.A.","ACIDO CLAVULANICO//AMOXICILINA",""
"","F-25247/25","AMOXICILINA/ÁCIDO CLAVULÁNICO 875/125 COMPRIMIDOS RECUBIERTOS","1/28/2020","MEDINOVA FARMA LTDA.","ACIDO CLAVULANICO//AMOXICILINA",""
"","F-22321/25","AMOXICILINA/ÁCIDO CLAVULÁNICO 875/125 COMPRIMIDOS RECUBIERTOS","12/4/2015 2:10","OPKO CHILE S.A.","ACIDO CLAVULANICO//AMOXICILINA",""
"","F-25177/24","AMOXICILINA/ACIDO CLAVULANICO COMPRIMIDOS RECUBIERTOS 500/125 mg","12/16/2019","ASCEND LABORATORIES S.p.A.","ACIDO CLAVULANICO//AMOXICILINA",""
"","F-22730/21","AMPICILINA - SULBACTAM POLVO PARA SOLUCION INYECTABLE 1,5 g","7/5/2016","LABORATORIOS RECALCINE S.A.","AMPICILINA//SULBACTAM",""
"","F-16593/22","AMPICILINA / SULBACTAM 1/ 0,5 POLVO PARA SOLUCIÓN INYECTABLE","12/13/2007","LABVITALIS S.A.","AMPICILINA//SULBACTAM",""
"","F-23247/21","AMPICILINA POLVO PARA SOLUCIÓN INYECTABLE 1 g","12/14/2016","DIFEM LABORATORIOS S.A.","AMPICILINA",""
"","F-28200/24","AMPICILINA POLVO PARA SOLUCIÓN INYECTABLE 1 g","4/8/2024","LABORATORIO BIOSANO S.A.","AMPICILINA",""
"","F-8032/21","AMPICILINA POLVO PARA SOLUCIÓN INYECTABLE 1 g","12/5/1994","BPH S.A.","AMPICILINA",""
"","F-8030/21","AMPICILINA POLVO PARA SOLUCIÓN INYECTABLE 500 mg","12/5/1994","BPH S.A.","AMPICILINA",""
"","F-23246/21","AMPICILINA POLVO PARA SOLUCIÓN INYECTABLE 500 mg","12/14/2016","DIFEM LABORATORIOS S.A.","AMPICILINA",""
"","F-20096/23","AMPICILINA POLVO PARA SOLUCIÓN INYECTABLE 500 mg","7/8/2013","LABVITALIS S.A.","AMPICILINA",""
"","F-20345/23","AMPICILINA POLVO PARA SOLUCIÓN INYECTABLE 500 mg","9/10/2013","SCM PHARMA S.p.A.","AMPICILINA",""
"","F-18271/25","AMPICILINA POLVO PARA SOLUCIÓN INYECTABLE 500 mg","9/7/2010","LABORATORIO BIOSANO S.A.","AMPICILINA",""
"","F-18178/25","AMPICILINA-SULBACTAM POLVO PARA SOLUCIÓN INYECTABLE 1,5 g","9/3/2010","LABORATORIO BIOSANO S.A.","AMPICILINA//SULBACTAM",""
"","F-21243/24","AMPICILINA-SULBACTAM POLVO PARA SOLUCIÓN INYECTABLE 1,5 g","7/14/2014","SCM PHARMA S.p.A.","AMPICILINA//SULBACTAM",""
"","F-25173/24","AMPICILINA-SULBACTAM POLVO PARA SOLUCIÓN INYECTABLE 1,5 g","12/27/2019","DIFEM LABORATORIOS S.A.","AMPICILINA//SULBACTAM",""
"","F-8273/21","AMPICILINA-SULBACTAM POLVO PARA SOLUCIÓN INYECTABLE 1,5 g","7/18/1996","BPH S.A.","AMPICILINA//SULBACTAM",""
"","F-19503/22","AMPIGRAM POLVO PARA SOLUCIÓN INYECTABLE 500 mg (AMPICILINA)","6/25/2012","LABORATORIO HOSPIFARMA CHILE LTDA.","AMPICILINA",""
"","F-19050/21","AMPLEX 10/160 COMPRIMIDOS RECUBIERTOS","11/7/2011 2:10","LABORATORIO CHILE S.A.","AMLODIPINO//VALSARTAN",""
"","F-19051/21","AMPLEX 5/160 COMPRIMIDOS RECUBIERTOS","11/7/2011 2:10","LABORATORIO CHILE S.A.","AMLODIPINO//VALSARTAN",""
"","F-11921/22","AMULSIN COMPRIMIDOS RECUBIERTOS 10 mg (OLANZAPINA)","2/15/2002","INSTITUTO SANITAS S.A.","OLANZAPINA",""
"","F-11923/22","AMULSIN COMPRIMIDOS RECUBIERTOS 5 mg","2/15/2002","INSTITUTO SANITAS S.A.","OLANZAPINA",""
"","F-4332/25","ANAFRANIL COMPRIMIDOS RECUBIERTOS DE LIBERACIÓN PROLONGADA 75 mg","5/7/1984","SANDOZ CHILE S.p.A.","CLOMIPRAMINA",""
"","F-26270/21","ANAGEN ESPUMA DÉRMICA 5% (MINOXIDIL)","7/19/2021","LABORATORIO D & M PHARMA LTDA.","MINOXIDIL",""
"","F-16967/23","ANAGENCASSARÁ LOCIÓN CAPILAR 5 %","8/1/2008","LABORATORIOS D & M PHARMA LTDA.","MINOXIDIL",""
"","F-16801/23","ANASTROZOL COMPRIMIDOS RECUBIERTOS 1 mg","5/7/2008","SYNTHON CHILE LTDA.","ANASTROZOL",""
"","F-21302/24","ANASTROZOL COMPRIMIDOS RECUBIERTOS 1 mg","8/5/2014","EUROFARMA CHILE SpA","ANASTROZOL",""
"","F-26857/22","ANASTROZOL COMPRIMIDOS RECUBIERTOS 1 mg","6/15/2022","SIAA VIDA FARMA SPA","ANASTROZOL",""
"","F-28212/24","ANASTROZOL COMPRIMIDOS RECUBIERTOS 1 mg","4/8/2024","BLAU FARMACEUTICA CHILE S.p.A.","ANASTROZOL",""
"","F-22525/21","ANASTROZOL COMPRIMIDOS RECUBIERTOS 1 mg","3/17/2016 1:10","SEVEN PHARMA CHILE S.p.A.","ANASTROZOL",""
"","F-24065/23","ANASVITAE COMPRIMIDOS RECUBIERTOS 1mg (ANASTROZOL)","8/29/2018","GALENICUM HEALTH CHILE S.p.A.","ANASTROZOL",""
"","F-24270/23","ANATERO COMPRIMIDOS RECUBIERTOS 1 mg","11/5/2018","SEVEN PHARMA CHILE S.p.A.","ANASTROZOL",""
"","F-24826/24","ANAVIR CÁPSULAS 300 mg (ATAZANAVIR)","5/8/2019","SEVEN PHARMA CHILE S.p.A.","ATAZANAVIR",""
"","F-23723/23","ANBAX COMPRIMIDOS RECUBIERTOS","2/23/2018","LABORATORIO CHILE S.A.","EMTRICITABINA//TENOFOVIR DISOPROXIL FUMARATO",""
"","B-437/24","ANBINEX LIOFILIZADO PARA SOLUCIÓN INYECTABLE 1000 U.I., CON SOLVENTE","10/7/1999","GRIFOLS CHILE S.A.","ANTITROMBINA HUMANA",""
"","B-436/24","ANBINEX LIOFILIZADO PARA SOLUCIÓN INYECTABLE 500 U.I., CON SOLVENTE","9/24/1999","GRIFOLS CHILE S.A.","ANTITROMBINA HUMANA",""
"","F-20476/23","ANDIBET COMPRIMIDOS RECUBIERTOS 500 mg","10/22/2013","CHEMOPHARMA S.A.","METFORMINA",""
"","F-12065/22","ANDIBET COMPRIMIDOS RECUBIERTOS 850 mg","4/9/2002","CHEMOPHARMA S.A.","METFORMINA",""
"","F-17509/24","ANDROGEL GEL TRANSDÉRMICO 1%","4/29/2009","LABORATORIO BIOPAS S.A.","TESTOSTERONA",""
"","F-2798/24","ANESTALCON SOLUCIÓN OFTÁLMICA 0,5%","10/1/1976","ALCON LABORATORIOS CHILE LTDA.","PROPARACAINA",""
"","F-27237/22","ANESTALCON SOLUCIÓN OFTÁLMICA 0,5% (PROPARACAINA CLORHIDRATO)","12/27/2022","ALCON LABORATORIOS CHILE LTDA.","PROPARACAINA",""
"","F-17006/23","ANFIBOL COMPRIMIDOS 5 mg","8/22/2008","LABORATORIOS RECALCINE S.A.","NEBIVOLOL",""
"","F-27615/23","ANGELIQ COMPRIMIDOS RECUBIERTOS","6/28/2023","BAYER S.A.","DROSPIRENONA//ESTRADIOL",""
"","F-26865/22","ANIDULAFUNGINA LIOFILIZADO PARA SOLUCIÓN INYECTABLE 100 mg","6/22/2022","KAMPAR S.A.","ANIDULAFUNGINA",""
"","F-26449/21","ANIDULAFUNGINA LIOFILIZADO PARA SOLUCIÓN INYECTABLE 100 mg","10/14/2021","NEOETHICALS CHILE S.p.A.","ANIDULAFUNGINA",""
"","F-27724/23","ANIDULAFUNGINA LIOFILIZADO PARA SOLUCIÓN INYECTABLE 100 mg","8/7/2023","FARMEDICAL S.p.A.","ANIDULAFUNGINA",""
"","F-25315/25","ANILERA ANILLO VAGINAL","5/20/2020","TECNOFARMA S.A.","ETINILESTRADIOL//ETONOGESTREL",""
"","F-23707/23","ANORO ELLIPTA 55/22 POLVO PARA INHALACIÓN ORAL","2/2/2018","GLAXOSMITHKLINE CHILE FARMACÉUTICA LTDA.","BROMURO DE UMECLIDINIO//VILANTEROL",""
"","F-15238/25","ANOVULATORIO COMPRIMIDOS RECUBIERTOS","12/15/2005","LABORATORIOS ANDRÓMACO S.A.","ETINILESTRADIOL//LEVONORGESTREL",""
"","F-5518/25","ANTALIN COMPRIMIDOS RECUBIERTOS (AMITRIPTILINA CLORHIDRATO/CLORDIAZEPÓXIDO CLORHIDRATO)","12/13/1983 2:10","LABORATORIOS SAVAL S.A.","AMITRIPTILINA//CLORDIAZEPOXIDO","Psicotrópico"
"","F-28405/24","ANTAXOL COMPRIMIDOS RECUBIERTOS 5 mg (APIXABÁN)","7/30/2024","LABORATORIOS SAVAL S.A.","APIXABAN",""
"","F-22823/21","ANTIVON SOLUCIÓN INYECTABLE 4 mg/2 mL (ONDANSETRÓN)","6/23/2016","PISA FARMACÉUTICA DE CHILE S.p.A.","ONDANSETRON",""
"","F-22828/21","ANTIVON SOLUCIÓN INYECTABLE 8mg/4mL","6/23/2016","PISA FARMACÉUTICA DE CHILE S.p.A.","ONDANSETRON",""
"","F-21469/24","ANTROFI CREMA VAGINAL 1%","11/10/2014","EUROFARMA CHILE SpA","PROMESTRIENO",""
"","F-10278/21","ANUAR COMPRIMIDOS RECUBIERTOS","11/15/1996","TECNOFARMA S.A.","CIPROTERONA//ETINILESTRADIOL",""
"","F-21017/24","ANULETTE 20 CD COMPRIMIDOS RECUBIERTOS","4/14/2014 1:10","LABORATORIOS SILESIA S.A.","ETINILESTRADIOL//LEVONORGESTREL",""
"","F-11458/26","ANULETTE CD COMPRIMIDOS RECUBIERTOS","1/19/1996","LABORATORIOS SILESIA S.A.","ETINILESTRADIOL//LEVONORGESTREL",""
"","F-6777/25","ANULETTE COMPRIMIDOS RECUBIERTOS","7/11/1984 2:10","LABORATORIOS SILESIA S.A.","ETINILESTRADIOL//LEVONORGESTREL",""
"","F-12693/22","ANULIT COMPRIMIDOS RECUBIERTOS 0,03 mg (LEVONORGESTREL)","12/30/2002","LABORATORIOS SILESIA S.A.","LEVONORGESTREL",""
"","N-395/25","ANXIUM CÁPSULAS 300 mg","1/25/2000","KNOP LABORATORIOS S.A.","",""
"","F-20065/23","ANZAP COMPRIMIDOS RECUBIERTOS 10 mg","6/25/2013","ASCEND LABORATORIES S.p.A.","OLANZAPINA",""
"","F-20066/23","ANZAP COMPRIMIDOS RECUBIERTOS 5 mg","6/25/2013","ASCEND LABORATORIES S.p.A.","OLANZAPINA",""
"","F-19197/22","ANZIKARE COMPRIMIDOS RECUBIERTOS 5 mg (OLANZAPINA)","1/13/2012","DR. REDDY'S LABORATORIES CHILE S.p.A.","OLANZAPINA",""
"","F-1906/24","APEPLUS COMPRIMIDOS RECUBIERTOS 1 mg","8/2/1999","LABORATORIOS LAFI LTDA.","FINASTERIDA",""
"","B-1825/24","APIDRA SOLUCIÓN INYECTABLE 100 UI/ mL","9/21/2004","SANOFI-AVENTIS DE CHILE S.A.","INSULINA",""
"","F-27886/23","APIXABAN COMPRIMIDOS RECUBIERTOS 2,5 mg","10/18/2023 0:00","PINNACLE CHILE S.p.A.","APIXABAN",""
"","F-27941/23","APIXABÁN COMPRIMIDOS RECUBIERTOS 2,5 mg","11/20/2023","SEVEN PHARMA CHILE S.p.A.","APIXABAN",""
"","F-27967/23","APIXABÁN COMPRIMIDOS RECUBIERTOS 2,5 mg","12/4/2023 0:00","SRS LIFE SCIENCES CHILE S.p.A.","APIXABAN",""
"","F-27281/23","APIXABÁN COMPRIMIDOS RECUBIERTOS 2,5 mg","1/16/2023","LIBRA CHILE S.A.","APIXABAN",""
"","F-27624/23","APIXABAN COMPRIMIDOS RECUBIERTOS 5 mg","7/4/2023","SEVEN PHARMA CHILE S.p.A.","APIXABAN",""
"","F-27887/23","APIXABAN COMPRIMIDOS RECUBIERTOS 5 mg","10/18/2023 0:00","PINNACLE CHILE S.p.A.","APIXABAN",""
"","F-27940/23","APIXABÁN COMPRIMIDOS RECUBIERTOS 5 mg","11/20/2023","SEVEN PHARMA CHILE S.p.A.","APIXABAN",""
"","F-27909/23","APIXABÁN COMPRIMIDOS RECUBIERTOS 5 mg","11/7/2023 0:00","SRS LIFE SCIENCES CHILE S.p.A.","APIXABAN",""
"","F-27282/23","APIXABÁN COMPRIMIDOS RECUBIERTOS 5 mg","1/16/2023","LIBRA CHILE S.A.","APIXABAN",""
"","F-27017/22","APIXABÁN COMPRIMIDOS RECUBIERTOS 5 mg","8/31/2022","EMCURE PHARMA CHILE S.p.A.","APIXABAN",""
"","F-12309/22","APLACID CÁPSULAS 50 mg","10/14/2002","ITF - LABOMED FARMACÉUTICA LTDA.","SULPIRIDA",""
"","F-27419/23","APRED COMPRIMIDOS RECUBIERTOS 5 mg (APIXABÁN)","4/3/2023","MSN LABS CHILE S.p.A.","APIXABAN",""
"","F-28746/25","APRETUDE COMPRIMIDOS RECUBIERTOS 30 mg","3/24/2025","GLAXOSMITHKLINE CHILE FARMACÉUTICA LTDA.","CABOTEGRAVIR SÓDICO",""
"","F-28745/25","APRETUDE SUSPENSIÓN INYECTABLE DE LIBERACIÓN PROLONGADA 600 mg/3 mL (CABOTEGRAVIR)","3/24/2025","GLAXOSMITHKLINE CHILE FARMACÉUTICA LTDA.","CABOTEGRAVIR",""
"","F-28241/24","APREZIVA CÁPSULAS 80 mg + 125 mg (APREPITANT)","4/17/2024","KAMPAR S.A.","APREPITANT",""
"","F-25555/25","APROKAM POLVO PARA SOLUCIÓN INYECTABLE 50 mg (CEFUROXIMA)","7/8/2020","THEA PHARMA S.p.A.","CEFUROXIMA",""
"","F-15396/26","AQUASOL A C D SOLUCIÓN PARA GOTAS ORALES","1/20/2006","INTERPHARMA S.A.","ACIDO ASCORBICO//ERGOCALCIFEROL//RETINOL",""
"","F-16809/23","ARCOXIA COMPRIMIDOS RECUBIERTOS 120 mg","5/21/2008","ORGANON CHILE S.p.A.","ETORICOXIB",""
"","F-22773/21","ARCOXIA COMPRIMIDOS RECUBIERTOS 60 mg (ETORICOXIB)","6/10/2016","ORGANON CHILE S.p.A.","ETORICOXIB",""
"","F-22930/21","ARCOXIA COMPRIMIDOS RECUBIERTOS 90 mg (ETORICOXIB)","7/28/2016","ORGANON CHILE S.p.A.","ETORICOXIB",""
"","B-3035/24","AREXVY LIOFILIZADO PARA SUSPENSIÓN INYECTABLE, CON SOLVENTE (VACUNA VIRUS RESPIRATORIO SINCICIAL RECOMBINANTE, ADYUVADA)","6/19/2024","GLAXOSMITHKLINE CHILE FARMACÉUTICA LTDA.","GLICOPROTEÍNA F RECOMBINANTE DEL VIRUS RESPIRATORIO SINCICIAL ESTABILIZADA EN LA CONFORMACIÓN DE PREFUSIÓN",""
"","F-23628/22","ARGIUM CÁPSULAS 200 mg","10/25/2017","LABORATORIO CHILE S.A.","Celecoxib",""
"","F-28360/24","ARGIUM CÁPSULAS 200 mg (CELECOXIB)","7/8/2024","LABORATORIO CHILE S.A.","CELECOXIB",""
"","F-24993/24","ARIANA COMPRIMIDOS RECUBIERTOS","8/8/2019","LABORATORIOS SAVAL S.A.","ESTRADIOL//NOMEGESTROL",""
"","F-23493/22","ARIPIPRAZOL COMPRIMIDOS 10 mg","6/9/2017","SEVEN PHARMA CHILE S.p.A.","Aripiprazol",""
"","F-22899/21","ARIPIPRAZOL COMPRIMIDOS 10 mg","7/25/2016","ASCEND LABORATORIES S.p.A.","ARIPIPRAZOL",""
"","F-26537/21","ARIPIPRAZOL COMPRIMIDOS 10 mg","12/13/2021","SIAA VIDA FARMA SPA","ARIPIPRAZOL",""
"","F-28524/24","ARIPIPRAZOL COMPRIMIDOS 10 mg ","10/8/2024","EXELTIS CHILE S.p.A.","ARIPIPRAZOL",""
"","F-27709/23","ARIPIPRAZOL COMPRIMIDOS 10 mg","8/2/2023","ALEMBIC PHARMACEUTICALS S.p.A.","ARIPIPRAZOL",""
"","F-27777/23","ARIPIPRAZOL COMPRIMIDOS 10 mg","8/22/2023","LABORATORIO CHILE S.A.","ARIPIPRAZOL",""
"","F-27776/23","ARIPIPRAZOL COMPRIMIDOS 15 mg","8/22/2023","LABORATORIO CHILE S.A.","ARIPIPRAZOL",""
"","F-27710/23","ARIPIPRAZOL COMPRIMIDOS 15 mg","8/2/2023","ALEMBIC PHARMACEUTICALS S.p.A.","ARIPIPRAZOL",""
"","F-26538/21","ARIPIPRAZOL COMPRIMIDOS 15 mg","12/13/2021","SIAA VIDA FARMA SPA","ARIPIPRAZOL",""
"","F-22900/21","ARIPIPRAZOL COMPRIMIDOS 15 mg","7/25/2016","ASCEND LABORATORIES S.p.A.","ARIPIPRAZOL",""
"","F-23492/22","ARIPIPRAZOL COMPRIMIDOS 15 mg","6/9/2017","SEVEN PHARMA CHILE S.p.A.","Aripiprazol",""
"","F-27708/23","ARIPIPRAZOL COMPRIMIDOS 5 mg","8/2/2023","ALEMBIC PHARMACEUTICALS S.p.A.","ARIPIPRAZOL",""
"","F-27762/23","ARIPIPRAZOL COMPRIMIDOS 5 mg","8/22/2023","LABORATORIO CHILE S.A.","ARIPIPRAZOL",""
"","F-27488/23","ARISEON COMPRIMIDOS RECUBIERTOS 10 mg (AMBRISENTÁN)","5/8/2023","EMCURE PHARMA CHILE S.p.A.","AMBRISENTAN",""
"","F-27498/23","ARISEON COMPRIMIDOS RECUBIERTOS 5 mg (AMBRISENTÁN)","5/9/2023","EMCURE PHARMA CHILE S.p.A.","AMBRISENTAN",""
"","F-23344/22","ARIVITAE COMPRIMIDOS 10 mg (ARIPIPRAZOL)","2/9/2017","GALENICUM HEALTH CHILE S.p.A.","ARIPIPRAZOL",""
"","F-23345/22","ARIVITAE COMPRIMIDOS 15 mg (ARIPIPRAZOL)","2/9/2017","GALENICUM HEALTH CHILE S.p.A.","ARIPIPRAZOL",""
"","F-25414/25","ARIVITAE COMPRIMIDOS 5 mg (ARIPIPRAZOL)","5/5/2020","GALENICUM HEALTH CHILE S.p.A.","ARIPIPRAZOL",""
"","F-12369/22","ARIXTRA SOLUCIÓN INYECTABLE 2,5 mg/0,5 mL (FONDAPARINUX SODICO)","8/27/2002","ASPEN CHILE S.A.","FONDAPARINUX",""
"","F-15895/21","ARIXTRA SOLUCIÓN INYECTABLE 7,5 mg/0,6 mL (FONDAPARINUX SÓDICA)","12/29/2006","ASPEN CHILE S.A.","FONDAPARINUX",""
"","F-24913/24","ARIZOL COMPRIMIDOS 10 mg (ARIPIPRAZOL)","6/28/2019","EXELTIS CHILE S.p.A.","Aripiprazol",""
"","F-24912/24","ARIZOL COMPRIMIDOS 5 mg (ARIPIPRAZOL)","6/28/2019","EXELTIS CHILE S.p.A.","Aripiprazol",""
"","F-26207/21","ARIZOL SOLUCIÓN ORAL 1 mg/mL (ARIPIPRAZOL)","6/14/2021","EXELTIS CHILE S.p.A.","ARIPIPRAZOL",""
"","F-12247/22","ARLETTE - 28 COMPRIMIDOS RECUBIERTOS 0,075 mg","7/25/2002","LABORATORIOS RECALCINE S.A.","DESOGESTREL",""
"","F-28145/24","ARLEVERT COMPRIMIDOS ","3/18/2024","LABORATORIO CELNOVA CHILE S.p.A.","CINARIZINA//DIMENHIDRINATO",""
"","F-7150/25","AROMASIN GRAGEAS 25 mg","11/10/2000","PFIZER CHILE S.A.","EXEMESTANO",""
"","F-23194/21","AROTEX COMPRIMIDOS RECUBIERTOS 20 mg","11/22/2016","LABORATORIOS RAFFO S.A.","PAROXETINA",""
"","F-13403/23","AROXAT CR COMPRIMIDOS CON RECUBRIMIENTO ENTÉRICO DE LIBERACIÓN PROLONGADA 12,5 mg","12/29/2003","GLAXOSMITHKLINE CHILE FARMACÉUTICA LTDA.","PAROXETINA",""
"","F-13404/23","AROXAT CR COMPRIMIDOS CON RECUBRIMIENTO ENTÉRICO DE LIBERACIÓN PROLONGADA 25 mg","12/29/2003","GLAXOSMITHKLINE CHILE FARMACÉUTICA LTDA.","PAROXETINA",""
"","F-27380/23","AROXIME COMPRIMIDOS RECUBIERTOS 20 mg (PAROXETINA)","3/14/2023","ASCEND LABORATORIES S.p.A.","PAROXETINA",""
"","F-11948/22","ARTESOL COMPRIMIDOS 100 mg","3/28/2002","LABORATORIOS RECALCINE S.A.","CILOSTAZOL",""
"","F-11947/22","ARTESOL COMPRIMIDOS 50 mg (CILOSTAZOL)","3/28/2002","LABORATORIOS RECALCINE S.A.","CILOSTAZOL",""
"","F-27552/23","ARTHEEK SP SOLUCIÓN INYECTABLE","5/30/2023","BUHOS SOCIEDAD COMERCIAL INDUSTRIAL LTDA.","ARTICAINA//EPINEFRINA",""
"","H-1107/25","ARTHROZEEL T SOLUCIÓN INYECTABLE","11/16/2005 2:10","PRODUCTOS FARMACÉUTICOS HEEL CHILE LTDA.","",""
"","F-19281/22","ARTICAÍNA CLORHIDRATO 4 % CON EPINEFRINA 1:100.000 SOLUCIÓN INYECTABLE PARA USO DENTAL","3/6/2012","LABORATORIO MAVER S.A.","ARTICAINA//EPINEFRINA",""
"","F-20111/23","ARTICAÍNA CLORHIDRATO 4% CON EPINEFRINA 1.100.000 SOLUCIÓN INYECTABLE PARA USO DENTAL","7/9/2013","IMPORTADORA SURDENT LTDA.","ARTICAINA//EPINEFRINA",""
"","F-28183/24","ARTIGLUSIT COMPRIMIDOS RECUBIERTOS 100 mg","3/27/2024","PINNACLE CHILE S.p.A.","SITAGLIPTINA",""
"","F-28446/24","ARTIGLUSIT COMPRIMIDOS RECUBIERTOS 25 mg","8/28/2024","PINNACLE CHILE S.p.A.","SITAGLIPTINA",""
"","F-28448/24","ARTIGLUSIT COMPRIMIDOS RECUBIERTOS 50 mg","8/28/2024","PINNACLE CHILE S.p.A.","SITAGLIPTINA",""
"","F-19975/23","ARTREXIB CÁPSULAS 200 mg","5/31/2013","SANDOZ CHILE S.p.A.","CELECOXIB",""
"","F-20772/24","ARTROX STAT JECT SOLUCIÓN INYECTABLE 15 mg/1,5 mL","1/14/2014","PHARMABRAND CHILE LTDA.","MELOXICAM",""
"","F-25641/25","ARZIMOL B CREMA TÓPICA","8/19/2020","LABORATORIOS RAFFO S.A.","ACIDO FUSIDICO//BETAMETASONA",""
"","F-25627/25","ARZIMOL CREMA TÓPICA 2% (ÁCIDO FUSÍDICO)","8/12/2020","LABORATORIOS RAFFO S.A.","ACIDO FUSIDICO",""
"","F-24364/23","ARZOMEBA 500/500 POLVO PARA SOLUCIÓN INYECTABLE","11/26/2018","PISA FARMACÉUTICA DE CHILE S.p.A.","CILASTATINA//IMIPENEM",""
"","F-12497/22","ASAX SOLUCIÓN ORAL 10 mg/mL","10/30/2002","LABORATORIO PASTEUR S.A.","FUROSEMIDA",""
"","F-23975/23","ASERTIA SISTEMA INTRAUTERINO 20 mcg/24 hrs (LEVONORGESTREL)","9/4/2018","LABORATORIOS RECALCINE S.A.","LEVONORGESTREL",""
"","F-17882/24","ASMAVENT SF AEROSOL PARA INHALACIÓN 100 mcg/dosis","12/16/2009","MINTLAB Co. S.A.","SALBUTAMOL",""
"","F-7450/21","ASVENTOL COMPRIMIDOS 10 mg","2/9/2001","LABORATORIO CHILE S.A.","MONTELUKAST",""
"","F-17571/24","ASVENTOL COMPRIMIDOS MASTICABLES 4 mg (MONTELUKAST)","5/20/2009","LABORATORIO CHILE S.A.","MONTELUKAST",""
"","F-7451/21","ASVENTOL COMPRIMIDOS MASTICABLES 5 mg (MONTELUKAST)","2/8/2001","LABORATORIO CHILE S.A.","MONTELUKAST",""
"","F-24106/23","ASVENTOL GRANULADO ORAL 4 mg EN SOBRES","9/10/2018","LABORATORIO CHILE S.A.","MONTELUKAST",""
"","F-19380/22","ATAC-D COMPRIMIDOS RECUBIERTOS","5/7/2012","RECBEN XENERICS FARMACÉUTICA LTDA.","NAPROXENO//PSEUDOEFEDRINA",""
"","F-21020/24","ATACAND COMPRIMIDOS 16 mg","4/8/2014","LABORATORIOS BIOPAS S.A.","CANDESARTAN",""
"","F-21086/24","ATACAND COMPRIMIDOS 8 mg","5/7/2014","LABORATORIOS BIOPAS S.A.","CANDESARTAN",""
"","F-15949/22","ATACAND PLUS 16/12,5 COMPRIMIDOS","2/16/2007","LABORATORIOS BIOPAS S.A.","CANDESARTAN//HIDROCLOROTIAZIDA",""
"","F-28088/24","ATECTURA BREEZHALER 150/160 POLVO PARA INHALACIÓN EN CÁPSULAS","2/14/2024","NOVARTIS CHILE S.A.","INDACATEROL//MOMETASONA",""
"","F-28338/24","ATECTURA BREEZHALER 150/320 POLVO PARA INHALACIÓN EN CÁPSULAS","6/26/2024","NOVARTIS CHILE S.A.","INDACATEROL//MOMETASONA",""
"","F-28087/24","ATECTURA BREEZHALER 150/80 POLVO PARA INHALACIÓN EN CÁPSULAS","2/14/2024","NOVARTIS CHILE S.A.","INDACATEROL//MOMETASONA",""
"","F-2732/24","ATEMPERATOR COMPRIMIDOS CON RECUBRIMIENTO ENTÉRICO 400 mg","12/9/1977","FERRER CHILE S.A.","ACIDO VALPROICO",""
"","F-437/23","ATEMPERATOR COMPRIMIDOS CON RECUBRIMIENTO ENTÉRICO 500 mg","4/1/1998","FERRER CHILE S.A.","ACIDO VALPROICO",""
"","F-5662/25","ATEMPERATOR SOLUCIÓN PARA GOTAS ORALES 375 mg/mL","5/26/1981","FERRER CHILE S.A.","ACIDO VALPROICO",""
"","B-3039/24","ATENFE SOLUCIÓN INYECTABLE 40 mg/0,4 mL (ADALIMUMAB)","7/26/2024","MEGALABS CHILE S.A.","Adalimumab",""
"","B-3040/24","ATENFE SOLUCIÓN INYECTABLE 80 mg/0,8 mL (ADALIMUMAB)","7/26/2024","MEGALABS CHILE S.A.","Adalimumab",""
"","F-9869/21","ATENOLOL COMPRIMIDOS 100 mg","5/25/1993","MINTLAB Co. S.A.","ATENOLOL",""
"","F-9870/21","ATENOLOL COMPRIMIDOS 50 mg","5/25/1993","MINTLAB Co. S.A.","ATENOLOL",""
"","F-8329/26","ATENOLOL COMPRIMIDOS 50 mg","1/21/1997 2:10","LABORATORIO CHILE S.A.","ATENOLOL",""
"","F-23332/22","ATENOLOL COMPRIMIDOS 50 mg","1/30/2017","OPKO CHILE S.A.","ATENOLOL",""
"","F-15201/25","ATENOLOL COMPRIMIDOS 50 mg","11/9/2005","LABORATORIOS ANDRÓMACO S.A.","ATENOLOL",""
"","F-26933/22","ATENOLOL COMPRIMIDOS RECUBIERTOS 50 mg","7/26/2022","SEVEN PHARMA CHILE S.p.A.","ATENOLOL",""
"","F-28252/24","ATENOLOL COMPRIMIDOS RECUBIERTOS 50 mg","4/26/2024","VITAFARMA S.A.","ATENOLOL",""
"","B-2418/24","ATGAM (FRACCIÓN LIOFILIZADA DE LA GLOBULINA ANTITIMOCÍTICA (ATG)/FRACCIÓN LIOFILIZADA DE ATG-REPROCESADA), SOLUCIÓN INYECTABLE 250 mg/ 5 mL","9/25/2014","PFIZER CHILE S.A.","LINFOGLOBULINA",""
"","F-25745/25","ATONOX SOLUCIÓN INYECTABLE 250 mg/ 5 mL (FULVESTRANT)","10/21/2020","EXELTIS CHILE S.p.A.","FULVESTRANT",""
"","F-26215/21","ATORVASTATINA COMPRIMIDOS RECUBIERTOS 10 mg","6/17/2021","VIVUNT PHARMA CHILE LIMITADA","ATORVASTATINA",""
"","F-26344/21","ATORVASTATINA COMPRIMIDOS RECUBIERTOS 10 mg","8/17/2021","SEVEN PHARMA CHILE S.p.A.","ATORVASTATINA",""
"","F-12238/22","ATORVASTATINA COMPRIMIDOS RECUBIERTOS 10 mg","10/1/2002","LABORATORIO PASTEUR S.A.","ATORVASTATINA",""
"","F-19646/22","ATORVASTATINA COMPRIMIDOS RECUBIERTOS 10 mg","10/24/2012","LABORATORIO CHILE S.A.","ATORVASTATINA",""
"","F-25878/25","ATORVASTATINA COMPRIMIDOS RECUBIERTOS 10 mg","12/22/2020","MSN LABS CHILE S.p.A.","ATORVASTATINA",""
"","F-23377/22","ATORVASTATINA COMPRIMIDOS RECUBIERTOS 10 mg","3/17/2017","ASCEND LABORATORIES S.p.A.","ATORVASTATINA",""
"","F-25864/25","ATORVASTATINA COMPRIMIDOS RECUBIERTOS 10 mg","12/15/2020","OPKO CHILE S.A.","ATORVASTATINA",""
"","F-25865/25","ATORVASTATINA COMPRIMIDOS RECUBIERTOS 20 mg","12/15/2020","OPKO CHILE S.A.","ATORVASTATINA",""
"","F-23376/22","ATORVASTATINA COMPRIMIDOS RECUBIERTOS 20 mg","3/17/2017","ASCEND LABORATORIES S.p.A.","ATORVASTATINA",""
"","F-19643/22","ATORVASTATINA COMPRIMIDOS RECUBIERTOS 20 mg","10/24/2012","LABORATORIO CHILE S.A.","ATORVASTATINA",""
"","F-18552/21","ATORVASTATINA COMPRIMIDOS RECUBIERTOS 20 mg","3/21/2011","OPKO CHILE S.A.","ATORVASTATINA",""
"","F-26346/21","ATORVASTATINA COMPRIMIDOS RECUBIERTOS 20 mg","8/17/2021","SEVEN PHARMA CHILE S.p.A.","ATORVASTATINA",""
"","F-26216/21","ATORVASTATINA COMPRIMIDOS RECUBIERTOS 20 mg","6/17/2021","VIVUNT PHARMA CHILE LIMITADA","ATORVASTATINA",""
"","F-26112/21","ATORVASTATINA COMPRIMIDOS RECUBIERTOS 20 mg","4/30/2021","MSN LABS CHILE S.p.A.","ATORVASTATINA",""
"","F-23581/22","ATORVASTATINA COMPRIMIDOS RECUBIERTOS 20 mg","8/30/2017","MEDINOVA FARMA LTDA.","ATORVASTATINA",""
"","F-26111/21","ATORVASTATINA COMPRIMIDOS RECUBIERTOS 40 mg","4/27/2021","MSN LABS CHILE S.p.A.","ATORVASTATINA",""
"","F-26347/21","ATORVASTATINA COMPRIMIDOS RECUBIERTOS 40 mg","8/18/2021","SEVEN PHARMA CHILE S.p.A.","ATORVASTATINA",""
"","F-26778/22","ATORVASTATINA COMPRIMIDOS RECUBIERTOS 40 mg","5/4/2022","VIVUNT PHARMA CHILE LIMITADA","ATORVASTATINA",""
"","F-19644/22","ATORVASTATINA COMPRIMIDOS RECUBIERTOS 40 mg","10/24/2012","LABORATORIO CHILE S.A.","ATORVASTATINA",""
"","F-23378/22","ATORVASTATINA COMPRIMIDOS RECUBIERTOS 40 mg","3/20/2017","ASCEND LABORATORIES S.p.A.","ATORVASTATINA",""
"","F-25863/25","ATORVASTATINA COMPRIMIDOS RECUBIERTOS 40 mg","12/14/2020","OPKO CHILE S.A.","ATORVASTATINA",""
"","F-23379/22","ATORVASTATINA COMPRIMIDOS RECUBIERTOS 80 mg","3/20/2017","ASCEND LABORATORIES S.p.A.","ATORVASTATINA",""
"","F-27845/23","ATORVASTATINA COMPRIMIDOS RECUBIERTOS 80 mg","9/25/2023","OPKO CHILE S.A.","ATORVASTATINA",""
"","F-19642/22","ATORVASTATINA COMPRIMIDOS RECUBIERTOS 80 mg","10/24/2012 2:10","LABORATORIO CHILE S.A.","ATORVASTATINA",""
"","F-27148/22","ATORVASTATINA COMPRIMIDOS RECUBIERTOS 80 mg","11/9/2022","EXELTIS CHILE S.p.A.","ATORVASTATINA",""
"","F-26348/21","ATORVASTATINA COMPRIMIDOS RECUBIERTOS 80 mg","8/18/2021","SEVEN PHARMA CHILE S.p.A.","ATORVASTATINA",""
"","F-26675/22","ATOSIBAN SOLUCIÓN INYECTABLE 37,5 mg/ 5 mL","3/14/2022","NEOETHICALS CHILE S.p.A.","ATOSIBAN",""
"","F-28303/24","ATOSIBAN SOLUCIÓN INYECTABLE 37,5 mg/ 5 mL","5/28/2024","LABORATORIOS BOCELI SpA","ATOSIBAN",""
"","F-26674/22","ATOSIBAN SOLUCIÓN INYECTABLE 6,75 mg/0,9 mL","3/14/2022","NEOETHICALS CHILE S.p.A.","ATOSIBAN",""
"","F-27681/23","ATRACURIO BESILATO SOLUCIÓN INYECTABLE 25 mg/ 2,5 mL","7/24/2023","COMERCIAL APOTECARE S.p.A.","ATRACURIO BESILATO",""
"","F-28062/24","ATRACURIO BESILATO SOLUCIÓN INYECTABLE 25 mg/2,5 mL","1/24/2024 0:00","BPH S.A.","ATRACURIO BESILATO",""
"","F-7619/21","ATRACURIO BESILATO SOLUCIÓN INYECTABLE 25 mg/2,5 mL","12/4/1995","LABORATORIO BIOSANO S.A.","ATRACURIO BESILATO",""
"","F-1161/23","ATROPINA SOLUCIÓN OFTÁLMICA 1%","1/5/1983","LABORATORIOS SAVAL S.A.","ATROPINA SULFATO",""
"","F-13505/24","ATROPINA SULFATO MONOHIDRATO SOLUCIÓN INYECTABLE 1 mg/1 mL","1/30/2004","LABORATORIO SANDERSON SpA","ATROPINA SULFATO",""
"","F-15393/21","ATROPINA SULFATO MONOHIDRATO SOLUCIÓN OFTÁLMICA 1%","1/31/2006","BPH S.A.","ATROPINA SULFATO",""
"","F-3359/25","ATROPINA SULFATO SOLUCIÓN INYECTABLE 1 mg/mL","4/17/2000","LABORATORIO BIOSANO S.A.","ATROPINA SULFATO",""
"","F-14229/24","ATROVENT HFA SOLUCIÓN EN AEROSOL PARA INHALACIÓN 20 mcg/dosis","11/8/2004","BOEHRINGER INGELHEIM LTDA.","BROMURO DE IPRATROPIO",""
"","F-8332/26","AUSENTRON 75 mg COMPRIMIDOS RECUBIERTOS DE LIBERACIÓN PROLONGADA","1/2/1995 2:10","LABORATORIO CHILE S.A.","CLOMIPRAMINA",""
"","F-8331/21","AUSENTRON COMPRIMIDOS RECUBIERTOS 25 mg","3/17/1993 2:10","LABORATORIO CHILE S.A.","CLOMIPRAMINA",""
"","F-27024/22","AUSTEDO COMPRIMIDOS RECUBIERTOS 9 mg (DEUTETRABENAZINA)","9/8/2022","LABORATORIO CHILE S.A.","DEUTETRABENAZINA",""
"","F-27023/22","AUSTEDO COMPRIMIDOS RECUBIERTOS 12 mg (DEUTETRABENAZINA)","9/8/2022","LABORATORIO CHILE S.A.","DEUTETRABENAZINA",""
"","F-27025/22","AUSTEDO COMPRIMIDOS RECUBIERTOS 6 mg (DEUTETRABENAZINA)","9/8/2022","LABORATORIO CHILE S.A.","DEUTETRABENAZINA",""
"","B-1862/25","AVASTIN CONCENTRADO PARA SOLUCIÓN PARA INFUSIÓN 100 mg/4 mL (BEVACIZUMAB)","5/16/2005","ROCHE CHILE LTDA.","BEVACIZUMAB",""
"","B-1863/25","AVASTIN CONCENTRADO PARA SOLUCIÓN PARA INFUSIÓN 400 mg/16 mL (BEVACIZUMAB)","5/16/2005","ROCHE CHILE LTDA.","BEVACIZUMAB",""
"","B-2571/25","AVAXIM 160 U VACUNA INACTIVADA CONTRA LA HEPATITIS A, ADSORBIDA","12/29/2015","SANOFI VACCINES CHILE S.A","Virus De La Hepatitis A Inactivado;Cepa Gbm",""
"","F-21693/25","AVECTAR LIOFILIZADO PARA SOLUCIÓN CONCENTRADA PARA PERFUSIÓN 100 mg (BENDAMUSTINA CLORHIDRATO)","2/18/2015","SYNTHON CHILE LTDA.","BENDAMUSTINA",""
"","F-21692/25","AVECTAR LIOFILIZADO PARA SOLUCIÓN CONCENTRADA PARA PERFUSIÓN 25 mg (BENDAMUSTINA CLORHIDRATO)","2/18/2015","SYNTHON CHILE LTDA.","BENDAMUSTINA",""
"","F-25857/25","AVELOX COMPRIMIDOS RECUBIERTOS 400 mg (MOXIFLOXACINO)","12/9/2020","BAYER S.A.","MOXIFLOXACINO",""
"","F-26171/21","AVELOX SOLUCIÓN INYECTABLE 400 mg/250 mL","5/24/2021","BAYER S.A.","MOXIFLOXACINO",""
"","F-20334/23","AVIATUS JARABE 30 mg/5mL","9/9/2013","LABORATORIOS PRATER S.A.","LEVODROPROPIZINA",""
"","F-21763/25","AVIXIS SOLUCIÓN TÓPICA 0,025% (ALFATRADIOL)","3/23/2015 1:10","GALDERMA CHILE LABORATORIOS LTDA.","ALFATRADIOL",""
"","F-20034/23","AVODART CÁPSULAS BLANDAS 0,5 mg.","6/19/2013","GLAXOSMITHKLINE CHILE FARMACÉUTICA LTDA.","DUTASTERIDA",""
"","B-2530/25","AVONEX RECOMBINANTE SOLUCIÓN INYECTABLE 6.000.000 U.I./0,5 mL (INTERFERON BETA-1A)","8/17/2015","BIOGEN CHILE S.p.A.","Interferon Beta - 1A Recombinante",""
"","F-25563/25","AVOPLOS SOLUCIÓN OFTÁLMICA 0,004% (TRAVOPROST)","7/14/2020","LABORATORIO D & M PHARMA LTDA.","TRAVOPROST",""
"","F-12669/22","AXANT SOLUCIÓN ORAL 65%","12/30/2002","MINTLAB Co. S.A.","LACTULOSA",""
"","F-18888/21","AZACIMYL LIOFILIZADO PARA SUSPENSIÓN INYECTABLE 100 mg","9/20/2011","MEGALABS CHILE S.A.","AZACITIDINA",""
"","F-25807/25","AZACITIDINA LIOFILIZADO PARA SUSPENSIÓN INYECTABLE 100 mg","11/23/2020","ALEMBIC PHARMACEUTICALS S.p.A.","AZACITIDINA",""
"","F-28539/24","AZACITIDINA LIOFILIZADO PARA SUSPENSIÓN INYECTABLE 100 mg","10/14/2024","FRESENIUS KABI CHILE LTDA.","AZACITIDINA",""
"","F-21723/25","AZACITIDINA LIOFILIZADO PARA SUSPENSIÓN INYECTABLE 100 mg","2/26/2015 2:10","LABORATORIO LKM CHILE S.p.A.","AZACITIDINA",""
"","F-27022/22","AZACITIDINA LIOFILIZADO PARA SUSPENSIÓN INYECTABLE 100 mg","8/31/2022","VESALIUS PHARMA S.A.","AZACITIDINA",""
"","F-26777/22","AZACITIDINA LIOFILIZADO PARA SUSPENSIÓN INYECTABLE 100 mg","5/3/2022","DISTRIBUIDORA SICMAFARMA CHILE SpA","AZACITIDINA",""
"","F-27472/23","AZACITIDINA LIOFILIZADO PARA SUSPENSIÓN INYECTABLE 100 mg","4/19/2023","SEVEN PHARMA CHILE S.p.A.","AZACITIDINA",""
"","F-27581/23","AZACITIDINA LIOFILIZADO PARA SUSPENSIÓN INYECTABLE 100 mg","6/13/2023","DIFEM LABORATORIOS S.A.","AZACITIDINA",""
"","F-26269/21","AZACITIDINA LIOFILIZADO PARA SUSPENSIÓN INYECTABLE 100 mg (AZACITIDINA)","7/21/2021","VIVUNT PHARMA CHILE LIMITADA","AZACITIDINA",""
"","F-25739/25","AZADUAL LIOFILIZADO PARA SUSPENSIÓN INYECTABLE 100 mg (AZACITIDINA)","10/15/2020","MSN LABS CHILE S.p.A.","AZACITIDINA",""
"","F-28609/24","AZAMEX LIOFILIZADO PARA SUSPENSIÓN INYECTABLE 100 mg (AZACITIDINA)","11/19/2024","LABORATORIO KEMEX CHILE LTDA.","AZACITIDINA",""
"","F-17777/24","AZARGA SUSPENSIÓN OFTÁLMICA","10/22/2009","NOVARTIS CHILE S.A.","BRINZOLAMIDA//TIMOLOL",""
"","F-22734/21","AZATIOPRINA COMPRIMIDOS 50 mg","5/25/2016","ASCEND LABORATORIES S.p.A.","AZATIOPRINA",""
"","F-7674/26","AZATIOPRINA COMPRIMIDOS 50 mg","1/14/1995 2:10","BPH S.A.","AZATIOPRINA",""
"","F-28244/24","AZATIOPRINA COMPRIMIDOS RECUBIERTOS 50 mg","4/18/2024","EMCURE PHARMA CHILE S.p.A.","AZATIOPRINA",""
"","F-23301/22","AZIBIOTIC COMPRIMIDOS RECUBIERTOS 500 mg (AZITROMICINA)","1/13/2017","FARMACÉUTICA ESAN LTDA.","AZITROMICINA",""
"","F-17666/24","AZIMIT COMPRIMIDOS RECUBIERTOS 500 mg","7/15/2009","INTERPHARMA S.A.","AZITROMICINA",""
"","F-22563/21","AZITHRAL COMPRIMIDOS RECUBIERTOS 500 mg","4/7/2016","ASCEND LABORATORIES S.p.A.","AZITROMICINA",""
"","F-24565/24","AZITROM CD COMPRIMIDOS DISPERSABLES 500 mg","2/4/2019 2:10","LABORATORIO CHILE S.A.","AZITROMICINA",""
"","F-8337/26","AZITROM COMPRIMIDOS RECUBIERTOS 500 mg","1/10/1996 2:10","LABORATORIO CHILE S.A.","AZITROMICINA",""
"","F-15328/25","AZITROM FORTE POLVO PARA SUSPENSIÓN ORAL 400 mg/5 mL CON SOLVENTE","12/21/2005","LABORATORIO CHILE S.A.","AZITROMICINA",""
"","F-8336/21","AZITROM POLVO PARA SUSPENSIÓN ORAL 200 mg/5 mL CON SOLVENTE (AZITROMICINA DIHIDRATO)","10/3/1995","LABORATORIO CHILE S.A.","AZITROMICINA",""
"","F-4270/25","AZITROMICINA COMPRIMIDOS RECUBIERTOS 500 mg","6/9/2000","LABORATORIO CHILE S.A.","AZITROMICINA",""
"","F-27996/23","AZITROMICINA COMPRIMIDOS RECUBIERTOS 500 mg","12/20/2023","PINNACLE CHILE S.p.A.","AZITROMICINA",""
"","F-27784/23","AZITROMICINA COMPRIMIDOS RECUBIERTOS 500 mg","8/28/2023","ALEMBIC PHARMACEUTICALS S.p.A.","AZITROMICINA",""
"","F-14422/24","AZITROMICINA COMPRIMIDOS RECUBIERTOS 500 mg","7/14/1999","MINTLAB Co. S.A.","AZITROMICINA",""
"","F-21866/25","AZITROMICINA COMPRIMIDOS RECUBIERTOS 500 mg","5/19/2015 2:10","ASCEND LABORATORIES S.p.A.","AZITROMICINA",""
"","F-25003/24","AZITROMICINA COMPRIMIDOS RECUBIERTOS 500 mg","8/26/2019","OPKO CHILE S.A.","AZITROMICINA",""
"","F-27542/23","AZITROMICINA LIOFILIZADO PARA SOLUCIÓN INYECTABLE 500 mg","5/29/2023","NEOETHICALS CHILE S.p.A.","AZITROMICINA",""
"","F-26974/22","AZITROMICINA POLVO PARA SUSPENSION ORAL 200 mg/5 mL","8/9/2022","PHARMATECH CHILE S.p.A.","AZITROMICINA",""
"","F-26681/22","AZITROMICINA POLVO PARA SUSPENSIÓN ORAL 200 mg/5 mL","3/15/2022","DROGUERÍA ETHON PHARMACEUTICALS S.p.A.","AZITROMICINA",""
"","F-24952/24","AZITROMICINA POLVO PARA SUSPENSIÓN ORAL 200 mg/5 mL","7/23/2019","LABORATORIO HOSPIFARMA CHILE LTDA.","AZITROMICINA",""
"","F-15414/21","AZITROMICINA POLVO PARA SUSPENSIÓN ORAL 200 mg/5 mL","3/8/1997","INSTITUTO SANITAS S.A.","AZITROMICINA",""
"","F-14262/24","AZITROMICINA POLVO PARA SUSPENSIÓN ORAL 200 mg/5 mL","11/24/2004","LABORATORIO CHILE S.A.","AZITROMICINA",""
"","F-1798/24","AZOPT SUSPENSIÓN OFTÁLMICA 1%","4/30/1999","NOVARTIS CHILE S.A.","BRINZOLAMIDA",""
"","F-20451/23","AZTREONAM POLVO PARA SOLUCIÓN INYECTABLE 1 g, CON SOLVENTE","10/23/2013 1:10","REPRESENTACIONES BIOTEC S.p.A.","AZTREONAM",""
"","F-26237/21","AZTREONAM POLVO PARA SOLUCIÓN INYECTABLE 1 g","6/30/2021","LABORATORIO BIOSANO S.A.","AZTREONAM",""
"","F-27226/22","AZTREONAM POLVO PARA SOLUCIÓN INYECTABLE 1 g","12/20/2022","LABVITALIS S.A.","AZTREONAM",""
"","F-20757/24","AZULFIDINE COMPRIMIDOS 500 mg","1/14/2014","PFIZER CHILE S.A.","SULFASALAZINA",""
"","F-20758/24","AZULFIDINE EN COMPRIMIDOS CON RECUBRIMIENTO ENTÉRICO 500 mg","1/14/2014","PFIZER CHILE S.A.","SULFASALAZINA",""
"","F-19315/22","AZYDROP SOLUCIÓN OFTÁLMICA 1,43%","3/22/2012","THEA PHARMA S.p.A.","Azitromicina",""
"","F-14664/25","AZYMOL COMPRIMIDOS 10 mg","8/8/2005","LABORATORIOS RECALCINE S.A.","ARIPIPRAZOL",""
"","F-14665/25","AZYMOL COMPRIMIDOS 15 mg","8/8/2005","LABORATORIOS RECALCINE S.A.","ARIPIPRAZOL",""
"","F-18468/26","AZYMOL COMPRIMIDOS 5 mg","1/12/2011","LABORATORIOS RECALCINE S.A.","ARIPIPRAZOL",""
"","F-27791/23","AZYMOL SOLUCIÓN ORAL 1 mg/mL (ARIPIPRAZOL)","8/30/2023","LABORATORIOS RECALCINE S.A.","ARIPIPRAZOL",""
"","F-26889/22","B-CANE HEAVY HIPERBÁRICA SOLUCIÓN INYECTABLE 20 mg/4 mL (BUPIVACAINA CLORHIDRATO)","7/13/2022","COMERCIAL APOTECARE S.p.A.","BUPIVACAINA",""
"","B-314/23","BACITRACINA + NEOMICINA UNGÜENTO DÉRMICO","3/1/1958","LABORATORIO CHILE S.A.","BACITRACINA//NEOMICINA",""
"","B-1039/21","BACITRACINA CON NEOMICINA UNGÜENTO DÉRMICO","4/23/2001","MINTLAB Co. S.A.","BACITRACINA//NEOMICINA",""
"","B-2500/25","BACITRACINA NEOMICINA UNGÜENTO TÓPICO","4/16/2015","LABORATORIO HOSPIFARMA CHILE LTDA.","BACITRACINA//NEOMICINA",""
"","F-24342/23","BACLAN COMPRIMIDOS 10 mg ","11/21/2018","INVERSIONES PHARMAVISAN S.A.","BACLOFENO",""
"","F-15622/21","BACLOFENO COMPRIMIDOS 10 mg","7/28/2006","PHARMAMERICA LTDA.","BACLOFENO",""
"","F-24620/24","BACLOFENO COMPRIMIDOS 10 mg","2/6/2019","REUTTER S.A.","BACLOFENO",""
"","F-25195/24","BACTAFUZ CREMA DÉRMICA 2%","12/26/2019","CONSULTORÍA INTEGRAL SOCIEDAD LTDA.","ACIDO FUSIDICO",""
"","F-2735/24","BACTEROL FORTE COMPRIMIDOS","9/25/1978","LABORATORIOS RECALCINE S.A.","SULFAMETOXAZOL//TRIMETOPRIMA",""
"","F-2737/24","BACTEROL FORTE SUSPENSIÓN ORAL","9/12/1979","LABORATORIOS RECALCINE S.A.","SULFAMETOXAZOL//TRIMETOPRIMA",""
"","F-2736/24","BACTEROL SUSPENSIÓN ORAL","5/19/1977","LABORATORIOS RECALCINE S.A.","SULFAMETOXAZOL//TRIMETOPRIMA",""
"","F-12033/22","BAGOMICINA COMPRIMIDOS RECUBIERTOS 100 mg","4/19/2002","LABORATORIO BAGÓ DE CHILE S.A.","MINOCICLINA",""
"","F-12034/22","BAGOMICINA COMPRIMIDOS RECUBIERTOS 50 mg (MINOCICLINA)","4/19/2002","LABORATORIO BAGÓ DE CHILE S.A.","MINOCICLINA",""
"","F-17375/24","BAGOMIGRAL COMPRIMIDOS RECUBIERTOS 2,5 mg","2/12/2009","LABORATORIO BAGÓ DE CHILE S.A.","NARATRIPTAN",""
"","F-493/23","BAJATEN-D 20/12,5 COMPRIMIDOS","4/27/1998","CHEMOPHARMA S.A.","ENALAPRIL//HIDROCLOROTIAZIDA",""
"","F-20460/23","BALANCE 1,5 SOLUCIÓN PARA DIÁLISIS PERITONEAL","10/21/2013","PENTAFARMA S.A.","CALCIO CLORURO//GLUCOSA//MAGNESIO CLORURO//SODIO CLORURO//SODIO LACTATO",""
"","F-20459/23","BALANCE 2,3 SOLUCIÓN PARA DIÁLISIS PERITONEAL","10/21/2013","PENTAFARMA S.A.","CALCIO CLORURO//GLUCOSA//MAGNESIO CLORURO//SODIO CLORURO//SODIO LACTATO",""
"","F-20458/23","BALANCE 4,25 SOLUCIÓN PARA DIÁLISIS PERITONEAL","10/21/2013","PENTAFARMA S.A.","CALCIO CLORURO//GLUCOSA//MAGNESIO CLORURO//SODIO CLORURO//SODIO LACTATO",""
"","F-12343/22","BALSAN CREMA TÓPICA 0,05% (CLOBETASOL)","8/29/2002","MEGALABS CHILE S.A.","CLOBETASOL",""
"","F-12342/22","BALSAN LOCIÓN CAPILAR 0,05 % (CLOBETASOL)","8/29/2002","MEGALABS CHILE S.A.","CLOBETASOL",""
"","F-26425/21","BALVERSA COMPRIMIDOS RECUBIERTOS 3 mg (ERDAFITINIB)","10/12/2021 23:00","JOHNSON & JOHNSON DE CHILE S.A.","ERDAFITINIB",""
"","F-26426/21","BALVERSA COMPRIMIDOS RECUBIERTOS 4 mg (ERDAFITINIB)","10/13/2021 0:00","JOHNSON & JOHNSON DE CHILE S.A.","ERDAFITINIB",""
"","F-26427/21","BALVERSA COMPRIMIDOS RECUBIERTOS 5 mg (ERDAFITINIB)","10/13/2021 0:00","JOHNSON & JOHNSON DE CHILE S.A.","ERDAFITINIB",""
"","F-27390/23","BAPOCIL CÁPSULAS 100 mg (PALBOCICLIB)","3/20/2023","LABORATORIO LKM CHILE S.p.A.","PALBOCICLIB",""
"","F-27391/23","BAPOCIL CÁPSULAS 125 mg (PALBOCICLIB)","3/20/2023","LABORATORIO LKM CHILE S.p.A.","PALBOCICLIB",""
"","F-27389/23","BAPOCIL CÁPSULAS 75 mg (PALBOCICLIB)","3/20/2023","LABORATORIO LKM CHILE S.p.A.","PALBOCICLIB",""
"","B-2664/22","BASAGLAR SOLUCIÓN INYECTABLE 100 U/mL (INSULINA GLARGINA)","5/30/2017","TECNOFARMA S.A.","INSULINA",""
"","B-2881/21","BASAGLAR SOLUCIÓN INYECTABLE 100 U/mL (INSULINA GLARGINA)","5/11/2021","TECNOFARMA S.A.","INSULINA",""
"","F-6863/25","BAUXOL INFANTIL JARABE","2/11/1988 2:10","MINTLAB Co. S.A.","BROMHEXINA//CLOFEDANOL",""
"","F-6862/25","BAUXOL JARABE ADULTO","2/11/1988 2:10","MINTLAB Co. S.A.","BROMHEXINA//CLOFEDANOL",""
"","B-2711/23","BAVENCIO CONCENTRADO PARA SOLUCIÓN PARA PERFUSIÓN 20 mg/mL (AVELUMAB)","8/29/2018","MERCK S.A.","AVELUMAB",""
"","F-2826/24","BAYCUTEN CREMA","5/8/1978","BAYER S.A.","CLOTRIMAZOL//DEXAMETASONA",""
"","F-27702/23","BECTACLEM CREMA TÓPICA","7/31/2023","ASCEND LABORATORIES S.p.A.","BETAMETASONA//CLOTRIMAZOL",""
"","F-10776/21","BECTAM COMPRIMIDOS RECUBIERTOS 20 mg (PAROXETINA CLORHIDRATO)","7/11/1995","ITF - LABOMED FARMACÉUTICA LTDA.","PAROXETINA",""
"","F-16900/23","BEDIATIL D 200/30 COMPRIMIDOS RECUBIERTOS","7/9/2008","LABORATORIO PASTEUR S.A.","IBUPROFENO//PSEUDOEFEDRINA",""
"","F-16901/23","BEDIATIL D FORTE 400/60 COMPRIMIDOS RECUBIERTOS","7/9/2008","LABORATORIO PASTEUR S.A.","IBUPROFENO//PSEUDOEFEDRINA",""
"","F-28439/24","BEKLOCART COMPRIMIDOS RECUBIERTOS 90 mg (TICAGRELOR)","8/30/2024","SEVEN PHARMA CHILE S.p.A.","TICAGRELOR",""
"","F-23318/22","BELARA CD COMPRIMIDOS RECUBIERTOS","1/23/2017","GRÜNENTHAL CHILENA LTDA.","CLORMADINONA//ETINILESTRADIOL",""
"","F-19909/23","BELARA COMPRIMIDOS RECUBIERTOS","4/22/2013 1:10","GRÜNENTHAL CHILENA LTDA.","CLORMADINONA//ETINILESTRADIOL",""
"","F-25028/24","BELEODAQ LIOFILIZADO PARA SOLUCIÓN INYECTABLE 500 mg (BELINOSTAT)","9/2/2019","LABORATORIOS PINT-PHARMA CHILE S.p.A.","BELINOSTAT",""
"","B-3174/25","BEMABIX CONCENTRADO PARA SOLUCIÓN PARA PERFUSIÓN 100 mg/4 mL (BEVACIZUMAB)","12/2/2025","EXELTIS CHILE S.p.A.","BEVACIZUMAB",""
"","F-21106/24","BEMETAD LIOFILIZADO PARA SOLUCIÓN INYECTABLE 500 mg","6/26/2014","SYNTHON CHILE LTDA.","PEMETREXED",""
"","F-23716/23","BEMETAD RTU SOLUCIÓN INYECTABLE 100 mg/4 mL","2/6/2018","SYNTHON CHILE LTDA.","PEMETREXED",""
"","F-23718/23","BEMETAD RTU SOLUCIÓN INYECTABLE 1000 mg / 40 mL (PEMETREXED)","2/6/2018","SYNTHON CHILE LTDA.","PEMETREXED",""
"","F-23717/23","BEMETAD RTU SOLUCIÓN INYECTABLE 500 mg/ 20 mL (PEMETREXED)","2/6/2018","SYNTHON CHILE LTDA.","PEMETREXED",""
"","B-2968/23","BEMFOLA SOLUCIÓN INYECTABLE 300 U.I. (22 mcg)/0,5 mL","3/22/2023","GEDEON RICHTER CHILE SPA","FOLITROPINA ALFA",""
"","B-2823/25","BEMFOLA SOLUCIÓN INYECTABLE 300 U.I. (22 mcg)/0,5 mL","6/22/2020","GEDEON RICHTER CHILE SPA","FOLITROPINA ALFA",""
"","B-3041/24","BEMFOLA SOLUCIÓN INYECTABLE 150 UI/0,25 mL (FOLITROPINA ALFA)","7/5/2024","GEDEON RICHTER CHILE SPA","folitropina alfa",""
"","B-3152/25","BEMFOLA SOLUCIÓN INYECTABLE 150 UI/0,25 mL (FOLITROPINA ALFA)","10/6/2025","GEDEON RICHTER CHILE SPA","FOLITROPINA ALFA",""
"","B-3042/24","BEMFOLA SOLUCIÓN INYECTABLE 225 UI/0,375 mL (FOLITROPINA ALFA)","7/5/2024","GEDEON RICHTER CHILE SPA","folitropina alfa",""
"","B-3153/25","BEMFOLA SOLUCIÓN INYECTABLE 225 UI/0,375 mL (FOLITROPINA ALFA)","10/6/2025","GEDEON RICHTER CHILE SPA","FOLITROPINA ALFA",""
"","B-2822/25","BEMFOLA SOLUCIÓN INYECTABLE 75 UI/0,125 mL (FOLITROPINA ALFA)","6/22/2020","GEDEON RICHTER CHILE SPA","FOLITROPINA ALFA",""
"","B-2967/23","BEMFOLA SOLUCIÓN INYECTABLE 75 UI/0,125 mL (FOLITROPINA ALFA)","3/22/2023","GEDEON RICHTER CHILE SPA","FOLITROPINA ALFA",""
"","B-2235/22","BENCILPENICILINA POLVO PARA SOLUCIÓN INYECTABLE 1.000.000 U.I.","3/27/2012","LABORATORIO BIOSANO S.A.","BENCILPENICILINA",""
"","B-2234/22","BENCILPENICILINA BENZATINA POLVO PARA SUSPENSIÓN INYECTABLE 1.200.000 U.I. ","1/5/2012","LABORATORIO BIOSANO S.A.","BENCILPENICILINA",""
"","B-2796/25","BENCILPENICILINA BENZATINA POLVO PARA SUSPENSIÓN INYECTABLE 1.200.000 U.I.","4/9/2020","OPKO CHILE S.A.","BENCILPENICILINA",""
"","B-565/24","BENCILPENICILINA BENZATINA POLVO PARA SUSPENSIÓN INYECTABLE 1.200.000 U.I.","12/20/1999","BPH S.A.","BENCILPENICILINA",""
"","B-2734/21","BENCILPENICILINA BENZATINA POLVO PARA SUSPENSIÓN INYECTABLE 2.400.00 U.I.","4/25/2001","BPH S.A.","BENCILPENICILINA",""
"","B-2236/22","BENCILPENICILINA POLVO PARA SOLUCION INYECTABLE 2.000.000 U.I.","3/27/2012","LABORATORIO BIOSANO S.A.","BENCILPENICILINA",""
"","B-2385/24","BENCILPENICILINA POLVO PARA SOLUCIÓN INYECTABLE 1.000.000 U.I.","4/22/2014","SCM PHARMA S.p.A.","BENCILPENICILINA",""
"","B-2386/24","BENCILPENICILINA POLVO PARA SOLUCIÓN INYECTABLE 2.000.000 U. I.","4/22/2014","SCM PHARMA S.p.A.","BENCILPENICILINA",""
"","F-21748/25","BENDAMUSTINA CLORHIDRATO LIOFILIZADO PARA SOLUCIÓN INYECTABLE 100 mg","3/17/2015 2:10","LABORATORIO LKM CHILE S.p.A.","BENDAMUSTINA",""
"","F-27668/23","BENDAMUSTINA CLORHIDRATO LIOFILIZADO PARA SOLUCIÓN INYECTABLE 100 mg","7/18/2023","SEVEN PHARMA CHILE S.p.A.","BENDAMUSTINA",""
"","F-27667/23","BENDAMUSTINA CLORHIDRATO LIOFILIZADO PARA SOLUCIÓN INYECTABLE 25 mg","7/18/2023","SEVEN PHARMA CHILE S.p.A.","BENDAMUSTINA",""
"","F-26420/21","BENDAMUSTINA CLORHIDRATO LIOFILIZADO PARA SOLUCIÓN PARA PERFUSIÓN 100 mg","9/30/2021","FRESENIUS KABI CHILE LTDA.","BENDAMUSTINA",""
"","F-22426/21","BENDAVAR LIOFILIZADO PARA SOLUCION PARA PERFUSIÓN 100 mg (BENDAMUSTINA CLORHIDRATO)","1/27/2016","VARIFARMA CHILE S.p.A.","BENDAMUSTINA",""
"","F-22427/21","BENDAVAR LIOFILIZADO PARA SOLUCIÓN PARA PERFUSIÓN 25 mg (BENDAMUSTINA CLORHIDRATO)","1/27/2016","VARIFARMA CHILE S.p.A.","BENDAMUSTINA",""
"","F-24474/23","BENDEKA SOLUCIÓN CONCENTRADA PARA PERFUSIÓN 100 mg/4mL (BENDAMUSTINA CLORHIDRATO) ","12/18/2018","LABORATORIO CHILE S.A.","BENDAMUSTINA",""
"","F-28544/24","BENDEL LIOFILIZADO PARA SOLUCIÓN INYECTABLE 25 mg (BENDAMUSTINA CLORHIDRATO)","10/15/2024","LABORATORIO KEMEX CHILE LTDA.","BENDAMUSTINA",""
"","F-25868/25","BENDEL LIOFILIZADO PARA SOLUCIÓN PARA PERFUSIÓN 100 mg (BENDAMUSTINA CLORHIDRATO)","12/14/2020","LABORATORIO KEMEX CHILE LTDA.","BENDAMUSTINA",""
"","F-27492/23","BENLIV CONCENTRADO PARA SOLUCIÓN PARA PERFUSIÓN 500 mg/5 mL (LEVETIRACETAM)","5/16/2023","EUROFARMA CHILE SpA","LEVETIRACETAM",""
"","B-2437/24","BENLYSTA RECOMBINANTE LIOFILIZADO PARA SOLUCIÓN PARA PERFUSIÓN 400 mg (BELIMUMAB)","11/26/2014","GLAXOSMITHKLINE CHILE FARMACÉUTICA LTDA.","BELIMUMAB",""
"","B-2436/24","BENLYSTA RECOMBINANTE LIOFILIZADO PARA SOLUCIÓN PARA PERFUSIÓN, 120 mg (BELIMUMAB)","11/26/2014","GLAXOSMITHKLINE CHILE FARMACÉUTICA LTDA.","BELIMUMAB",""
"","F-23923/23","BENVIR COMPRIMIDOS RECUBIERTOS 1 mg","7/12/2018","SEVEN PHARMA CHILE S.p.A.","ENTECAVIR",""
"","F-28108/24","BENZAMIL COMPRIMIDOS 16 mg (BETAHISTINA DICLORHIDRATO)","2/26/2024","LABORATORIO BAGÓ DE CHILE S.A.","BETAHISTINA",""
"","F-28106/24","BENZAMIL COMPRIMIDOS 24 mg (BETAHISTINA DICLORHIDRATO)","2/26/2024","LABORATORIO BAGÓ DE CHILE S.A.","BETAHISTINA",""
"","F-5522/25","BEOF SOLUCIÓN OFTÁLMICA AL 0,5%","3/27/1987 1:10","LABORATORIOS SAVAL S.A.","BETAXOLOL",""
"","F-9564/21","BEQUIUM JARABE","5/27/1996","LABORATORIOS SAVAL S.A.","CLORFENAMINA//CODEINA//PSEUDOEFEDRINA","Estupefaciente"
"","B-1343/21","BERIATE POLVO LIOFILIZADO PARA SOLUCIÓN INYECTABLE 1000 U.I. CON SOLVENTE","11/14/2001","CSL BEHRING S.p.A.","",""
"","B-1344/21","BERIATE POLVO LIOFILIZADO PARA SOLUCIÓN INYECTABLE 250 U.I. CON SOLVENTE","11/14/2001","CSL BEHRING S.p.A.","",""
"","B-1345/21","BERIATE POLVO LIOFILIZADO PARA SOLUCIÓN INYECTABLE 500 U.I., CON SOLVENTE (FACTOR VIII DE COAGULACIÓN HUMANO)","11/14/2001","CSL BEHRING S.p.A.","",""
"","B-2686/23","BERINERT 1500 LIOFILIZADO PARA SOLUCIÓN INYECTABLE 1500 UI, CON SOLVENTE (INHIBIDOR DE LA ESTERASA C1 HUMANO) ","1/11/2018","CSL BEHRING S.p.A.","INHIBIDOR DE C1 ESTERASA",""
"","B-2687/23","BERINERT 500 LIOFILIZADO PARA SOLUCIÓN INYECTABLE 500 UI, CON SOLVENTE (INHIBIDOR DE LA ESTERASA C1 HUMANO)","1/11/2018","CSL BEHRING S.p.A.","INHIBIDOR DE C1 ESTERASA",""
"","B-1280/21","BERIPLAST P LIOFILIZADO Y SOLUCIÓN INYECTABLE 3 mL, SET UNITARIO","6/14/1994","CSL BEHRING S.p.A.","",""
"","B-1279/21","BERIPLAST P LIOFILIZADO Y SOLUCIÓN INYECTABLE 1 mL, SET UNITARIO","6/14/1994","CSL BEHRING S.p.A.","",""
"","B-2777/24","BERIPLEX P/N 500 LIOFILIZADO PARA SOLUCIÓN INYECTABLE, CON SOLVENTE (COMPLEJO DE PROTROMBINA HUMANO)","11/13/2019","CSL BEHRING S.p.A.","FACTOR II DE LA COAGULACIÓN HUMANO;FACTOR IX DE COAGULACIÓN HUMANO;FACTOR VII DE LA COAGULACIÓN HUMANO;FACTOR X DE LA COAGULACIÓN HUMANO;PROTEINA C;PROTEINA S",""
"","F-7398/21","BEROCCA PLUS COMPRIMIDOS EFERVECENTES","1/26/2001 2:10","BAYER S.A.","ACIDO ASCORBICO//ACIDO FOLICO//BIOTINA//CALCIO CARBONATO//CALCIO PANTOTENATO//CIANOCOBALAMINA//MAGNESIO CARBONATO//MAGNESIO SULFATO//NICOTINAMIDA//PIRIDOXINA//RIBOFLAVINA//TIAMINA//ZINC CITRATO",""
"","F-7399/21","BEROCCA PLUS COMPRIMIDOS RECUBIERTOS","3/8/2001","BAYER S.A.","ACIDO ASCORBICO//ACIDO FOLICO//BIOTINA//CALCIO CARBONATO//CALCIO PANTOTENATO//CIANOCOBALAMINA//MAGNESIO CARBONATO//MAGNESIO OXIDO//NICOTINAMIDA//PIRIDOXINA//RIBOFLAVINA//TIAMINA//ZINC CITRATO",""
"","F-15122/25","BERODUAL HFA SOLUCIÓN EN AEROSOL PARA INHALACIÓN 20 mcg/50 mcg/dosis","9/28/2005","BOEHRINGER INGELHEIM LTDA.","BROMURO DE IPRATROPIO//FENOTEROL",""
"","B-2770/24","BESPONSA LIOFILIZADO PARA CONCENTRADO PARA PERFUSIÓN 1 mg","9/30/2019","PFIZER CHILE S.A.","INOTUZUMAB OZOGAMICINA",""
"","F-27048/22","BETAHISTINA COMPRIMIDOS 24 mg","9/21/2022","EUROFARMA CHILE SpA","BETAHISTINA",""
"","F-27047/22","BETAHISTINA DICLORHIDRATO COMPRIMIDOS 16 mg","9/21/2022","EUROFARMA CHILE SpA","BETAHISTINA",""
"","F-26684/22","BETAHISTINA DICLORHIDRATO COMPRIMIDOS 16 mg","3/15/2022","PINNACLE CHILE S.p.A.","BETAHISTINA",""
"","F-27900/23","BETAHISTINA DICLORHIDRATO COMPRIMIDOS 16 mg","10/30/2023","ASCEND LABORATORIES S.p.A.","BETAHISTINA",""
"","F-27901/23","BETAHISTINA DICLORHIDRATO COMPRIMIDOS 24mg","10/30/2023","ASCEND LABORATORIES S.p.A.","BETAHISTINA",""
"","F-18373/25","BETALOC ZOK 200 COMPRIMIDOS DE LIBERACIÓN PROLONGADA","11/18/2010","ASTRAZENECA S.A.","METOPROLOL",""
"","F-18372/25","BETALOC ZOK 25 COMPRIMIDOS DE LIBERACIÓN PROLONGADA","11/18/2010","ASTRAZENECA S.A.","METOPROLOL",""
"","F-16924/23","BETALOC ZOK COMPRIMIDOS DE LIBERACIÓN PROLONGADA 100 mg","7/25/2008","ASTRAZENECA S.A.","METOPROLOL",""
"","F-16923/23","BETALOC ZOK COMPRIMIDOS DE LIBERACIÓN PROLONGADA 50 mg","7/25/2008","ASTRAZENECA S.A.","METOPROLOL",""
"","F-25967/21","BETAMEC CREMA TÓPICA 0,05% (BETAMETASONA)","2/2/2021","SCM PHARMA S.p.A.","BETAMETASONA",""
"","B-981/25","BETAMETASONA - NEOMICINA UNGÜENTO DÉRMICO","8/21/1987","LABORATORIO CHILE S.A.","BETAMETASONA//NEOMICINA",""
"","F-8867/21","BETAMETASONA CREMA AL 0,05%","11/22/1991","INSTITUTO SANITAS S.A.","BETAMETASONA",""
"","F-6865/25","BETAMETASONA CREMA DÉRMICA 0,05%","4/25/1988","MINTLAB Co. S.A.","BETAMETASONA",""
"","F-26939/22","BETAMETASONA CREMA TÓPICA 0,05%","7/27/2022","ETHON PHARMACEUTICALS S.p.A.","BETAMETASONA",""
"","F-25757/25","BETAMETASONA CREMA TÓPICA 0,05%","10/27/2020","B Y B FARMACÉUTICA LTDA.","BETAMETASONA",""
"","F-3879/25","BETAMETASONA CREMA TÓPICA 0,05%","6/12/1987 2:10","LABORATORIO CHILE S.A.","BETAMETASONA",""
"","F-20960/24","BETAMETASONA CREMA TÓPICA 0,05%","3/24/2014","LABORATORIO HOSPIFARMA CHILE LTDA.","BETAMETASONA",""
"","F-21394/24","BETAMETASONA CREMA TÓPICA 0,05%","9/16/2014","OPKO CHILE S.A.","BETAMETASONA",""
"","F-25758/25","BETAMETASONA CREMA TÓPICA 0,05%","10/27/2020","ASCEND LABORATORIES S.p.A.","BETAMETASONA",""
"","F-26268/21","BETAMETASONA CREMA TÓPICA 0,05%","7/21/2021","MDC HEALTH S.p.A.","BETAMETASONA",""
"","F-26071/21","BETAMETASONA CREMA TÓPICA 0,05%","4/5/2021","WINPHARM S.p.A.","BETAMETASONA",""
"","F-20055/23","BETAMETASONA DIPROPIONATO CREMA TÓPICA 0,05%","7/1/2013 2:10","OPKO CHILE S.A.","BETAMETASONA",""
"","F-5957/25","BETAMETASONA UNGÜENTO TÓPICO 0,05%","6/12/1987 2:10","LABORATORIO CHILE S.A.","BETAMETASONA",""
"","F-1960/24","BETAPLEX COMPRIMIDOS 12,5 mg","8/13/1999 2:10","LABORATORIOS LAFI LTDA.","CARVEDILOL",""
"","F-1735/24","BETAPLEX COMPRIMIDOS 25 mg","4/16/1999","LABORATORIOS LAFI LTDA.","CARVEDILOL",""
"","F-7709/21","BETAPLEX COMPRIMIDOS 6,25 mg","5/22/2001","LABORATORIOS LAFI LTDA.","CARVEDILOL",""
"","F-19248/22","BETAPLEX CR COMPRIMIDOS RECUBIERTOS DE LIBERACIÓN PROLONGADA 10 mg","2/21/2012","LABORATORIOS LAFI LTDA.","CARVEDILOL",""
"","F-19249/22","BETAPLEX CR COMPRIMIDOS RECUBIERTOS DE LIBERACIÓN PROLONGADA 20 mg","2/21/2012","LABORATORIOS LAFI LTDA.","CARVEDILOL",""
"","F-19250/22","BETAPLEX CR COMPRIMIDOS RECUBIERTOS DE LIBERACIÓN PROLONGADA 40 mg","2/21/2012","LABORATORIOS LAFI LTDA.","CARVEDILOL",""
"","F-20399/23","BETASERC COMPRIMIDOS 16 mg","9/26/2013","ABBOTT LABORATORIES DE CHILE LTDA.","BETAHISTINA",""
"","F-20400/23","BETASERC COMPRIMIDOS 24 mg","9/27/2013","ABBOTT LABORATORIES DE CHILE LTDA.","BETAHISTINA",""
"","F-26717/22","BETAVITAE COMPRIMIDOS 16 mg (BETAHISTINA DICLORHIDRATO)","4/4/2022","GALENICUM HEALTH CHILE S.p.A.","BETAHISTINA",""
"","F-26711/22","BETAVITAE COMPRIMIDOS 24 mg (BETAHISTINA DICLORHIDRATO)","4/1/2022","GALENICUM HEALTH CHILE S.p.A.","BETAHISTINA",""
"","F-8873/21","BETAXOLOL SOLUCIÓN OFTÁLMICA 0,5%","4/23/1991","INSTITUTO SANITAS S.A.","BETAXOLOL",""
"","F-21443/24","BETINA COMPRIMIDOS 16 mg","10/8/2014","EUROFARMA CHILE SpA","BETAHISTINA",""
"","F-21442/24","BETINA COMPRIMIDOS 24 mg","10/8/2014","EUROFARMA CHILE SpA","BETAHISTINA",""
"","F-23183/21","BEVITEX COMPUESTO SOLUCIÓN PARA GOTAS ORALES","11/21/2016","LABORATORIOS PRATER S.A.","METAMIZOL MAGNESICO//PARGEVERINA",""
"","F-14580/25","BEVITEX FORTE SOLUCIÓN PARA GOTAS ORALES 10 mg/mL (PARGEVERINA CLORHIDRATO)","1/31/2005","LABORATORIOS PRATER S.A.","PARGEVERINA",""
"","F-14579/25","BEVITEX SOLUCIÓN PARA GOTAS ORALES 5 mg/mL (PARGEVERINA CLORHIDRATO)","1/31/2005","LABORATORIOS PRATER S.A.","PARGEVERINA",""
"","B-2395/24","BEXSERO VACUNA MENINGOCÓCICA MULTICOMPONENTE DEL GRUPO B, RECOMBINANTE ADSORBIDA, SUSPENSIÓN INYECTABLE","5/27/2014","GLAXOSMITHKLINE CHILE FARMACÉUTICA LTDA.","",""
"","B-3015/23","BEYFORTUS SOLUCIÓN INYECTABLE 100 mg/1 mL (NIRSEVIMAB)","12/28/2023","SANOFI VACCINES CHILE S.A","NIRSEVIMAB",""
"","B-3014/23","BEYFORTUS SOLUCIÓN INYECTABLE 50 mg/0,5 mL (NIRSEVIMAB)","12/28/2023","SANOFI VACCINES CHILE S.A","NIRSEVIMAB",""
"","F-23399/22","BIASCOR SOLUCIÓN INYECTABLE 100 mg / 20 mL (LABETALOL CLORHIDRATO)","3/24/2017","GADOR LTDA.","LABETALOL",""
"","F-24465/23","BICAHET COMPRIMIDOS RECUBIERTOS 50 mg (BICALUTAMIDA)","12/13/2018","SEVEN PHARMA CHILE S.p.A.","BICALUTAMIDA",""
"","F-17056/23","BICALUTAMIDA COMPRIMIDOS RECUBIERTOS 150 mg","9/22/2008","SYNTHON CHILE LTDA.","BICALUTAMIDA",""
"","F-17048/23","BICALUTAMIDA COMPRIMIDOS RECUBIERTOS 50 mg","9/9/2008","SYNTHON CHILE LTDA.","BICALUTAMIDA",""
"","F-22683/21","BICALUTAMIDA COMPRIMIDOS RECUBIERTOS 50 mg","5/12/2016 1:10","SEVEN PHARMA CHILE S.p.A.","BICALUTAMIDA",""
"","F-6139/25","BICARBONATO DE SODIO SOLUCIÓN INYECTABLE 5,6%","1/4/1982 2:10","LABORATORIO SANDERSON SpA","SODIO BICARBONATO",""
"","F-6138/25","BICARBONATO DE SODIO SOLUCIÓN INYECTABLE 8,4%","11/24/1989 2:10","LABORATORIO SANDERSON SpA","SODIO BICARBONATO",""
"","F-27665/23","BICARBONATO DE SODIO SOLUCIÓN INYECTABLE 8,4%","7/17/2023","COMERCIAL APOTECARE S.p.A.","SODIO BICARBONATO",""
"","F-24917/24","BICAVAN LIOFILIZADO PARA SOLUCION INYECTABLE 2,5 mg (BORTEZOMIB)","7/9/2019","SYNTHON CHILE LTDA.","BORTEZOMIB",""
"","F-19730/22","BICAVAN LIOFILIZADO PARA SOLUCIÓN INYECTABLE 3,5 mg (BORTEZOMIB)","12/26/2012","SYNTHON CHILE LTDA.","BORTEZOMIB",""
"","F-25218/25","BICAVERA 4,25% GLUCOSA, 1,75 mmol CALCIO/ L, SOLUCIÓN PARA DIÁLISIS PERITONEAL","1/13/2020","PENTAFARMA S.A.","BICARBONATO SODICO//CALCIO CLORURO//GLUCOSA//MAGNESIO CLORURO//SODIO CLORURO",""
"","F-25372/25","BICNU LIOFILIZADO PARA SOLUCIÓN INYECTABLE 100 mg, CON SOLVENTE (CARMUSTINA)","4/6/2020","EMCURE PHARMA CHILE S.p.A.","CARMUSTINA",""
"","F-27002/22","BICRINOL SUSPENSIÓN OFTÁLMICA 1%","8/22/2022","PHARMATECH CHILE S.p.A.","Brinzolamida",""
"","F-27952/23","BIENAT COMPRIMIDOS 16 mg (BETAHISTINA DICLORHIDRATO)","11/28/2023","LABORATORIO PASTEUR S.A.","BETAHISTINA",""
"","F-27938/23","BIENAT COMPRIMIDOS 24 mg (BETAHISTINA DICLORHIDRATO)","11/20/2023","LABORATORIO PASTEUR S.A.","BETAHISTINA",""
"","F-11141/21","BIFONAZOL CREMA 1%","4/29/1991","RECBEN XENERICS FARMACÉUTICA LTDA.","BIFONAZOL",""
"","F-6140/25","BIFOSFATO DE POTASIO SOLUCIÓN INYECTABLE 15%","1/27/1983 2:10","LABORATORIO SANDERSON SpA","BIFOSFATO DE POTASIO",""
"","F-24969/24","BIKTARVY COMPRIMIDOS RECUBIERTOS","7/30/2019","GADOR LTDA.","BICTEGRAVIR//EMTRICITABINA//TENOFOVIR ALAFENAMIDA FUMARATO",""
"","F-27428/23","BILAKEM COMPRIMIDOS 20 mg (BILASTINA)","4/4/2023","ASCEND LABORATORIES S.p.A.","BILASTINA",""
"","F-29362/25","BILASTINA SOLUCIÓN ORAL 2,5 mg/mL ","12/10/2025","LABORATORIOS SAVAL S.A.","BILASTINA",""
"","F-28692/25","BILASTINA COMPRIMIDOS 20 mg ","1/21/2025","LABORATORIOS SAVAL S.A.","BILASTINA",""
"","F-27264/23","BILASTINA COMPRIMIDOS 20 mg","1/4/2023","EUROFARMA CHILE SpA","BILASTINA",""
"","F-27509/23","BILASTINA COMPRIMIDOS 20 mg","5/15/2023","FAES FARMA CHILE, SALUD Y NUTRICIÓN SpA","BILASTINA",""
"","F-28693/25","BILASTINA COMPRIMIDOS BUCODISPERSABLES 10 mg","1/21/2025","LABORATORIOS SAVAL S.A.","BILASTINA",""
"","F-28757/25","BILASTINA COMPRIMIDOS BUCODISPERSABLES 10 mg","3/18/2025","FAES FARMA CHILE, SALUD Y NUTRICIÓN SpA","BILASTINA",""
"","F-27921/23","BILATEN-D 16/12,5 COMPRIMIDOS","11/9/2023","EUROFARMA CHILE SpA","CANDESARTAN//HIDROCLOROTIAZIDA",""
"","F-29390/26","BILIDREN SOLUCIÓN ORAL 2,5 mg/mL (BILASTINA)","1/6/2026","FAES FARMA CHILE, SALUD Y NUTRICIÓN SpA","BILASTINA",""
"","F-25070/24","BILIDREN SOLUCIÓN ORAL 2,5 mg/mL (BILASTINA)","10/16/2019","FAES FARMA CHILE, SALUD Y NUTRICIÓN SpA","BILASTINA",""
"","F-19020/21","BILIDREN COMPRIMIDOS 20 mg","10/26/2011 2:10","FAES FARMA CHILE, SALUD Y NUTRICIÓN SpA","BILASTINA",""
"","F-25069/24","BILIDREN COMPRIMIDOS BUCODISPERSABLES 10 mg ","10/16/2019","FAES FARMA CHILE, SALUD Y NUTRICIÓN SpA","BILASTINA",""
"","F-28343/24","BILIDREN COMPRIMIDOS BUCODISPERSABLES 20 mg (BILASTINA)","6/26/2024","FAES FARMA CHILE, SALUD Y NUTRICIÓN SpA","BILASTINA",""
"","F-27969/23","BILIDREN SOLUCIÓN OFTÁLMICA 6 mg/mL (BILASTINA)","12/14/2023 0:00","FAES FARMA CHILE, SALUD Y NUTRICIÓN SpA","BILASTINA",""
"","F-25408/25","BILIODIM LIOFILIZADO PARA SOLUCIÓN INYECTABLE 3,5 mg (BORTEZOMIB)","4/29/2020","VIVUNT PHARMA CHILE LIMITADA","BORTEZOMIB",""
"","F-28684/25","BIMATOPROST SOLUCIÓN OFTÁLMICA 0,03%","1/14/2025","DROGUERÍA ETHON PHARMACEUTICALS S.p.A.","BIMATOPROST",""
"","F-27977/23","BIMATOPROST SOLUCIÓN OFTÁLMICA 0,3 mg/mL","12/12/2023","SEVEN PHARMA CHILE S.p.A.","BIMATOPROST",""
"","F-27211/22","BIMATOPROST SOLUCIÓN OFTÁLMICA 0,3 mg/mL","12/13/2022","OPKO CHILE S.A.","BIMATOPROST",""
"","F-26369/21","BIMATOPROST SOLUCIÓN OFTÁLMICA 0,3 mg/mL","8/31/2021","SEVEN PHARMA CHILE S.p.A.","BIMATOPROST",""
"","F-26442/21","BIMATOPROST SOLUCIÓN OFTÁLMICA 0,3 mg/mL","10/12/2021","PHARMATECH CHILE S.p.A.","BIMATOPROST",""
"","F-27712/23","BIMATOPROST/TIMOLOL SOLUCIÓN OFTÁLMICA","8/1/2023","OPKO CHILE S.A.","BIMATOPROST//TIMOLOL",""
"","F-28685/25","BIMATRON SOLUCIÓN OFTÁLMICA 0,03% (BIMATOPROST)","1/14/2025","DROGUERÍA ETHON PHARMACEUTICALS S.p.A.","BIMATOPROST",""
"","F-24881/24","BINAX CÁPSULAS CON GRÁNULOS CON RECUBRIMIENTO ENTÉRICO 30 mg (Duloxetina)","6/14/2019","LABORATORIO CHILE S.A.","DULOXETINA",""
"","F-24888/24","BINAX CÁPSULAS CON GRÁNULOS CON RECUBRIMIENTO ENTÉRICO 60 mg (Duloxetina)","6/18/2019","LABORATORIO CHILE S.A.","DULOXETINA",""
"","F-26578/22","BÌNCERO 300 SOLUCIÓN INYECTABLE 32,35 g (15 g IODO)/50 mL (IOHEXOL)","1/14/2022","BIOMUNDO S.p.A.","IOHEXOL",""
"","F-26577/22","BÌNCERO 300 SOLUCIÓN INYECTABLE 64,7 g (30 g IODO)/100 mL (IOHEXOL)","1/11/2022","BIOMUNDO S.p.A.","IOHEXOL",""
"","B-2758/24","BIOBACTRO COMPRIMIDOS VAGINALES (ESTRIOL / LACTOBACILLUS ACIDOPHILUS)","6/14/2019","EXELTIS CHILE S.p.A.","ESTRIOL//LACTOBACILLUS ACIDOPHILUS",""
"","F-28623/24","BIOBET COMPRIMIDOS 16 mg (BETAHISTINA DICLORHIDRATO)","11/27/2024","LABORATORIO BIOVAL S.p.A.","BETAHISTINA",""
"","F-28587/24","BIOBET COMPRIMIDOS 24 mg (BETAHISTINA DICLORHIDRATO)","11/12/2024","LABORATORIO BIOVAL S.p.A.","BETAHISTINA",""
"","F-27943/23","BIOCAPS SHAMPOO 2% (KETOCONAZOL)","11/21/2023","HELSE LAB S.p.A.","KETOCONAZOL",""
"","F-14130/24","BIOFERR SOLUCIÓN INYECTABLE 62,5 mg/5 mL","9/3/2004","LABORATORIO BIOSANO S.A.","HIERRO GLUCONATO",""
"","F-2876/24","BIOGEL SHAMPOO 2%","12/30/1999","LABORATORIOS PRATER S.A.","KETOCONAZOL",""
"","F-3270/25","BIOGRIP CÁPSULAS","2/20/1987 2:10","INSTITUTO SANITAS S.A.","CLORFENAMINA//FENILPROPANOLAMINA//PARACETAMOL",""
"","F-11978/22","BIOGRIP FORTE COMPRIMIDOS RECUBIERTOS","3/28/2002","INSTITUTO SANITAS S.A.","CLORFENAMINA//PARACETAMOL//PSEUDOEFEDRINA",""
"","F-11979/22","BIOGRIP FORTE JARABE","3/28/2002","INSTITUTO SANITAS S.A.","CLORFENAMINA//PARACETAMOL//PSEUDOEFEDRINA",""
"","F-3269/25","BIOGRIP JARABE","2/20/1987 2:10","INSTITUTO SANITAS S.A.","CLORFENAMINA//FENILPROPANOLAMINA//PARACETAMOL",""
"","B-1958/21","BIOINSUGEN - 30/70 SUSPENSIÓN INYECTABLE 100 U.I./mL","11/2/2006","INSTITUTO SANITAS S.A.","INSULINA ISOFÁNICA HUMANA RECOMBINANTE BIFÁSICA",""
"","B-1957/21","BIOINSUGEN - N SUSPENSIÓN INYECTABLE 100 U.I./mL (INSULINA ISOFÁNICA HUMANA RECOMBINANTE BIFÁSICA)","11/2/2006","INSTITUTO SANITAS S.A.","INSULINA ISOFÁNICA HUMANA RECOMBINANTE BIFÁSICA",""
"","B-1959/21","BIOINSUGEN - R SOLUCIÓN INYECTABLE 100 U.I./mL","11/2/2006","INSTITUTO SANITAS S.A.","INSULINA HUMANA RECOMBINANTE",""
"","F-17047/23","BIOLEV COMPRIMIDOS RECUBIERTOS 50 mg (BICALUTAMIDA)","9/22/2008","SYNTHON CHILE LTDA.","BICALUTAMIDA",""
"","F-17057/23","BIOLEV COMPRIMIDOS RECUBIERTOS 150 mg","9/22/2008","SYNTHON CHILE LTDA.","BICALUTAMIDA",""
"","F-16594/22","BIOMICIN CÁPSULAS BLANDAS VAGINALES 100 mg","12/13/2007","LABORATORIO PASTEUR S.A.","CLINDAMICINA",""
"","F-26236/21","BIOMIRA SOLUCIÓN OFTÁLMICA 2% (DORZOLAMIDA)","6/29/2021","PHARMATECH CHILE S.p.A.","DORZOLAMIDA",""
"","F-26134/21","BIOMIRA T SOLUCIÓN OFTÁLMICA","5/3/2021","PHARMATECH CHILE S.p.A.","DORZOLAMIDA//TIMOLOL",""
"","F-15028/25","BIOPSOL COMPRIMIDOS 0,25 mg","8/1/2005","LABORATORIOS RECALCINE S.A.","PRAMIPEXOL",""
"","F-15029/25","BIOPSOL COMPRIMIDOS 1 mg","8/1/2005","LABORATORIOS RECALCINE S.A.","PRAMIPEXOL",""
"","F-26569/21","BÌOTY 270 SOLUCIÓN INYECTABLE 55 g (27 g IODO)/100 mL (IODIXANOL)","12/31/2021","BIOMUNDO S.p.A.","IODIXANOL",""
"","F-26565/21","BÌOTY 320 SOLUCIÓN INYECTABLE 62,5 g (32 g IODO)/100 mL (IODIXANOL)","12/31/2021","BIOMUNDO S.p.A.","IODIXANOL",""
"","F-25175/24","BIPROSEL COMPRIMIDOS RECUBIERTOS 1,25 mg (BISOPROLOL FUMARATO)","12/16/2019","ASCEND LABORATORIES S.p.A.","BISOPROLOL",""
"","F-25210/25","BIPROSEL COMPRIMIDOS RECUBIERTOS 2,5 mg (BISOPROLOL FUMARATO)","1/6/2020","ASCEND LABORATORIES S.p.A.","BISOPROLOL",""
"","F-28219/24","BIPROSEL COMPRIMIDOS RECUBIERTOS 2,5 mg (BISOPROLOL FUMARATO)","4/9/2024","ASCEND LABORATORIES S.p.A.","BISOPROLOL",""
"","F-28220/24","BIPROSEL COMPRIMIDOS RECUBIERTOS 5 mg (BISOPROLOL FUMARATO)","4/9/2024","ASCEND LABORATORIES S.p.A.","BISOPROLOL",""
"","F-25117/24","BIPROSEL COMPRIMIDOS RECUBIERTOS 5 mg (BISOPROLOL FUMARATO)","11/11/2019","ASCEND LABORATORIES S.p.A.","BISOPROLOL",""
"","B-2751/24","BISINTEX LIOFILIZADO PARA SOLUCIÓN PARA PERFUSIÓN 440 mg, CON SOLVENTE","3/4/2019","LABORATORIOS RECALCINE S.A.","TRASTUZUMAB",""
"","F-26245/21","BISOCOR COMPRIMIDOS RECUBIERTOS 1,25 mg (BISOPROLOL FUMARATO)","7/5/2021","MERCK S.A.","BISOPROLOL",""
"","F-26246/21","BISOCOR COMPRIMIDOS RECUBIERTOS 2,5 mg (BISOPROLOL FUMARATO)","7/5/2021","MERCK S.A.","BISOPROLOL",""
"","F-26247/21","BISOCOR COMRPIMIDOS RECUBIERTOS 5 mg (BISOPROLOL FUMARATO)","7/5/2021","MERCK S.A.","BISOPROLOL",""
"","F-27152/22","BISOPRIL COMPRIMIDOS RECUBIERTOS 1,25 mg (BISOPROLOL FUMARATO)","11/14/2022","EUROFARMA CHILE SpA","BISOPROLOL",""
"","F-27153/22","BISOPRIL COMPRIMIDOS RECUBIERTOS 2,5 mg (BISOPROLOL FUMARATO)","11/14/2022","EUROFARMA CHILE SpA","BISOPROLOL",""
"","F-27135/22","BISOPRIL COMPRIMIDOS RECUBIERTOS 5 mg (BISOPROLOL)","11/7/2022","EUROFARMA CHILE SpA","BISOPROLOL",""
"","F-25211/25","BISOPROLOL FUMARATO COMPRIMIDOS RECUBIERTOS 1,25 mg","1/7/2020","ASCEND LABORATORIES S.p.A.","BISOPROLOL",""
"","F-24450/23","BISOPROLOL FUMARATO COMPRIMIDOS 10 mg","12/11/2018","LABORATORIO CHILE S.A.","BISOPROLOL",""
"","F-24451/23","BISOPROLOL FUMARATO COMPRIMIDOS 2,5 mg","12/11/2018","LABORATORIO CHILE S.A.","BISOPROLOL",""
"","F-24452/23","BISOPROLOL FUMARATO COMPRIMIDOS 5 mg","12/11/2018","LABORATORIO CHILE S.A.","BISOPROLOL",""
"","F-26784/22","BISOPROLOL FUMARATO COMPRIMIDOS RECUBIERTOS 10 mg","5/17/2022","PINNACLE CHILE S.p.A.","BISOPROLOL",""
"","F-28286/24","BISOPROLOL FUMARATO COMPRIMIDOS RECUBIERTOS 10 mg ","5/8/2024","SEVEN PHARMA CHILE S.p.A.","BISOPROLOL",""
"","F-28213/24","BISOPROLOL FUMARATO COMPRIMIDOS RECUBIERTOS 2,5 mg ","4/9/2024","SEVEN PHARMA CHILE S.p.A.","BISOPROLOL",""
"","F-28217/24","BISOPROLOL FUMARATO COMPRIMIDOS RECUBIERTOS 2,5 mg","4/9/2024","ASCEND LABORATORIES S.p.A.","BISOPROLOL",""
"","F-28240/24","BISOPROLOL FUMARATO COMPRIMIDOS RECUBIERTOS 2,5 mg","4/16/2024","COMERCIAL APOTECARE S.p.A.","BISOPROLOL",""
"","F-26952/22","BISOPROLOL FUMARATO COMPRIMIDOS RECUBIERTOS 2,5 mg","8/2/2022","ETHON PHARMACEUTICALS S.p.A.","BISOPROLOL",""
"","F-26693/22","BISOPROLOL FUMARATO COMPRIMIDOS RECUBIERTOS 2,5 mg","3/22/2022","MDC HEALTH S.p.A.","BISOPROLOL",""
"","F-25206/25","BISOPROLOL FUMARATO COMPRIMIDOS RECUBIERTOS 2,5 mg ","1/6/2020","ASCEND LABORATORIES S.p.A.","BISOPROLOL",""
"","F-26709/22","BISOPROLOL FUMARATO COMPRIMIDOS RECUBIERTOS 5 mg","3/29/2022","MDC HEALTH S.p.A.","BISOPROLOL",""
"","F-26953/22","BISOPROLOL FUMARATO COMPRIMIDOS RECUBIERTOS 5 mg","8/2/2022","ETHON PHARMACEUTICALS S.p.A.","BISOPROLOL",""
"","F-28237/24","BISOPROLOL FUMARATO COMPRIMIDOS RECUBIERTOS 5 mg","4/16/2024","COMERCIAL APOTECARE S.p.A.","BISOPROLOL",""
"","F-28218/24","BISOPROLOL FUMARATO COMPRIMIDOS RECUBIERTOS 5 mg","4/9/2024","ASCEND LABORATORIES S.p.A.","BISOPROLOL",""
"","F-28201/24","BISOPROLOL FUMARATO COMPRIMIDOS RECUBIERTOS 5 mg ","4/3/2024","SEVEN PHARMA CHILE S.p.A.","BISOPROLOL",""
"","F-25237/25","BISOPROLOL FUMARATO COMPRIMIDOS RECUBIERTOS 5 mg","1/21/2020","ASCEND LABORATORIES S.p.A.","BISOPROLOL",""
"","F-26361/21","BISOVITAE COMPRIMIDOS 2,5 mg (BISOPROLOL FUMARATO)","8/31/2021","GALENICUM HEALTH CHILE S.p.A.","BISOPROLOL",""
"","F-26367/21","BISOVITAE COMPRIMIDOS 5 mg (BISOPROLOL FUMARATO)","8/31/2021","GALENICUM HEALTH CHILE S.p.A.","BISOPROLOL",""
"","F-27637/23","BITERA TUTEUR COMPRIMIDOS 250 mg (ABIRATERONA ACETATO)","7/10/2023","ASKENY CHILE S.p.A.","ABIRATERONA",""
"","F-26044/21","BLACIDEC COMPRIMIDOS RECUBIERTOS 10 mg (SOLIFENACINA SUCCINATO )","3/24/2021","MSN LABS CHILE S.p.A.","SOLIFENACINA",""
"","F-26043/21","BLACIDEC COMPRIMIDOS RECUBIERTOS 5 mg (SOLIFENACINA SUCCINATO)","3/24/2021","MSN LABS CHILE S.p.A.","SOLIFENACINA",""
"","F-15612/21","BLADURIL COMPRIMIDOS RECUBIERTOS 200 mg","6/28/2006","TECNOFARMA S.A.","FLAVOXATO",""
"","B-2911/21","BLAUBIMAX SOLUCIÓN INYECTABLE 20% (ALBÚMINA HUMANA)","10/20/2021","BLAU FARMACEUTICA CHILE S.p.A.","ALBUMINA HUMANA",""
"","B-2955/22","BLAUIMUNO SOLUCIÓN INYECTABLE 50 mg/mL (INMUNOGLOBULINA HUMANA NORMAL PARA ADMINISTRACIÓN INTRAVENOSA)","9/21/2022","BLAU FARMACEUTICA CHILE S.p.A.","INMUNOGLOBULINA HUMANA NORMAL",""
"","B-2085/24","BLAUTRIM SOLUCIÓN INYECTABLE 300 mcg/1 mL","7/17/2009","BLAU FARMACEUTICA CHILE S.p.A.","FILGRASTIM",""
"","F-21445/24","BLAXITEC COMPRIMIDOS 20 mg (BILASTINA)","10/11/2014","LABORATORIOS SAVAL S.A.","BILASTINA",""
"","F-27137/22","BLAXITEC ODT COMPRIMIDOS BUCODISPERSABLES 10 mg (BILASTINA)","11/7/2022","LABORATORIOS SAVAL S.A.","BILASTINA",""
"","B-149/23","BLEOMICINA LIOFILIZADO PARA SOLUCIÓN INYECTABLE 15 U","9/4/1998","BPH S.A.","BLEOMICINA",""
"","B-3067/25","BLEOMICINA SULFATO LIOFILIZADO PARA SOLUCIÓN INYECTABLE 15 UI","1/23/2025","LABORATORIO KEMEX CHILE LTDA.","BLEOMICINA LIOFILIZADO PARA SOLUCIÓN INYECTABLE 15 UI",""
"","F-26591/22","BLEXIT COMPRIMIDOS RECUBIERTOS 0,5 mg (BREXPIPRAZOL)","1/19/2022","LABORATORIO CHILE S.A.","BREXPIPRAZOL",""
"","F-26592/22","BLEXIT COMPRIMIDOS RECUBIERTOS 1 mg (BREXPIPRAZOL)","1/19/2022","LABORATORIO CHILE S.A.","BREXPIPRAZOL",""
"","F-26593/22","BLEXIT COMPRIMIDOS RECUBIERTOS 2 mg (BREXPIPRAZOL)","1/19/2022","LABORATORIO CHILE S.A.","BREXPIPRAZOL",""
"","F-26594/22","BLEXIT COMPRIMIDOS RECUBIERTOS 3 mg (BREXPIPRAZOL)","1/19/2022","LABORATORIO CHILE S.A.","BREXPIPRAZOL",""
"","F-26595/22","BLEXIT COMPRIMIDOS RECUBIERTOS 4 mg (BREXPIPRAZOL)","1/19/2022","LABORATORIO CHILE S.A.","BREXPIPRAZOL",""
"","B-2904/21","BLINCYTO LIOFILIZADO PARA CONCENTRADO PARA SOLUCIÓN PARA PERFUSIÓN 35 mcg y SOLUCIÓN ESTABILIZADORA (BLINATUMOMAB)","8/4/2021","TECNOFARMA S.A.","BLINATUMOMAB",""
"","F-21901/25","BLISSEL GEL VAGINAL 0,005 % (ESTRIOL)","6/10/2015 2:10","ITF - LABOMED FARMACÉUTICA LTDA.","ESTRIOL",""
"","F-1933/24","BLONAX COMPRIMIDOS RECUBIERTOS 125 mg","7/30/1999","MINTLAB Co. S.A.","CLONIXINIO",""
"","F-8662/21","BLOX - D 16/12,5 COMPRIMIDOS (CANDESARTÁN CILEXETILO / HIDROCLOROTIAZIDA)","8/1/2001","EUROLAB LTDA.","CANDESARTÁN CILEXETILO//HIDROCLOROTIAZIDA",""
"","F-12253/22","BLOX - D 32/12,5 COMPRIMIDOS","6/28/2002","EUROLAB LTDA.","CANDESARTAN//HIDROCLOROTIAZIDA",""
"","F-7115/25","BLOX - D 8/12,5 COMPRIMIDOS","10/30/2000","EUROLAB LTDA.","CANDESARTAN//HIDROCLOROTIAZIDA",""
"","F-27257/23","BLOX AM 16/10 CÁPSULAS","1/12/2023","EUROLAB LTDA.","AMLODIPINO//CANDESARTAN",""
"","F-27256/23","BLOX AM 16/5 CÁPSULAS","1/12/2023","EUROLAB LTDA.","AMLODIPINO//CANDESARTAN",""
"","F-27254/23","BLOX AM 8/10 CÁPSULAS","1/12/2023","EUROLAB LTDA.","AMLODIPINO//CANDESARTAN",""
"","F-27252/23","BLOX AM 8/5 CÁPSULAS","1/12/2023","EUROLAB LTDA.","AMLODIPINO//CANDESARTAN",""
"","F-2715/24","BLOX COMPRIMIDOS 16 mg (CANDESARTAN)","12/30/1999","EUROLAB LTDA.","CANDESARTAN",""
"","F-21816/25","BLOX COMPRIMIDOS 32 mg (CANDESARTAN)","4/16/2015","EUROLAB LTDA.","CANDESARTAN",""
"","F-2716/24","BLOX COMPRIMIDOS 8 mg (CANDESARTAN)","12/30/1999","EUROLAB LTDA.","CANDESARTAN",""
"","F-24375/23","BODACLER LIOFILIZADO PARA SOLUCIÓN INYECTABLE 100 mg, CON SOLVENTE(Carmustina).","11/27/2018","LABORATORIO KEMEX CHILE LTDA.","CARMUSTINA",""
"","F-26570/22","BONAVID CÁPSULAS BLANDAS 50.000 UI (COLECALCIFEROL)","1/3/2022","LABORATORIO PASTEUR S.A.","COLECALCIFEROL",""
"","F-22489/21","BONAVID SOLUCIÓN ORAL PARA GOTAS 300.000 U.I./2 mL","3/8/2016","LABORATORIO PASTEUR S.A.","COLECALCIFEROL",""
"","F-28285/24","BONJESTA 20/20 COMPRIMIDOS RECUBIERTOS DE LIBERACIÓN PROLONGADA ","5/27/2024","EXELTIS CHILE S.p.A.","DOXILAMINA//PIRIDOXINA",""
"","B-2597/21","BOOSTRIX VACUNA COMBINADA ADSORBIDA CONTRA DIFTERIA, TÉTANOS Y PERTUSSIS ACELULAR, SUSPENSIÓN INYECTABLE","3/2/2016","GLAXOSMITHKLINE CHILE FARMACÉUTICA LTDA.","",""
"","F-24129/23","BORTEZOMIB LIOFILIZADO PARA SOLUCIÓN INYECTABLE 3,5 mg","9/26/2018","MSN LABS CHILE S.p.A.","BORTEZOMIB",""
"","F-22952/21","BORTEZOMIB LIOFILIZADO PARA SOLUCIÓN INYECTABLE 3,5 mg","8/3/2016 2:10","SEVEN PHARMA CHILE S.p.A.","BORTEZOMIB",""
"","F-24094/23","BORTEZOMIB LIOFILIZADO PARA SOLUCIÓN INYECTABLE 3,5 mg","9/10/2018","ALEMBIC PHARMACEUTICALS S.p.A.","BORTEZOMIB",""
"","F-26026/21","BORTEZOMIB LIOFILIZADO PARA SOLUCIÓN INYECTABLE 3,5 mg ","3/16/2021","LABORATORIO BIOSANO S.A.","BORTEZOMIB",""
"","F-26211/21","BORTEZOMIB LIOFILIZADO PARA SOLUCIÓN INYECTABLE 3,5 mg","6/15/2021","DISTRIBUIDORA SICMAFARMA CHILE SpA","BORTEZOMIB",""
"","F-25306/25","BORTEZOMIB LIOFILIZADO PARA SOLUCIÓN INYECTABLE 3,5 mg","2/18/2020","FRESENIUS KABI CHILE LTDA.","BORTEZOMIB",""
"","F-21483/24","BORTEZOMIB LIOFILIZADO PARA SOLUCIÓN INYECTABLE 3,5 mg (BORTEZOMIB)","10/28/2014","LIBRA CHILE S.A.","BORTEZOMIB",""
"","F-25200/25","BOSENTÁN COMPRIMIDOS RECUBIERTOS 125 mg","1/7/2020","INDOPHARMA S.A.","BOSENTAN",""
"","F-27785/23","BOSULIF COMPRIMIDOS RECUBIERTOS 100 mg (BOSUTINIB)","8/28/2023","PFIZER CHILE S.A.","BOSUTINIB",""
"","F-25680/25","BOSULIF COMPRIMIDOS RECUBIERTOS 400 mg (BOSUTINIB)","9/9/2020","PFIZER CHILE S.A.","BOSUTINIB",""
"","F-27786/23","BOSULIF COMPRIMIDOS RECUBIERTOS 500 mg (BOSUTINIB)","8/28/2023","PFIZER CHILE S.A.","BOSUTINIB",""
"","F-25816/25","BOSUTINIB COMPRIMIDOS RECUBIERTOS 100 mg","11/24/2020","MSN LABS CHILE S.p.A.","BOSUTINIB",""
"","F-25817/25","BOSUTINIB COMPRIMIDOS RECUBIERTOS 500 mg","11/24/2020","MSN LABS CHILE S.p.A.","BOSUTINIB",""
"","B-1397/21","BOTOX POLVO PARA SOLUCIÓN INYECTABLE 100 U (ONABOTULINUM TOXINA)","3/3/1994","ABBVIE PRODUCTOS FARMACÉUTICOS LTDA.","ONABOTULINUM TOXINA",""
"","B-2176/21","BOTOX POLVO PARA SOLUCIÓN INYECTABLE 200 U (ONABOTULINUM TOXINA)","4/20/2011","ABBVIE PRODUCTOS FARMACÉUTICOS LTDA.","ONABOTULINUM TOXINA",""
"","B-2175/21","BOTOX POLVO PARA SOLUCIÓN INYECTABLE 50 U (ONABOTULINUM TOXINA)","4/20/2011","ABBVIE PRODUCTOS FARMACÉUTICOS LTDA.","ONABOTULINUM TOXINA",""
"","F-24114/23","BOZOB LIOFILIZADO PARA SOLUCIÓN INYECTABLE 3,5 mg (BORTEZOMIB)","9/25/2018","LABORATORIO LKM CHILE S.p.A.","BORTEZOMIB",""
"","F-24232/23","BOZORED LIOFILIZADO PARA SOLUCIÓN INYECTABLE 3,5 mg","11/7/2018","DR. REDDYS LABORATORIES CHILE S.p.A.","Bortezomib",""
"","F-26960/22","BRAFTOVI CÁPSULAS 75 mg (ENCORAFENIB) ","8/11/2022 0:00","PFIZER CHILE S.A.","ENCORAFENIB",""
"","F-25135/24","BRALTUS ZONDA POLVO PARA INHALACIÓN 13 mcg, EN CÁPSULAS","11/25/2019","LABORATORIO CHILE S.A.","BROMURO DE TIOTROPIO",""
"","F-21490/24","BRATESSE COMPRIMIDOS RECUBIERTOS 800 mg (SEVELAMER CARBONATO)","10/29/2014","SYNTHON CHILE LTDA.","SEVELAMER",""
"","F-25250/25","BRATESSE COMPRIMIDOS RECUBIERTOS 800 mg (SEVELÁMERO CARBONATO)","1/28/2020","SYNTHON CHILE LTDA.","SEVELAMER",""
"","F-24766/24","BRECASTA Solución concentrada para perfusión 80 mg/ 2 mL, con solvente (DOCETAXEL)","4/11/2019","ASCEND LABORATORIES S.p.A.","DOCETAXEL",""
"","F-9652/21","BREVEX COMPRIMIDOS RECUBIERTOS","9/10/1990","LABORATORIO BAGÓ DE CHILE S.A.","CLORZOXAZONA//PARACETAMOL",""
"","F-26132/21","BREXIL SOLUCIÓN INYECTABLE 25 mg/ 0,625 mL (METOTREXATO)","5/3/2021","LABORATORIOS RECALCINE S.A.","METOTREXATO",""
"","F-24830/24","BREZAR LIOFILIZADO PARA SOLUCIÓN INYECTABLE 1000 mg (GEMCITABINA)","5/9/2019","ASCEND LABORATORIES S.p.A.","GEMCITABINA",""
"","F-27618/23","BREZTRI AEROSPHERE AEROSOL PARA INHALACIÓN 160/7,2/4,8 mcg/dosis","12/20/2023 0:00","ASTRAZENECA S.A.","Budesonida//;Bromuro de glicopirronio//;Formoterol fumarato dihidrato micronizado",""
"","F-22516/21","BRIDION SOLUCIÓN INYECTABLE 200 mg/2 mL (SUGAMMADEX SAL SÓDICA)","3/17/2016 2:10","MERCK SHARP & DOHME (I.A.) LLC","SUGAMMADEX",""
"","F-18910/21","BRILINTA COMPRIMIDOS RECUBIERTOS 90 mg (TICAGRELOR)","9/29/2011 1:10","ASTRAZENECA S.A.","TICAGRELOR",""
"","F-23254/21","BRIMOF SOLUCIÓN OFTÁLMICA 0,2% (BRIMONIDINA TARTRATO)","12/16/2016","LABORATORIOS SAVAL S.A.","BRIMONIDINA",""
"","F-25575/25","BRIMOF SP SOLUCIÓN OFTÁLMICA 0,2% (BRIMONIDINA TARTRATO)","7/21/2020","LABORATORIOS SAVAL S.A.","BRIMONIDINA TARTRATO",""
"","F-25743/25","BRIMOKEM SOLUCIÓN OFTÁLMICA 0,2% (BRIMONIDINA)","10/14/2020","ASCEND LABORATORIES S.p.A.","BRIMONIDINA",""
"","F-28236/24","BRIMONIDINA TARTRATO SOLUCIÓN OFTÁLMICA 0,15%","4/18/2024","ALEMBIC PHARMACEUTICALS S.p.A.","BRIMONIDINA",""
"","F-28518/24","BRIMONIDINA TARTRATO SOLUCIÓN OFTÁLMICA 0,2%","10/7/2024","DROGUERÍA ETHON PHARMACEUTICALS S.p.A.","BRIMONIDINA",""
"","F-26445/21","BRIMONIDINA TARTRATO/TIMOLOL 0,2/0,5 SOLUCIÓN OFTÁLMICA","10/12/2021","PHARMATECH CHILE S.p.A.","BRIMONIDINA//TIMOLOL",""
"","F-11880/22","BRIMOPRESS SOLUCIÓN OFTÁLMICA 0,2% (BRIMONIDINA)","2/1/2002","MEGALABS CHILE S.A.","BRIMONIDINA",""
"","F-20015/23","BRIMOPRESS T SOLUCIÓN OFTÁLMICA","6/11/2013","MEGALABS CHILE S.A.","BRIMONIDINA//TIMOLOL",""
"","B-2769/24","BRINEURA SOLUCIÓN PARA PERFUSIÓN ICV 150 mg/5 mL (CERLIPONASA ALFA)","11/12/2019","BIOMARIN CHILE SPA","CERLIPONASA ALFA",""
"","F-28246/24","BRINOQUA COMPRIMIDOS RECUBIERTOS 250 mg (ABIRATERONA ACETATO)","4/19/2024","SANDOZ CHILE S.p.A.","ABIRATERONA",""
"","F-21180/24","BRINTELLIX COMPRIMIDOS RECUBIERTOS 10 mg (VORTIOXETINA)","6/20/2014 2:10","LUNDBECK CHILE FARMACÉUTICA LTDA.","VORTIOXETINA",""
"","F-21181/24","BRINTELLIX COMPRIMIDOS RECUBIERTOS 15 mg (VORTIOXETINA)","6/20/2014","LUNDBECK CHILE FARMACÉUTICA LTDA.","VORTIOXETINA",""
"","F-21182/24","BRINTELLIX COMPRIMIDOS RECUBIERTOS 20 mg (VORTIOXETINA)","6/20/2014","LUNDBECK CHILE FARMACÉUTICA LTDA.","VORTIOXETINA",""
"","F-21179/24","BRINTELLIX COMPRIMIDOS RECUBIERTOS 5 mg (VORTIOXETINA)","6/20/2014","LUNDBECK CHILE FARMACÉUTICA LTDA.","VORTIOXETINA",""
"","F-24628/24","BRINZOF-T SUSPENSIÓN OFTÁLMICA","2/6/2019","LABORATORIOS SAVAL S.A.","BRINZOLAMIDA//TIMOLOL",""
"","F-28625/24","BRINZOLAMIDA/TIMOLOL 1/0.05 SUSPENSIÓN OFTÁLMICA","12/3/2024","PARTHENON PHARMA S.p.A.","BRINZOLAMIDA//TIMOLOL",""
"","F-27001/22","BRINZOLAMIDA/TIMOLOL SUSPENSIÓN OFTÁLMICA","8/22/2022","PHARMATECH CHILE S.p.A.","BRINZOLAMIDA//TIMOLOL",""
"","F-11830/22","BRIXIA SOLUCIÓN OFTÁLMICA 0,05% (AZELASTINA)","2/1/2002","MEGALABS CHILE S.A.","AZELASTINA",""
"","F-27096/22","BROCABE CAPSULAS 140 mg (IBRUTINIB)","10/18/2022","LABORATORIOS ELEA CHILE S.p.A.","IBRUTINIB",""
"","F-29317/25","BROCABE CAPSULAS 140 mg (IBRUTINIB)","11/6/2025","LABORATORIOS ELEA CHILE S.p.A.","IBRUTINIB",""
"","F-28942/25","BROCABE CAPSULAS 140 mg (IBRUTINIB)","6/19/2025","LABORATORIOS ELEA CHILE S.p.A.","IBRUTINIB",""
"","F-9873/26","BRODIFAC COMPRIMIDOS RECUBIERTOS 10 mg (KETOROLACO TROMETAMOL)","1/17/1997","MINTLAB Co. S.A.","KETOROLACO TROMETAMOL",""
"","F-22878/21","BROKAST SOLUCIÓN ORAL 60 mg/ 10 mL (LEVODROPROPIZINA)","7/14/2016","LABORATORIO PASTEUR S.A.","LEVODROPROPIZINA",""
"","F-26165/21","BROMHIDRATO DE FENOTEROL/BROMURO DE IPRATROPIO 0,05/0,025 SOLUCIÓN PARA INHALAR","5/18/2021","DROGUERÍA ETHON PHARMACEUTICALS S.p.A.","BROMURO DE IPRATROPIO//FENOTEROL",""
"","F-24657/24","BROMURO DE IPRATROPIO AEROSOL PARA INHALACION 20 mcg/DOSIS","2/20/2019","PIGMALION FARMA S.p.A.","BROMURO DE IPRATROPIO",""
"","F-27546/23","BROMURO DE IPRATROPIO AEROSOL PARA INHALACIÓN 20 mcg/dosis","5/31/2023","FAES FARMA CHILE, SALUD Y NUTRICIÓN SpA","BROMURO DE IPRATROPIO",""
"","F-24221/23","BROMURO DE ROCURONIO SOLUCIÓN INYECTABLE 50 mg/ 5 mL","10/23/2018","ASCEND LABORATORIES S.p.A.","ROCURONIO BROMURO",""
"","F-19950/23","BROMURO DE ROCURONIO SOLUCIÓN INYECTABLE 50 mg/ 5 mL","5/14/2013","FRESENIUS KABI CHILE LTDA.","ROCURONIO BROMURO",""
"","F-19010/21","BROMURO DE ROCURONIO SOLUCIÓN INYECTABLE 50 mg/ 5 mL","10/21/2011","LABVITALIS S.A.","ROCURONIO BROMURO",""
"","F-26107/21","BROMURO DE ROCURONIO SOLUCIÓN INYECTABLE 50 mg/ 5mL","4/26/2021","LABORATORIO BIOSANO S.A.","ROCURONIO BROMURO",""
"","F-26175/21","BROMURO DE ROCURONIO SOLUCIÓN INYECTABLE 50 mg/5 mL","5/25/2021","NEOETHICALS CHILE S.p.A.","ROCURONIO BROMURO",""
"","F-25913/26","BROMURO DE ROCURONIO SOLUCIÓN INYECTABLE 50 mg/5 mL","1/11/2021","EUROFARMA CHILE SpA","ROCURONIO BROMURO",""
"","F-25452/25","BROMURO DE ROCURONIO SOLUCIÓN INYECTABLE 50 mg/5 mL","6/1/2020","SEVEN PHARMA CHILE S.p.A.","ROCURONIO BROMURO",""
"","F-26816/22","BROMURO DE VECURONIO LIOFILIZADO PARA SOLUCIÓN INYECTABLE 10 mg","5/25/2022","NEOETHICALS CHILE S.p.A.","BROMURO DE VECURONIO",""
"","F-23631/22","BRONCARD COMPRIMIDOS 60 mg (LEVODROPROPIZINA)","10/26/2017","ITF - LABOMED FARMACÉUTICA LTDA.","LEVODROPROPIZINA",""
"","F-7206/25","BRONCARD JARABE 60 mg/10 mL","11/28/2000","ITF - LABOMED FARMACÉUTICA LTDA.","LEVODROPROPIZINA",""
"","F-17720/24","BRONCARD SOLUCIÓN PARA GOTAS ORALES 60 mg/ mL","9/2/2009","ITF - LABOMED FARMACÉUTICA LTDA.","LEVODROPROPIZINA",""
"","F-17442/24","BRONCATOX JARABE 60 mg/10 mL (LEVODROPROPIZINA)","5/7/2009","LABORATORIOS SAVAL S.A.","LEVODROPROPIZINA",""
"","B-1492/21","BRONCHO VAXOM (LISADO BACTERIANO) ADULTOS CÁPSULAS","5/7/1991","ITF - LABOMED FARMACÉUTICA LTDA.","LISADO BACTERIANO LIOFILIZADO (HAEMOPHILUS INFLUENZAE;STREPTOCOCCUS PNEUMONIAE;KLEBSIELLA PNEUMONIAE SSP. PNEUMONIAE;KLEBSIELLA PNEUMONIAE SSP. OZAENAE;STAPHYLOCOCCUS AUREUS;STREPTOCOCCUS PYOGENES;STREPTOCOCCUS SANGUINIS;MORAXELLA (BRANHAMELLA) CATARRHALIS)",""
"","B-1491/21","BRONCHO VAXOM INFANTIL CÁPSULAS","5/7/1991","ITF - LABOMED FARMACÉUTICA LTDA.","Liofilizado Estandarizado Om-85",""
"","B-1842/24","BRONCHO VAXOM NIÑOS GRÁNULOS 3,5 mg EN SOBRES (LISADO BACTERIANO LIOFILIZADO)","12/9/2004","ITF - LABOMED FARMACÉUTICA LTDA.","",""
"","F-10972/21","BRONCOT SOLUCIÓN PARA GOTAS ORALES 7,5 mg/mL","6/21/1990","LABORATORIOS RECALCINE S.A.","AMBROXOL",""
"","F-13370/23","BRONDILAT COMPRIMIDOS MASTICABLES 4 mg","12/15/2003","LABORATORIOS RECALCINE S.A.","MONTELUKAST",""
"","F-13369/23","BRONDILAT COMPRIMIDOS MASTICABLES 5 mg","12/15/2003","LABORATORIOS RECALCINE S.A.","MONTELUKAST",""
"","F-13368/23","BRONDILAT COMPRIMIDOS RECUBIERTOS 10 mg","12/15/2003","LABORATORIOS RECALCINE S.A.","MONTELUKAST",""
"","F-19602/22","BRONDILAT GRANULADO ORAL 4 mg, EN SOBRES","10/8/2012","LABORATORIOS RECALCINE S.A.","MONTELUKAST",""
"","F-3273/25","BRONTAL JARABE ADULTOS","9/27/1984","INSTITUTO SANITAS S.A.","BROMHEXINA//CLOFEDANOL",""
"","F-3274/25","BRONTAL JARABE INFANTIL","9/27/1984","INSTITUTO SANITAS S.A.","BROMHEXINA//CLOFEDANOL",""
"","F-14712/25","BROPIL LF AEROSOL PARA INHALACIÓN 100 mcg/dosis","4/18/2005","LABORATORIOS LAFI LTDA.","SALBUTAMOL",""
"","F-23108/21","BROPIL LF AEROSOL PARA INHALACIÓN 100 mcg/DOSIS (SALBUTAMOL)","10/12/2016","LABORATORIOS LAFI LTDA.","SALBUTAMOL",""
"","F-26255/21","BRUKINSA CÁPSULAS 80 mg","7/15/2021 2:10","BEIGENE CHILE LIMITADA","ZANUBRUTINIB",""
"","F-25635/25","BRUTIB CÁPSULAS 140 mg (IBRUTINIB)","8/19/2020","SEVEN PHARMA CHILE S.p.A.","IBRUTINIB",""
"","F-18812/21","BUDENOFALK ESPUMA RECTAL 2 mg/dosis","8/11/2011","LABORATORIO BIOTOSCANA FARMA S.p.A.","BUDESONIDA",""
"","F-21155/24","BUDESYNT HFA-LA AEROSOL PARA INHALACIÓN 200mcg/DOSIS","6/11/2014 2:10","FAES FARMA CHILE, SALUD Y NUTRICIÓN SpA","BUDESONIDA",""
"","F-14863/25","BUPIVACAINA CLORHIDRATO HIPERBÁRICA SOLUCIÓN INYECTABLE 15 mg/2 mL","6/29/2005","LABORATORIO SANDERSON SpA","BUPIVACAINA",""
"","F-28055/24","BUPIVACAINA CLORHIDRATO SOLUCIÓN INYECTABLE 0,75% ","1/22/2024 23:00","PISA FARMACÉUTICA DE CHILE S.p.A.","BUPIVACAINA",""
"","F-28146/24","BUPIVACAÍNA CLORHIDRATO SOLUCIÓN INYECTABLE 0,75%","3/13/2024","CRISTALIA CHILE S.p.A.","BUPIVACAINA",""
"","F-3026/25","BUPIVACAINA CLORHIDRATO SOLUCIÓN INYECTABLE 50 mg/10 mL","8/17/1989","LABORATORIO BIOSANO S.A.","BUPIVACAINA",""
"","F-10858/21","BUPIVACAINA CLORHIDRATO SOLUCIÓN INYECTABLE 50 mg/10 mL","12/4/1992","LABORATORIO SANDERSON SpA","BUPIVACAINA",""
"","F-7625/21","BUPIVACAINA CLORHIDRATO SOLUCIÓN INYECTABLE ESPINAL 0,75%","2/26/1991","LABORATORIO BIOSANO S.A.","BUPIVACAINA",""
"","F-27527/23","BUPIVACAÍNA CLORHIDRATO SOLUCIÓN INYECTABLE HIPERBÁRICA 0,5%","5/22/2023","CRISTALIA CHILE S.p.A.","BUPIVACAINA",""
"","F-26393/21","BUPIVACAINA SOLUCIÓN INYECTABLE 50 mg/10 mL","9/13/2021","PISA FARMACÉUTICA DE CHILE S.p.A.","BUPIVACAINA",""
"","F-15740/21","BURTEN SL COMPRIMIDOS SUBLINGUALES 10 mg","10/10/2006","LABORATORIO CHILE S.A.","KETOROLACO TROMETAMOL",""
"","F-24241/23","BURTEN SL COMPRIMIDOS SUBLINGUALES 30 mg (KETOROLACO TROMETAMOL)","10/29/2018","LABORATORIO CHILE S.A.","KETOROLACO TROMETAMOL",""
"","F-25580/25","BUSCAPINA GRAGEAS 10 mg (N-BUTILBROMURO DE HIOSCINA)","7/24/2020","LABORATORIO MAVER S.A.","ESCOPOLAMINA",""
"","F-17203/23","BUSCAPINA PERLAS CÁPSULAS BLANDAS 10 mg","11/17/2008","LABORATORIO MAVER S.A.","ESCOPOLAMINA",""
"","F-11003/21","BUSCAPINA SOLUCIÓN ORAL PARA GOTAS","8/22/1994","LABORATORIO MAVER S.A.","ESCOPOLAMINA",""
"","F-28669/25","BUSULFANO CONCENTRADO PARA SOLUCIÓN PARA PERFUSIÓN 60 mg/10 mL","1/6/2025","LABORATORIO KEMEX CHILE LTDA.","BUSULFANO",""
"","F-3596/25","BUTON ADULTOS COMPRIMIDOS","5/16/2000","MINTLAB Co. S.A.","ATROPINA SULFATO//PAPAVERINA",""
"","F-18125/25","BUTOTAL AEROSOL PARA INHALACIÓN 100 mcg/dosis","7/1/2010","LABORATORIOS D & M PHARMA LTDA.","SALBUTAMOL",""
"","F-25121/24","BUXEND COMPRIMIDOS RECUBIERTOS 40 mg (FEBUXOSTAT)","11/11/2019","ASCEND LABORATORIES S.p.A.","FEBUXOSTAT",""
"","F-27796/23","CABAZITAXEL SOLUCIÓN CONCENTRADA PARA PERFUSIÓN 60 mg/1,5mL, CON SOLVENTE","8/30/2023","SEVEN PHARMA CHILE S.p.A.","CABAZITAXEL",""
"","F-28142/24","CABAZITAXEL SOLUCIÓN CONCENTRADA PARA PERFUSIÓN 60 mg/3 mL","3/20/2024","FARMACÉUTICA XENIUS SPA","CABAZITAXEL",""
"","F-24728/24","CABAZRED SOLUCIÓN CONCENTRADA PARA PERFUSIÓN 60 mg/1,5 mL, CON SOLVENTE ","4/5/2019","DR. REDDYS LABORATORIES CHILE S.p.A.","CABAZITAXEL",""
"","F-16929/23","CABERTRIX COMPRIMIDOS 0,5 mg (CABERGOLINA)","8/6/2008","TECNOFARMA S.A.","CABERGOLINA",""
"","F-26447/21","CABXEL CÁPSULAS 200 mg (CELECOXIB)","10/13/2021","SEVEN PHARMA CHILE S.p.A.","CELECOXIB",""
"","F-28705/25","CABXEL CÁPSULAS 200 mg (CELECOXIB)","2/4/2025","SEVEN PHARMA CHILE S.p.A.","CELECOXIB",""
"","F-26177/21","CADENCE COMPRIMIDOS 100 mg (FLECAINIDA ACETATO)","5/31/2021","EMCURE PHARMA CHILE S.p.A.","FLECAINIDA",""
"","F-14292/24","CADUET 10/10 COMPRIMIDOS RECUBIERTOS","11/15/2004","ASPEN CHILE S.A.","AMLODIPINO//ATORVASTATINA",""
"","F-14293/24","CADUET 10/20 COMPRIMIDOS RECUBIERTOS (AMLODIPINO/ATORVASTATINA)","11/15/2004","ASPEN CHILE S.A.","AMLODIPINO//ATORVASTATINA",""
"","F-14288/24","CADUET 5/10 COMPRIMIDOS RECUBIERTOS (AMLODIPINO/ATORVASTATINA)","11/12/2004","ASPEN CHILE S.A.","AMLODIPINO//ATORVASTATINA",""
"","F-14289/24","CADUET 5/20 COMPRIMIDOS RECUBIERTOS (AMLODIPINO/ATORVASTATINA)","11/12/2004","ASPEN CHILE S.A.","AMLODIPINO//ATORVASTATINA",""
"","F-25629/25","CAFEÍNA CITRATO SOLUCIÓN PARA PERFUSIÓN Y SOLUCIÓN ORAL 40 mg/2mL","8/19/2020 2:10","KAMPAR S.A.","CAFEINA",""
"","F-29355/25","CAFEÍNA CITRATO SOLUCIÓN PARA PERFUSIÓN Y SOLUCIÓN ORAL 60 mg/ 3 mL","12/10/2025","REPRESENTACIONES BIOTEC S.p.A.","CAFEINA CITRATO",""
"","F-25426/25","CALCIO COMPRIMIDOS 500 mg","5/12/2020","ZERICUM S.p.A.","CALCIO CARBONATO",""
"","F-26196/21","CALCIO VITAMINA D 500/400 COMPRIMIDOS RECUBIERTOS","6/2/2021","MDC HEALTH S.p.A.","CALCIO CARBONATO//COLECALCIFEROL",""
"","F-25387/25","CALCIO VITAMINA D COMPRIMIDOS","4/14/2020","ZERICUM S.p.A.","CALCIO CARBONATO//COLECALCIFEROL",""
"","F-24072/23","CALCITRIOL CÁPSULAS BLANDAS 0,25 mcg","9/3/2018","PHARMAMERICA LTDA.","CALCITRIOL",""
"","F-23557/22","CALCITRIOL CÁPSULAS BLANDAS 0,25 mcg","7/21/2017","DIFEM LABORATORIOS S.A.","Calcitriol",""
"","F-27402/23","CALCITRIOL CÁPSULAS BLANDAS 0,25 mcg","3/22/2023","PHARMAMERICA LTDA.","CALCITRIOL",""
"","F-25298/25","CALCITRIOL CÁPSULAS BLANDAS 0,25 mcg","2/10/2020","REUTTER S.A.","CALCITRIOL",""
"","F-27403/23","CALCITRIOL CÁPSULAS BLANDAS 0,5 mcg","3/22/2023","PHARMAMERICA LTDA.","CALCITRIOL",""
"","F-23556/22","CALCITRIOL CÁPSULAS BLANDAS 0,5 mcg","7/21/2017","DIFEM LABORATORIOS S.A.","Calcitriol",""
"","F-25299/25","CALCITRIOL CÁPSULAS BLANDAS 0,5 mcg","2/10/2020","REUTTER S.A.","CALCITRIOL",""
"","F-26830/22","CALCITRIOL SOLUCIÓN INYECTABLE 1 mcg/1 mL","6/1/2022","NEOETHICALS CHILE S.p.A.","CALCITRIOL",""
"","F-17327/23","CALDEVAL CÁPSULAS","12/30/2008","LABORATORIOS SAVAL S.A.","CALCIO CARBONATO//COLECALCIFEROL",""
"","F-10174/21","CALDEVAL COMPRIMIDOS MASTICABLES","12/19/2001","LABORATORIOS SAVAL S.A.","CALCIO CARBONATO//COLECALCIFEROL",""
"","F-16169/22","CALDEVAL COMPRIMIDOS RECUBIERTOS.","7/3/2007","LABORATORIOS SAVAL S.A.","CALCIO CARBONATO//COLECALCIFEROL",""
"","F-27564/23","CALMURID CREMA TÓPICA 1 % (HIDROCORTISONA)","6/6/2023","MEGALABS CHILE S.A.","HIDROCORTISONA",""
"","F-27565/23","CALMURID LOCIÓN TÓPICA 1% (HIDROCORTISONA)","6/12/2023","MEGALABS CHILE S.A.","HIDROCORTISONA",""
"","B-1546/21","CALNISAN SOLUCIÓN PARA NEBULIZACIÓN NASAL 50 U.I./dosis","12/3/1993","LABORATORIOS LAFI LTDA.","CALCITONINA",""
"","F-27443/23","CALQUENCE COMPRIMIDOS RECUBIERTOS 100 mg","4/14/2023 0:00","ASTRAZENECA S.A.","ACALABRUTINIB",""
"","F-28279/24","CALTRORT cápsulas blandas 0,25 mcg","5/6/2024","INSTITUTO SANITAS S.A.","CALCITRIOL",""
"","F-28457/24","CALTRORT CÁPSULAS BLANDAS 0,5 mcg","9/3/2024","INSTITUTO SANITAS S.A.","CALCITRIOL",""
"","F-101/22","CAMPTOSAR SOLUCIÓN INYECTABLE 100 mg/5 mL","9/10/1997","PFIZER CHILE S.A.","IRINOTECAN",""
"","F-12107/22","CANCIDAS POLVO LIOFILIZADO PARA SOLUCIÓN INYECTABLE 50 mg","12/30/2002","MERCK SHARP & DOHME (I.A.) LLC","CASPOFUNGINA",""
"","F-12108/22","CANCIDAS POLVO LIOFILIZADO PARA SOLUCIÓN INYECTABLE 70 mg","12/29/2002","MERCK SHARP & DOHME (I.A.) LLC","CASPOFUNGINA",""
"","F-28617/24","CANDESARTÁN CILEXETILO/HIDROCLOROTIAZIDA 32/12,5 COMPRIMIDOS","11/25/2024","ALEMBIC PHARMACEUTICALS S.p.A.","CANDESARTAN//HIDROCLOROTIAZIDA",""
"","F-23481/22","CAPD / DPCA 4 SOLUCIÓN INYECTABLE","6/5/2017","PENTAFARMA S.A.","CALCIO CLORURO//GLUCOSA//MAGNESIO CLORURO//SODIO CLORURO//SODIO LACTATO",""
"","F-23482/22","CAPD/DPCA 2 SOLUCIÓN INYECTABLE","6/5/2017","PENTAFARMA S.A.","CALCIO CLORURO//GLUCOSA//MAGNESIO CLORURO//SODIO CLORURO//SODIO LACTATO",""
"","F-23479/22","CAPD/DPCA 3 SOLUCIÓN INYECTABLE","6/5/2017","PENTAFARMA S.A.","CALCIO CLORURO//GLUCOSA//MAGNESIO CLORURO//SODIO CLORURO//SODIO LACTATO",""
"","F-27764/23","CAPECITABINA COMPRIMIDOS RECUBIERTOS 500 mg","8/22/2023","SIRON PHARMA S.p.A.","CAPECITABINA",""
"","F-22756/21","CAPECITABINA COMPRIMIDOS RECUBIERTOS 500 mg","6/7/2016 2:10","SEVEN PHARMA CHILE S.p.A.","CAPECITABINA",""
"","F-21961/25","CAPECITABINA COMPRIMIDOS RECUBIERTOS 500 mg","7/8/2015 2:10","LABORATORIO CHILE S.A.","CAPECITABINA",""
"","F-24059/23","CAPETERO COMPRIMIDOS RECUBIERTOS 500 mg (CAPECITABINA)","8/27/2018","SEVEN PHARMA CHILE S.p.A.","CAPECITABINA",""
"","F-24028/23","CAPIIBINE COMPRIMIDOS RECUBIERTOS 500 mg (CAPECITABINA)","8/27/2018","DR. REDDYS LABORATORIES CHILE S.p.A.","CAPECITABINA",""
"","F-26535/21","CAPIN BH SOLUCIÓN INYECTABLE 20 mg/1 mL","12/9/2021","PISA FARMACÉUTICA DE CHILE S.p.A.","N-BUTILBROMURO DE HIOSCINA",""
"","F-20674/23","CAPSURE CÁPSULAS 200 mg","12/13/2013","ASPEN CHILE S.A.","CELECOXIB",""
"","F-16954/23","CAPTOPRIL COMPRIMIDOS 25 mg","8/6/2008","MINTLAB Co. S.A.","CAPTOPRIL",""
"","F-3893/25","CARBAMAZEPINA COMPRIMIDOS 200 mg","9/16/1983","LABORATORIO CHILE S.A.","CARBAMAZEPINA",""
"","F-6516/25","CARBAMAZEPINA COMPRIMIDOS 200 mg","4/15/1987","LABORATORIOS ANDRÓMACO S.A.","CARBAMAZEPINA",""
"","F-6873/25","CARBAMAZEPINA COMPRIMIDOS 200 mg","1/25/1989","MINTLAB Co. S.A.","CARBAMAZEPINA",""
"","F-27948/23","CARBAMAZEPINA COMPRIMIDOS 200 mg","11/22/2023","ALEMBIC PHARMACEUTICALS S.p.A.","CARBAMAZEPINA",""
"","F-26296/21","Carbamazepina Comprimidos de liberación prolongada 200 mg","8/2/2021","OPKO CHILE S.A.","CARBAMAZEPINA",""
"","F-27828/23","CARBAMAZEPINA COMPRIMIDOS RECUBIERTOS DE LIBERACIÓN PROLONGADA 200 mg","9/20/2023","EMCURE PHARMA CHILE S.p.A.","CARBAMAZEPINA",""
"","F-26543/21","CARBAMAZEPINA COMPRIMIDOS RECUBIERTOS DE LIBERACIÓN PROLONGADA 400 mg","12/14/2021","PINNACLE CHILE S.p.A.","CARBAMAZEPINA",""
"","F-27601/23","CARBAMAZEPINA COMPRIMIDOS RECUBIERTOS DE LIBERACIÓN PROLONGADA 400 mg","6/27/2023","MEDINOVA FARMA LTDA.","CARBAMAZEPINA",""
"","F-27874/23","CARBIDOPA/LEVODOPA 25/250 COMPRIMIDOS","10/13/2023","FARMEDICAL S.p.A.","CARBIDOPA//LEVODOPA",""
"","F-27727/23","CARBOPLATINO SOLUCIÓN INYECTABLE 150 mg/15 mL","8/8/2023","PFIZER CHILE S.A.","CARBOPLATINO",""
"","F-25531/25","CARBOPLATINO SOLUCIÓN INYECTABLE 150 mg/15 mL","7/1/2020","SEVEN PHARMA CHILE S.p.A.","CARBOPLATINO",""
"","F-16130/22","CARBOPLATINO SOLUCIÓN INYECTABLE 150 mg/15 mL","6/6/2007","FRESENIUS KABI CHILE LTDA.","CARBOPLATINO",""
"","F-25131/24","CARBOPLATINO SOLUCIÓN INYECTABLE 150mg/15 mL","11/19/2019","BLAU FARMACEUTICA CHILE S.p.A.","CARBOPLATINO",""
"","F-25532/25","CARBOPLATINO SOLUCION INYECTABLE 450 mg/45 mL","7/1/2020","SEVEN PHARMA CHILE S.p.A.","CARBOPLATINO",""
"","F-27464/23","CARBOPLATINO SOLUCIÓN INYECTABLE 450 mg/45 mL","4/18/2023","LABORATORIOS RAFFO S.A.","CARBOPLATINO",""
"","F-16131/22","CARBOPLATINO SOLUCIÓN INYECTABLE 450 mg/45 mL","6/6/2007","FRESENIUS KABI CHILE LTDA.","CARBOPLATINO",""
"","F-27728/23","CARBOPLATINO SOLUCIÓN INYECTABLE 450 mg/45 mL","8/8/2023","PFIZER CHILE S.A.","CARBOPLATINO",""
"","F-25132/24","Carboplatino Solución Inyectable 450mg/45 mL","11/19/2019","BLAU FARMACEUTICA CHILE S.p.A.","CARBOPLATINO",""
"","F-28317/24","CARBORON COMPRIMIDOS RECUBIERTOS 300 mg (CARBONATO DE LITIO)","6/10/2024","MEGALABS CHILE S.A.","LITIO CARBONATO",""
"","F-3591/25","CARBORON RETARD COMPRIMIDOS DE LIBERACIÓN PROLONGADA 400 mg","5/9/2000","MEGALABS CHILE S.A.","LITIO CARBONATO",""
"","F-27255/23","CARDACTONA COMPRIMIDOS 25 mg (ESPIRONOLACTONA)","1/9/2023","LABORATORIO PASTEUR S.A.","ESPIRONOLACTONA",""
"","F-3312/25","CARDICON RETARD COMPRIMIDOS RECUBIERTOS DE LIBERACIÓN PROLONGADA 20 mg (NIFEDIPINO)","3/14/1986 2:10","ITF - LABOMED FARMACÉUTICA LTDA.","NIFEDIPINO",""
"","F-3293/25","CARDIOLEN CÁPSULAS 120 mg","8/25/1983 1:10","INSTITUTO SANITAS S.A.","VERAPAMILO",""
"","F-3292/25","CARDIOLEN CÁPSULAS 80 mg","8/25/1983 1:10","INSTITUTO SANITAS S.A.","VERAPAMILO",""
"","F-23646/22","CARDIONASE COMPRIMIDOS RECUBIERTOS 100 mg ","11/28/2017","OPKO CHILE S.A.","LOSARTAN",""
"","F-19258/22","CARDIOPLUS AM D 40/10/25 COMPRIMIDOS RECUBIERTOS","2/27/2012","LABORATORIOS RECALCINE S.A.","AMLODIPINO//HIDROCLOROTIAZIDA//OLMESARTAN MEDOXOMILO",""
"","F-15863/21","CARDIOPLUS COMPRIMIDOS RECUBIERTOS 20 mg","12/29/2006","LABORATORIOS RECALCINE S.A.","OLMESARTAN MEDOXOMILO",""
"","F-15864/21","CARDIOPLUS COMPRIMIDOS RECUBIERTOS 40 mg","12/29/2006","LABORATORIOS RECALCINE S.A.","OLMESARTAN MEDOXOMILO",""
"","F-15867/21","CARDIOPLUS D 20/12,5 COMPRIMIDOS RECUBIERTOS","12/29/2006","LABORATORIOS RECALCINE S.A.","HIDROCLOROTIAZIDA//OLMESARTAN MEDOXOMILO",""
"","F-15865/21","CARDIOPLUS D 40/12,5 COMPRIMIDOS RECUBIERTOS","12/29/2006","LABORATORIOS RECALCINE S.A.","HIDROCLOROTIAZIDA//OLMESARTAN MEDOXOMILO",""
"","F-10285/21","CARDIOXANE LIOFILIZADO PARA SOLUCIÓN INYECTABLE 500 mg","9/14/1994","TECNOFARMA S.A.","DEXRAZOXANO",""
"","F-25256/25","CARDIPRES 20/5 COMPRIMIDOS RECUBIERTOS","1/29/2020","LABORATORIO CHILE S.A.","AMLODIPINO//OLMESARTAN MEDOXOMILO",""
"","F-25260/25","CARDIPRES 40/10 COMPRIMIDOS RECUBIERTOS","1/29/2020","LABORATORIO CHILE S.A.","AMLODIPINO//OLMESARTAN MEDOXOMILO",""
"","F-25259/25","CARDIPRES 40/5 COMPRIMIDOS RECUBIERTOS","1/29/2020","LABORATORIO CHILE S.A.","AMLODIPINO//OLMESARTAN MEDOXOMILO",""
"","F-27499/23","CARDIUM COMPRIMIDOS RECUBIERTOS 20 mg (OLMESARTAN MEDOXOMILO)","5/10/2023","LABORATORIO PASTEUR S.A.","OLMESARTAN MEDOXOMILO",""
"","F-27503/23","CARDIUM COMPRIMIDOS RECUBIERTOS 40 mg (OLMESARTAN MEDOXOMILO)","5/17/2023","LABORATORIO PASTEUR S.A.","OLMESARTAN MEDOXOMILO",""
"","F-27849/23","CARDIUM D 20/12,5 COMPRIMIDOS RECUBIERTOS","9/28/2023","LABORATORIO PASTEUR S.A.","HIDROCLOROTIAZIDA//OLMESARTAN MEDOXOMILO",""
"","F-27850/23","CARDIUM D 40/12,5 COMPRIMIDOS RECUBIERTOS","10/2/2023","LABORATORIO PASTEUR S.A.","HIDROCLOROTIAZIDA//OLMESARTAN MEDOXOMILO",""
"","F-26775/22","CARDOLINA SOLUCION INYECTABLE 4 mg/4 mL (NOREPINEFRINA)","5/2/2022","VITAFARMA S.A.","NOREPINEFRINA",""
"","F-25188/24","CARDURA COMPRIMIDOS 1 mg (DOXAZOSINA)","12/20/2019","ASPEN CHILE S.A.","DOXAZOSINA",""
"","F-25189/24","CARDURA COMPRIMIDOS 2 mg (DOXAZOSINA)","12/23/2019","ASPEN CHILE S.A.","DOXAZOSINA",""
"","F-25190/24","CARDURA COMPRIMIDOS 4 mg (DOXAZOSINA)","12/23/2019","ASPEN CHILE S.A.","DOXAZOSINA",""
"","F-25584/25","CARDURA XL COMPRIMIDOS RECUBIERTOS DE LIBERACIÓN OSMÓTICA PROLONGADA 4 mg (DOXAZOSINA)","7/27/2020","ASPEN CHILE S.A.","DOXAZOSINA",""
"","F-17516/24","CARISTOP 5000 PASTA DENTAL","4/29/2009","LABORATORIO MAVER S.A.","SODIO FLUORURO",""
"","F-25196/24","CARMUSTINA LIOFILIZADO PARA SOLUCIÓN INYECTABLE 100 mg, CON SOLVENTE","12/26/2019","KAMPAR S.A.","CARMUSTINA",""
"","K-114/25","CARTÍLAGO DE TIBURÓN CAPSULAS 500 mg","1/28/2020 2:10","LABORATORIO HOSPIFARMA CHILE LTDA.","POLVO DE CARTÍLAGO DE TIBURÓN",""
"","F-28715/25","CARVACOL COMPRIMIDOS 6,25 mg (CARVEDILOL)","2/10/2025","MINTLAB Co. S.A.","CARVEDILOL",""
"","F-26381/21","CARVAS COMPRIMIDOS RECUBIERTOS 20 mg (OLMESARTÁN MEDOXOMILO)","9/8/2021","LABORATORIO CHILE S.A.","OLMESARTÁN MEDOXOMILO",""
"","F-26312/21","CARVAS COMPRIMIDOS RECUBIERTOS 40 mg (OLMESARTÁN MEDOXOMILO)","8/4/2021","LABORATORIO CHILE S.A.","OLMESARTÁN MEDOXOMILO",""
"","F-25529/25","CARVAS D 20/12,5 COMPRIMIDOS RECUBIERTOS","7/3/2020","LABORATORIO CHILE S.A.","HIDROCLOROTIAZIDA//OLMESARTAN MEDOXOMILO",""
"","F-25530/25","CARVAS D 40/12,5 COMPRIMIDOS RECUBIERTOS","7/3/2020","LABORATORIO CHILE S.A.","HIDROCLOROTIAZIDA//OLMESARTAN MEDOXOMILO",""
"","F-26666/22","CARVEDILOL COMPRIMIDOS 12,5 mg","3/7/2022","VIVUNT PHARMA CHILE LIMITADA","CARVEDILOL",""
"","F-20547/23","CARVEDILOL COMPRIMIDOS 12,5 mg","11/22/2013","MEDINOVA FARMA LTDA.","CARVEDILOL",""
"","F-17855/24","CARVEDILOL COMPRIMIDOS 12,5 mg","11/27/2009","LABORATORIO CHILE S.A.","CARVEDILOL",""
"","F-20386/23","CARVEDILOL COMPRIMIDOS 25 mg","9/26/2013","MEDINOVA FARMA LTDA.","CARVEDILOL",""
"","F-18528/21","CARVEDILOL COMPRIMIDOS 25 mg","3/4/2011","OPKO CHILE S.A.","CARVEDILOL",""
"","F-14404/24","CARVEDILOL COMPRIMIDOS 25 mg","12/28/2004","LABORATORIO CHILE S.A.","CARVEDILOL",""
"","F-12187/22","CARVEDILOL COMPRIMIDOS 25 mg","6/11/2002","INSTITUTO SANITAS S.A.","CARVEDILOL",""
"","F-26661/22","CARVEDILOL COMPRIMIDOS 25 mg","3/1/2022","VIVUNT PHARMA CHILE LIMITADA","CARVEDILOL",""
"","F-26665/22","CARVEDILOL COMPRIMIDOS 6,25 mg","3/7/2022","VIVUNT PHARMA CHILE LIMITADA","CARVEDILOL",""
"","F-17787/24","CARVEDILOL COMPRIMIDOS 6,25 mg","10/29/2009","LABORATORIO CHILE S.A.","CARVEDILOL",""
"","F-28714/25","CARVEDILOL COMPRIMIDOS 6,25 mg","2/10/2025","MINTLAB Co. S.A.","CARVEDILOL",""
"","F-23756/23","CARVEDILOL COMPRIMIDOS RECUBIERTOS 12,5 mg","4/4/2018","DIFEM LABORATORIOS S.A.","Carvedilol",""
"","F-23308/22","CARVEDILOL COMPRIMIDOS RECUBIERTOS 12,5 mg","1/16/2017","ETHON PHARMACEUTICALS S.p.A.","CARVEDILOL",""
"","F-23752/23","CARVEDILOL COMPRIMIDOS RECUBIERTOS 25 mg ","3/28/2018","DIFEM LABORATORIOS S.A.","CARVEDILOL",""
"","F-23781/23","CARVEDILOL COMPRIMIDOS RECUBIERTOS 6,25 mg","4/24/2018","DIFEM LABORATORIOS S.A.","CARVEDILOL",""
"","F-23310/22","CARVEDILOL COMPRIMIDOS RECUBIERTOS 6,25 mg","1/16/2017","ETHON PHARMACEUTICALS S.p.A.","CARVEDILOL",""
"","F-25504/25","CASEN ENEMA ADULTOS","6/23/2020","SYNTHON CHILE LTDA.","FOSFATO DISODICO//SODIO FOSFATO",""
"","F-25505/25","CASEN ENEMA INFANTIL","6/23/2020","SYNTHON CHILE LTDA.","FOSFATO DISODICO//SODIO FOSFATO",""
"","F-25334/25","CASENGLICOL POLVO PARA SOLUCIÓN ORAL, EN SOBRE","3/11/2020","SYNTHON CHILE LTDA.","BICARBONATO SODICO//MACROGOL//POTASIO CLORURO//SODIO BIFOSFATO//SODIO CLORURO//SODIO SULFATO",""
"","F-22071/25","CASFUCID LIOFILIZADO PARA SOLUCIÓN INYECTABLE 50 mg (CASPOFUNGINA)","8/25/2015 1:10","LIBRA CHILE S.A.","CASPOFUNGINA",""
"","F-22070/25","CASFUCID LIOFILIZADO PARA SOLUCIÓN INYECTABLE 70 mg (CASPOFUNGINA)","8/25/2015 1:10","LIBRA CHILE S.A.","CASPOFUNGINA",""
"","F-23713/23","CASMED SHAMPOO 2% (KETOCONAZOL) ","2/23/2018","LABORATORIO HOSPIFARMA CHILE LTDA.","KETOCONAZOL",""
"","F-26765/22","CASPOFUNGINA LIOFILIZADO PARA SOLUCIÓN INYECTABLE 50 mg","4/26/2022","NEOETHICALS CHILE S.p.A.","CASPOFUNGINA",""
"","F-26892/22","CASPOFUNGINA LIOFILIZADO PARA SOLUCIÓN INYECTABLE 50 mg","7/12/2022","FARMEDICAL S.p.A.","CASPOFUNGINA",""
"","F-28103/24","CASPOFUNGINA LIOFILIZADO PARA SOLUCIÓN INYECTABLE 50 mg","2/21/2024","MSN LABS CHILE S.p.A.","CASPOFUNGINA",""
"","F-28102/24","CASPOFUNGINA LIOFILIZADO PARA SOLUCIÓN INYECTABLE 70 mg","2/20/2024","MSN LABS CHILE S.p.A.","CASPOFUNGINA",""
"","F-26893/22","CASPOFUNGINA LIOFILIZADO PARA SOLUCIÓN INYECTABLE 70 mg","7/12/2022","FARMEDICAL S.p.A.","CASPOFUNGINA",""
"","F-26766/22","CASPOFUNGINA LIOFILIZADO PARA SOLUCIÓN INYECTABLE 70 mg","4/26/2022","NEOETHICALS CHILE S.p.A.","CASPOFUNGINA",""
"","F-23203/21","CASPOVITAE LIOFILIZADO PARA SOLUCIÓN INYECTABLE 50 mg","11/29/2016","GALENICUM HEALTH CHILE S.p.A.","CASPOFUNGINA",""
"","H-1132/23","CASTAÑO DE INDIAS T.M. SOLUCIÓN PARA GOTAS ORALES","6/3/2008","LAURA XIMENA POLANCO GONZÁLEZ","",""
"","F-20373/23","CATEGOR COMPRIMIDOS RECUBIERTOS 150 mg","9/23/2013 1:10","SANDOZ CHILE S.p.A.","CAPECITABINA",""
"","F-20374/23","CATEGOR COMPRIMIDOS RECUBIERTOS 500 mg","9/23/2013 1:10","SANDOZ CHILE S.p.A.","CAPECITABINA",""
"","F-28389/24","CAUQUENOR 0,5 COMPRIMIDOS RECUBIERTOS 0,5 mg (BREXPIPRAZOL)","7/22/2024","MEGALABS CHILE S.A.","BREXPIPRAZOL",""
"","F-28390/24","CAUQUENOR 1 COMPRIMIDOS RECUBIERTOS 1 mg (BREXPIPRAZOL)","7/22/2024","MEGALABS CHILE S.A.","BREXPIPRAZOL",""
"","F-28391/24","CAUQUENOR 2 COMPRIMIDOS RECUBIERTOS 2 mg (BREXPIPRAZOL)","7/22/2024","MEGALABS CHILE S.A.","BREXPIPRAZOL",""
"","F-26882/22","CAVAMED COMPRIMIDOS 5 mg (WARFARINA SÓDICA)","7/4/2022","MEGALABS CHILE S.A.","WARFARINA",""
"","F-10939/26","CAVERJECT POLVO PARA SOLUCIÓN INYECTABLE 10 mcg, CON SOLVENTE","1/5/1996","PFIZER CHILE S.A.","ALPROSTADIL",""
"","F-10940/26","CAVERJECT POLVO PARA SOLUCIÓN INYECTABLE 20 mcg, CON SOLVENTE","1/5/1996","PFIZER CHILE S.A.","ALPROSTADIL",""
"","F-3294/25","CEFALMIN COMPRIMIDOS RECUBIERTOS","9/1/1987 1:10","INSTITUTO SANITAS S.A.","CAFEINA//CLORFENAMINA//ERGOTAMINA//METAMIZOL SODICO",""
"","F-21247/24","CEFAZOLINA POLVO PARA SOLUCIÓN INYECTABLE 1 g","7/23/2014","SCM PHARMA S.p.A.","CEFAZOLINA",""
"","F-24184/23","CEFAZOLINA POLVO PARA SOLUCIÓN INYECTABLE 1 g","10/17/2018","OPKO CHILE S.A.","CEFAZOLINA",""
"","F-13489/24","CEFEPIMA POLVO PARA SOLUCIÓN INYECTABLE 1 g","1/30/2004","BPH S.A.","CEFEPIMA",""
"","F-14308/24","CEFEPIMA POLVO PARA SOLUCIÓN INYECTABLE 1 g","11/25/2004","LIBRA CHILE S.A.","CEFEPIMA",""
"","F-17425/24","CEFIN SHAMPOO 2%","4/15/2009","LABORATORIO BAGÓ DE CHILE S.A.","KETOCONAZOL",""
"","F-24343/23","CEFIRAX SAVAL COMPRIMIDOS RECUBIERTOS 200 mg (CEFPODOXIMA)","11/21/2018","LABORATORIOS SAVAL S.A.","CEFPODOXIMA",""
"","F-23225/21","CEFOTAXIMA POLVO PARA SOLUCIÓN INYECTABLE 1000 mg","12/12/2016","LABORATORIO BIOSANO S.A.","CEFOTAXIMA",""
"","F-27109/22","CEFRIX COMPRIMIDOS RECUBIERTOS 10 mg","10/24/2022","SEVEN PHARMA CHILE S.p.A.","CETIRIZINA",""
"","F-28040/24","CEFRIX COMPRIMIDOS RECUBIERTOS 10 mg","1/16/2024","SEVEN PHARMA CHILE S.p.A.","CETIRIZINA",""
"","F-27882/23","CEFTRIAXONA POLVO PARA SOLUCIÓN INYECTABLE 1 g","10/16/2023","DIFEM LABORATORIOS S.A.","CEFTRIAXONA",""
"","F-20903/24","CELEBRA CÁPSULAS 200 mg","2/5/2014","ASPEN CHILE S.A.","CELECOXIB",""
"","F-25402/25","CELECOXIB CÁPSULAS 200 mg","4/21/2020","REUTTER S.A.","CELECOXIB",""
"","F-23505/22","CELECOXIB CÁPSULAS 200 mg","6/14/2017","SYNTHON CHILE LTDA.","Celecoxib",""
"","F-22885/21","CELECOXIB CÁPSULAS 200 mg","7/19/2016","ASCEND LABORATORIES S.p.A.","CELECOXIB",""
"","F-23915/23","CELECOXIB CÁPSULAS 200 mg","7/5/2018","UNIFARMA S.p.A.","CELECOXIB",""
"","F-23715/23","CELECOXIB CÁPSULAS 200 mg","2/7/2018","DIFEM LABORATORIOS S.A.","CELECOXIB",""
"","F-23563/22","CELECOXIB CÁPSULAS 200 mg","7/28/2017","LABORATORIO CHILE S.A.","Celecoxib",""
"","F-26975/22","CELECOXIB CÁPSULAS 200 mg","8/8/2022","PHARMATECH CHILE S.p.A.","CELECOXIB",""
"","F-27438/23","CELECOXIB CÁPSULAS 200 mg","4/5/2023","ASCEND LABORATORIES S.p.A.","CELECOXIB",""
"","F-27392/23","CELECOXIB CÁPSULAS 200 mg","3/20/2023","ALEMBIC PHARMACEUTICALS S.p.A.","CELECOXIB",""
"","F-26692/22","CELECOXIB CÁPSULAS 200 mg","3/21/2022","MEDINOVA FARMA LTDA.","CELECOXIB",""
"","F-26364/21","CELECOXIB CÁPSULAS 200 mg","8/31/2021","SIAA VIDA FARMA SPA","CELECOXIB",""
"","F-26316/21","CELECOXIB CÁPSULAS 200 mg","8/5/2021","ASCEND LABORATORIES S.p.A.","CELECOXIB",""
"","F-26222/21","CELECOXIB CÁPSULAS 200 mg","6/25/2021","MDC HEALTH S.p.A.","CELECOXIB",""
"","F-28011/24","CELECOXIB CÁPSULAS 200 mg","1/3/2024","ASCEND LABORATORIES S.p.A.","CELECOXIB",""
"","F-28655/24","CELECOXIB CÁPSULAS 200 mg","12/30/2024","LABORATORIO CHILE S.A.","CELECOXIB",""
"","F-23504/22","CELEDOX CÁPSULAS 200 mg (CELECOXIB)","6/14/2017","SYNTHON CHILE LTDA.","CELECOXIB",""
"","F-22582/21","CELERIUM CÁPSULAS 200 mg (CELECOXIB)","4/14/2016","SEVEN PHARMA CHILE S.p.A.","CELECOXIB",""
"","F-28703/25","CELERIUM CÁPSULAS 200 mg (CELECOXIB)","2/4/2025","SEVEN PHARMA CHILE S.p.A.","CELECOXIB",""
"","F-23039/21","CELEVITAE CÁPSULAS 200 mg","9/6/2016","GALENICUM HEALTH CHILE S.p.A.","CELECOXIB",""
"","F-8122/21","CELLCEPT CÁPSULAS 250 mg (MICOFENOLATO MOFETILO)","12/11/1996 2:10","ROCHE CHILE LTDA.","MICOFENOLATO",""
"","F-357/23","CELLCEPT COMPRIMIDOS RECUBIERTOS 500 mg (MICOFENOLATO MOFETILO)","2/3/1998 2:10","ROCHE CHILE LTDA.","MICOFENOLATO",""
"","F-26814/22","CELQUET COMPRIMIDOS RECUBIERTOS 100 mg (QUETIAPINA)","5/24/2022","LABORATORIO CELNOVA CHILE S.p.A.","QUETIAPINA",""
"","F-26703/22","CELQUET COMPRIMIDOS RECUBIERTOS 200 mg (QUETIAPINA) ","3/28/2022","LABORATORIO CELNOVA CHILE S.p.A.","QUETIAPINA",""
"","F-26704/22","CELQUET COMPRIMIDOS RECUBIERTOS 25 mg (QUETIAPINA)","3/29/2022","LABORATORIO CELNOVA CHILE S.p.A.","QUETIAPINA",""
"","F-17194/23","CELSENTRI COMPRIMIDOS RECUBIERTOS 150 mg (MARAVIROC)","11/14/2008","GLAXOSMITHKLINE CHILE FARMACÉUTICA LTDA.","MARAVIROC",""
"","F-17195/23","CELSENTRI COMPRIMIDOS RECUBIERTOS 300 mg (MARAVIROC)","11/14/2008","GLAXOSMITHKLINE CHILE FARMACÉUTICA LTDA.","MARAVIROC",""
"","F-14527/25","CELTIUM COMPRIMIDOS RECUBIERTOS 10 mg","1/24/2005","LABORATORIOS SAVAL S.A.","ESCITALOPRAM",""
"","F-15513/21","CELTIUM COMPRIMIDOS RECUBIERTOS 20 mg.","8/29/2006","LABORATORIOS SAVAL S.A.","ESCITALOPRAM",""
"","N-172/22","CENTELLA ASIÁTICA COMPRIMIDOS 30 mg","11/20/2002","LABORATORIOS GARDEN HOUSE FARMACÉUTICA S.A.","",""
"","F-7501/21","CERAZETTE COMPRIMIDOS RECUBIERTOS 0.075 mg","4/9/2001","ORGANON CHILE S.p.A.","DESOGESTREL",""
"","H-1124/23","CEREBRUM COMPOSITUM NM SOLUCIÓN INYECTABLE","3/20/2008","PRODUCTOS FARMACÉUTICOS HEEL CHILE LTDA.","",""
"","F-25353/25","CERETEC LIOFILIZADO PARA SOLUCIÓN INYECTABLE 0,5 mg CON SOLUCIÓN ESTABILIZADORA (EXAMETAZIMA)","3/31/2020","GE HEALTHCARE INTERNATIONAL LLC AGENCIA EN CHILE","EXAMETAZINA",""
"","B-2600/21","CEREZYME POLVO LIOFILIZADO PARA INFUSIÓN INTRAVENOSA 400 U (IMIGLUCERASA)","3/15/2016","SANOFI-AVENTIS DE CHILE S.A.","IMIGLUCERASA",""
"","F-926/23","CERNEVIT MULTIVITAMINICO LIOFILIZADO PARA SOLUCIÓN INYECTABLE","12/24/1998 1:10","INDUSTRIAL Y COMERCIAL BAXTER DE CHILE LTDA.","ACIDO ASCORBICO//ACIDO FOLICO//BIOTINA//CIANOCOBALAMINA//COCARBOXILASA//COLECALCIFEROL//NICOTINAMIDA//PANTENOL//PIRIDOXINA//RETINOL//RIBOFLAVINA//TOCOFEROL",""
"","F-13699/24","CERTICAN COMPRIMIDOS 0,25 mg (EVEROLIMUS)","5/3/2004","NOVARTIS CHILE S.A.","EVEROLIMUS",""
"","F-13700/24","CERTICAN COMPRIMIDOS 0,5 mg (EVEROLIMUS)","5/3/2004","NOVARTIS CHILE S.A.","EVEROLIMUS",""
"","F-13701/24","CERTICAN COMPRIMIDOS 0,75 mg (EVEROLIMUS)","5/3/2004","NOVARTIS CHILE S.A.","EVEROLIMUS",""
"","F-27104/22","CETALLER CÁPSULAS BLANDAS 10 mg ","10/21/2022","VIVUNT PHARMA CHILE LIMITADA","CETIRIZINA",""
"","F-26058/21","CETIREX COMPRIMIDOS RECUBIERTOS 10 mg (CETIRIZINA DICLORHIDRATO)","3/30/2021","ASCEND LABORATORIES S.p.A.","CETIRIZINA",""
"","F-23976/23","CETIREX COMPRIMIDOS RECUBIERTOS 10 mg (CETIRIZINA)","8/9/2018","ASCEND LABORATORIES S.p.A.","CETIRIZINA",""
"","F-26540/21","CETIRIZINA CLORHIDRATO COMPRIMIDOS RECUBIERTOS 10 mg","12/14/2021","LABORATORIO HOSPIFARMA CHILE LTDA.","CETIRIZINA",""
"","F-26990/22","CETIRIZINA CLORHIDRATO COMPRIMIDOS RECUBIERTOS 10 mg","8/17/2022","MDC HEALTH S.p.A.","CETIRIZINA",""
"","F-26977/22","CETIRIZINA DICLORHIDRATO COMPRIMIDOS RECUBIERTOS 10 mg","8/9/2022","MEDINOVA FARMA LTDA.","CETIRIZINA",""
"","F-26817/22","CETIRIZINA DICLORHIDRATO COMPRIMIDOS RECUBIERTOS 10 mg","5/25/2022","LABORATORIO PASTEUR S.A.","CETIRIZINA",""
"","F-27471/23","CETIRIZINA DICLORHIDRATO COMPRIMIDOS RECUBIERTOS 10 mg","4/19/2023","SEVEN PHARMA CHILE S.p.A.","CETIRIZINA",""
"","F-26057/21","CETIRIZINA DICLORHIDRATO COMPRIMIDOS RECUBIERTOS 10 mg","3/30/2021","ASCEND LABORATORIES S.p.A.","CETIRIZINA",""
"","F-23110/21","CETIRIZINA DICLORHIDRATO COMPRIMIDOS RECUBIERTOS 10 mg","10/4/2016","ASCEND LABORATORIES S.p.A.","CETIRIZINA",""
"","F-10073/21","CETIRIZINA DICLORHIDRATO COMPRIMIDOS RECUBIERTOS 10 mg","12/31/2001","MINTLAB Co. S.A.","CETIRIZINA",""
"","F-28041/24","CETIRIZINA DICLORHIDRATO COMPRIMIDOS RECUBIERTOS 10 mg","1/16/2024","SEVEN PHARMA CHILE S.p.A.","CETIRIZINA",""
"","F-16583/22","CETIRIZINA DICLORHIDRATO JARABE 5 mg/5 mL","12/21/2007","OPKO CHILE S.A.","CETIRIZINA",""
"","F-25139/24","CETIRIZINA DICLORHIDRATO JARABE 5 mg/5 mL","11/26/2019","LABORATORIO HOSPIFARMA CHILE LTDA.","CETIRIZINA",""
"","F-25696/25","CETIRIZINA DICLORHIDRATO SOLUCIÓN ORAL 5 mg /5 mL","9/22/2020","NEOETHICALS CHILE S.p.A.","CETIRIZINA",""
"","F-28949/25","CETLINE COMPRIMIDOS RECUBIERTOS 5 mg (LEVOCETIRIZINA DICLORHIDRATO)","6/24/2025","SEVEN PHARMA CHILE S.p.A.","LEVOCETIRIZINA",""
"","F-26484/21","CETLINE COMPRIMIDOS RECUBIERTOS 5 mg (LEVOCETIRIZINA DICLORHIDRATO)","11/4/2021","SEVEN PHARMA CHILE S.p.A.","LEVOCETIRIZINA",""
"","F-20638/23","CETRAXAL PLUS 3/0,25 SOLUCIÓN PARA GOTAS ÓTICAS","12/10/2013 2:10","FAES FARMA CHILE, SALUD Y NUTRICIÓN SpA","CIPROFLOXACINO//FLUOCINOLONA ACETONIDO",""
"","F-13956/24","CETRIL COMPRIMIDOS 10 mg","7/19/2004","MEGALABS CHILE S.A.","BACLOFENO",""
"","F-26582/22","CETROTIDE LIOFILIZADO PARA SOLUCIÓN INYECTABLE 0,25 mg CON SOLVENTE","1/13/2022","MERCK S.A.","CETRORELIX",""
"","F-23472/22","CEUMID 1000 COMPRIMIDOS RECUBIERTOS 1000 mg","5/23/2017","MEGALABS CHILE S.A.","LEVETIRACETAM",""
"","F-23475/22","CEUMID 500 COMPRIMIDOS RECUBIERTOS 500 mg (LEVETIRACETAM )","5/23/2017","MEGALABS CHILE S.A.","LEVETIRACETAM",""
"","F-26720/22","CEUMID CONCENTRADO PARA SOLUCIÓN PARA PERFUSIÓN 500 mg/5 mL (LEVETIRACETAM)","4/5/2022","MEGALABS CHILE S.A.","LEVETIRACETAM",""
"","F-19871/23","CEUMID SOLUCION ORAL 100 mg/mL","4/8/2013 1:10","MEGALABS CHILE S.A.","LEVETIRACETAM",""
"","F-23393/22","CHELTIN FC COMPRIMIDOS RECUBIERTOS","3/21/2017","MEGALABS CHILE S.A.","ACIDO FOLICO//GLICINATO FERROSO",""
"","F-16630/22","CHELTIN IV SOLUCIÓN INYECTABLE 100 mg/ 5 mL","12/21/2007","MEGALABS CHILE S.A.","HIERRO HIDROXIDO",""
"","F-26031/21","CHELTIN IV SOLUCIÓN INYECTABLE 100 mg/ 5 mL (HIERRO)","3/15/2021","MEGALABS CHILE S.A.","HIERRO SACARATO",""
"","F-14449/25","CHELTIN SUSPENSIÓN PARA GOTAS ORALES 6 mg/mL","1/10/2005","MEGALABS CHILE S.A.","GLICINATO FERROSO",""
"","F-25374/25","CHIPTEN COMPRIMIDOS RECUBIERTOS 20 mg (PAROXETINA) ","4/16/2020","PISA FARMACÉUTICA DE CHILE S.p.A.","PAROXETINA",""
"","F-25535/25","CIALIS COMPRIMIDOS RECUBIERTOS 20 mg (TADALAFILO)","7/6/2020","TECNOFARMA S.A.","TADALAFILO",""
"","F-17724/24","CIALIS COMPRIMIDOS RECUBIERTOS 5 mg","8/28/2009","TECNOFARMA S.A.","TADALAFILO",""
"","F-25120/24","CIANOCOBALAMINA SOLUCIÓN INYECTABLE 0,1 mg/1 mL","11/11/2019","DIFEM LABORATORIOS S.A.","CIANOCOBALAMINA",""
"","F-3028/25","CIANOCOBALAMINA SOLUCIÓN INYECTABLE 0,1 mg/mL","2/18/1987 2:10","LABORATORIO BIOSANO S.A.","CIANOCOBALAMINA",""
"","F-6141/25","CIANOCOBALAMINA SOLUCIÓN INYECTABLE 100 mcg/mL","6/7/1984 2:10","LABORATORIO SANDERSON SpA","CIANOCOBALAMINA",""
"","F-26902/22","CIBINQO COMPRIMIDOS RECUBIERTOS 100 mg (ABROCITINIB)","7/18/2022 0:00","PFIZER CHILE S.A.","ABROCITINIB",""
"","F-26903/22","CIBINQO COMPRIMIDOS RECUBIERTOS 200 mg (ABROCITINIB)","7/18/2022 0:00","PFIZER CHILE S.A.","ABROCITINIB",""
"","F-12348/22","CIBLEX COMPRIMIDOS RECUBIERTOS 15 mg","8/20/2002","LABORATORIOS LAFI LTDA.","MIRTAZAPINA",""
"","F-9773/21","CIBLEX COMPRIMIDOS RECUBIERTOS 30 mg","12/13/2001","LABORATORIOS LAFI LTDA.","MIRTAZAPINA",""
"","F-18025/25","CICLIDON 20 CD COMPRIMIDOS RECUBIERTOS","4/30/2010","LABORATORIOS LAFI LTDA.","DESOGESTREL//ETINILESTRADIOL",""
"","B-1528/21","CICLIDON 20 COMPRIMIDOS RECUBIERTOS","3/4/1997","LABORATORIOS LAFI LTDA.","DESOGESTREL//ETINILESTRADIOL",""
"","F-18583/21","CICLIDON CD COMPRIMIDOS RECUBIERTOS","4/11/2011","LABORATORIOS LAFI LTDA.","DESOGESTREL//ETINILESTRADIOL",""
"","F-18515/21","CICLIDON COMPRIMIDOS RECUBIERTOS","3/4/1997","LABORATORIOS LAFI LTDA.","DESOGESTREL//ETINILESTRADIOL",""
"","F-14687/25","CICLOBENZAPRINA CLORHIDRATO COMPRIMIDOS RECUBIERTOS 10 mg","3/30/2005","LABORATORIO CHILE S.A.","CICLOBENZAPRINA",""
"","F-12151/22","CICLOBENZAPRINA CLORHIDRATO COMPRIMIDOS RECUBIERTOS 10 mg","5/28/2002","MINTLAB Co. S.A.","CICLOBENZAPRINA",""
"","F-28804/25","CICLOFOSFAMIDA CAPSULAS 50 mg","4/15/2025","ALEMBIC PHARMACEUTICALS S.p.A.","CICLOFOSFAMIDA (MONOHIDRATO)",""
"","F-9855/21","CICLOMEX 15 COMPRIMIDOS RECUBIERTOS","12/3/2001","LABORATORIOS LAFI LTDA.","ETINILESTRADIOL//GESTODENO",""
"","F-17991/25","CICLOMEX 20 CD COMPRIMIDOS RECUBIERTOS","4/14/2010","LABORATORIOS LAFI LTDA.","ETINILESTRADIOL//GESTODENO",""
"","F-11119/21","CICLOMEX 20 COMPRIMIDOS RECUBIERTOS","2/21/1997","LABORATORIOS LAFI LTDA.","ETINILESTRADIOL//GESTODENO",""
"","F-17990/25","CICLOMEX CD COMPRIMIDOS RECUBIERTOS","4/14/2010","LABORATORIOS LAFI LTDA.","ETINILESTRADIOL//GESTODENO",""
"","F-11120/21","CICLOMEX COMPRIMIDOS RECUBIERTOS (ETINILESTRADIOL/GESTODENO)","7/23/1993","LABORATORIOS LAFI LTDA.","ETINILESTRADIOL//GESTODENO",""
"","F-25934/26","CICLONIC LACA PARA UÑAS 8% (CICLOPIROX)","1/18/2021","GALENICUM HEALTH CHILE S.p.A.","CICLOPIROX",""
"","F-22302/25","CICLOPENTOLATO CLORHIDRATO SOLUCIÓN OFTÁLMICA 1%","11/20/2015 2:10","LABORATORIO HOSPIFARMA CHILE LTDA.","CICLOPENTOLATO",""
"","B-2424/24","CICLOSERINA CÁPSULAS 250 mg","10/7/2014","VESALIUS PHARMA S.A.","CICLOSERINA",""
"","F-19209/22","CIDIMUS CÁPSULAS 0,5 mg","1/18/2012","SANDOZ CHILE S.p.A.","TACROLIMUS",""
"","F-19410/22","CIDIMUS CÁPSULAS 1,0 mg","5/9/2012","SANDOZ CHILE S.p.A.","TACROLIMUS",""
"","F-19210/22","CIDIMUS CÁPSULAS 5,0 mg","1/18/2012","SANDOZ CHILE S.p.A.","TACROLIMUS",""
"","F-25546/25","CIDIMUS XL CÁPSULAS DE LIBERACIÓN PROLONGADA 0,5 mg (TACROLIMUS)","7/8/2020","SANDOZ CHILE S.p.A.","TACROLIMUS",""
"","F-25547/25","CIDIMUS XL CAPSULAS DE LIBERACIÓN PROLONGADA 1 mg (TACROLIMUS)","7/8/2020","SANDOZ CHILE S.p.A.","TACROLIMUS",""
"","F-25544/25","CIDIMUS XL CÁPSULAS DE LIBERACIÓN PROLONGADA 3 mg (TACROLIMUS)","7/7/2020","SANDOZ CHILE S.p.A.","TACROLIMUS",""
"","F-25545/25","CIDIMUS XL CÁPSULAS DE LIBERACIÓN PROLONGADA 5 mg (TACROLIMUS)","7/7/2020","SANDOZ CHILE S.p.A.","TACROLIMUS",""
"","F-28309/24","CIFIBRAN COMPRIMIDOS RECUBIERTOS 801 mg","6/4/2024","LABORATORIO CHILE S.A.","PIRFENIDONA",""
"","F-18683/21","CILOKARE COMPRIMIDOS RECUBIERTOS 12,5 mg","6/17/2011","DR. REDDY'S LABORATORIES CHILE S.p.A.","CARVEDILOL",""
"","F-18682/21","CILOKARE COMPRIMIDOS RECUBIERTOS 6,25 mg","6/17/2011","DR. REDDY'S LABORATORIES CHILE S.p.A.","CARVEDILOL",""
"","F-26954/22","CILOSTAZOL COMPRIMIDOS 100 mg","8/2/2022","EUROFARMA CHILE SpA","CILOSTAZOL",""
"","F-21312/24","CILOSVITAE COMPRIMIDOS 100 mg","8/12/2014","GALENICUM HEALTH CHILE S.p.A.","CILOSTAZOL",""
"","F-25419/25","CILOSVITAE COMPRIMIDOS 50 mg (CILOSTAZOL)","5/7/2020","GALENICUM HEALTH CHILE S.p.A.","CILOSTAZOL",""
"","B-2227/21","CIMZIA SOLUCIÓN INYECTABLE 200 mg/mL (CERTOLIZUMAB)","12/20/2011","LABORATORIOS BIOPAS S.A.","CERTOLIZUMAB",""
"","F-27630/23","CINACALCET COMPRIMIDOS RECUBIERTOS 30 mg","7/7/2023","EMCURE PHARMA CHILE S.p.A.","CINACALCET",""
"","F-26229/21","CINACALCET COMPRIMIDOS RECUBIERTOS 30 mg","7/28/2021","INDOPHARMA S.A.","CINACALCET",""
"","F-23767/23","CINACALCET COMPRIMIDOS RECUBIERTOS 30 mg","4/13/2018","ASCEND LABORATORIES S.p.A.","CINACALCET",""
"","F-26907/22","CINACALCET COMPRIMIDOS RECUBIERTOS 30 mg","7/18/2022","SIAA VIDA FARMA SPA","CINACALCET",""
"","F-28429/24","CINACALCET COMPRIMIDOS RECUBIERTOS 30 mg","8/20/2024","SEVEN PHARMA CHILE S.p.A.","CINACALCET",""
"","F-28594/24","CINACALCET COMPRIMIDOS RECUBIERTOS 60 mg","11/18/2024","SEVEN PHARMA CHILE S.p.A.","CINACALCET",""
"","F-23768/23","CINACALCET COMPRIMIDOS RECUBIERTOS 60 mg","4/13/2018","ASCEND LABORATORIES S.p.A.","CINACALCET",""
"","F-26230/21","CINACALCET COMPRIMIDOS RECUBIERTOS 60 mg","7/28/2021","INDOPHARMA S.A.","CINACALCET",""
"","F-27631/23","CINACALCET COMPRIMIDOS RECUBIERTOS 60 mg","7/7/2023","EMCURE PHARMA CHILE S.p.A.","CINACALCET",""
"","F-26910/22","CINACALCET COMPRIMIDOS RECUBIERTOS 60 mg","7/18/2022","SIAA VIDA FARMA SPA","CINACALCET",""
"","F-26024/21","CINACRED COMPRIMIDOS RECUBIERTOS 60 mg ( CINACALCET)","3/9/2021","DR. REDDY'S LABORATORIES CHILE S.p.A.","CINACALCET",""
"","B-2730/23","CINQAIR CONCENTRADO PARA SOLUCIÓN PARA PERFUSIÓN 100 mg/ 10 mL (RESLIZUMAB)","11/19/2018","LABORATORIO CHILE S.A.","RESLIZUMAB",""
"","F-15347/25","CIPRAMIL COMPRIMIDOS RECUBIERTOS 20 mg","12/30/2005","LUNDBECK CHILE FARMACÉUTICA LTDA.","CITALOPRAM",""
"","F-28052/24","CIPROFIBRATO CÁPSULAS 100 mg","1/16/2024","ALPES CHEMIE S.A.","CIPROFIBRATO",""
"","F-22866/21","CIPROFLOXACINO SOLUCIÓN OFTÁLMICA 0,3%","7/12/2016","MEDINOVA FARMA LTDA.","CIPROFLOXACINO",""
"","F-9567/21","CIPROVAL SOLUCIÓN OFTÁLMICA 0,3%","12/2/1992","LABORATORIOS SAVAL S.A.","CIPROFLOXACINO",""
"","F-9569/21","CIPROVAL UNGÜENTO OFTÁLMICO 0,3% (CIPROFLOXACINO)","3/20/1997 1:10","LABORATORIOS SAVAL S.A.","CIPROFLOXACINO",""
"","F-23544/22","CIRCALIFE CAPSULAS 3 mg (MELATONINA)","7/12/2017","ARAMA NATURAL PRODUCTS DISTRIBUIDORA LTDA.","Melatonina",""
"","F-25907/26","CIRCALIFE SOLUCION PARA GOTAS ORALES 3 mg/mL (MELATONINA)","1/6/2021 2:10","ARAMA NATURAL PRODUCTS DISTRIBUIDORA LTDA.","MELATONINA",""
"","F-24788/24","CIRIAX 500 COMPRIMIDOS RECUBIERTOS 500 mg (Ciprofloxacino)","4/17/2019","MEGALABS CHILE S.A.","CIPROFLOXACINO",""
"","F-28602/24","CIS SOLUCIÓN INYECTABLE 10 mg/5 mL (CISATRACURIO)","11/22/2024","CRISTALIA CHILE S.p.A.","CISATRACURIO BESILATO",""
"","F-24672/24","CIS SOLUCIÓN INYECTABLE 20 mg/10 mL (CISATRACURIO)","2/25/2019","CRISTALIA CHILE S.p.A.","CISATRACURIO BESILATO",""
"","F-26099/21","CISATRACURIO SOLUCIÓN INYECTABLE 10 mg/5 mL","4/26/2021","FARMEDICAL S.p.A.","CISATRACURIO BESILATO",""
"","F-26672/22","CISATRACURIO SOLUCIÓN INYECTABLE 10 mg/5 mL","3/14/2022","NEOETHICALS CHILE S.p.A.","CISATRACURIO BESILATO",""
"","F-26667/22","CISATRACURIO SOLUCIÓN INYECTABLE 20 mg/10 mL","3/8/2022","NEOETHICALS CHILE S.p.A.","CISATRACURIO BESILATO",""
"","F-26710/22","CISATRACURIO SOLUCIÓN INYECTABLE 5 mg/2,5 mL","3/30/2022","NEOETHICALS CHILE S.p.A.","CISATRACURIO BESILATO",""
"","F-24003/23","CISLAN SOLUCIÓN INYECTABLE 100 mg/100 mL","9/6/2018","SEVEN PHARMA CHILE S.p.A.","Cisplatino",""
"","F-24135/23","CISLAN SOLUCIÓN INYECTABLE 50 mg/50 mL","9/26/2018","SEVEN PHARMA CHILE S.p.A.","Cisplatino",""
"","F-18938/21","CISORDINOL ACUTARD SOLUCIÓN INYECTABLE 50 mg/mL","10/5/2011","LUNDBECK CHILE FARMACÉUTICA LTDA.","ZUCLOPENTIXOL",""
"","F-11469/21","CISORDINOL COMPRIMIDOS RECUBIERTOS 10 mg","2/28/1995","LUNDBECK CHILE FARMACÉUTICA LTDA.","ZUCLOPENTIXOL",""
"","F-11472/21","CISORDINOL DEPOT SOLUCIÓN INYECTABLE 200 mg/mL","2/28/1995","LUNDBECK CHILE FARMACÉUTICA LTDA.","ZUCLOPENTIXOL",""
"","F-19339/22","CISPLATINO SOLUCIÓN INYECTABLE 50 mg/50 mL","3/30/2012","FRESENIUS KABI CHILE LTDA.","CISPLATINO",""
"","F-24030/23","CITALE COMPRIMIDOS RECUBIERTOS 30 mg (CINACALCET)","8/14/2018","SEVEN PHARMA CHILE S.p.A.","CINACALCET",""
"","F-24034/23","CITALE COMPRIMIDOS RECUBIERTOS 60 mg","8/14/2018","SEVEN PHARMA CHILE S.p.A.","CINACALCET",""
"","F-24035/23","CITALE COMPRIMIDOS RECUBIERTOS 90 mg","8/14/2018","SEVEN PHARMA CHILE S.p.A.","CINACALCET",""
"","F-22523/21","CITALOPRAM COMPRIMIDOS RECUBIERTOS 20 mg","3/30/2016","MEDINOVA FARMA LTDA.","CITALOPRAM",""
"","F-17253/23","CITALOPRAM COMPRIMIDOS 20 mg","12/5/2008","MINTLAB Co. S.A.","CITALOPRAM",""
"","F-24604/24","CITALOPRAM COMPRIMIDOS RECUBIERTOS 20 mg","1/29/2019","LABORATORIO CHILE S.A.","CITALOPRAM",""
"","F-27329/23","CITALOPRAM COMPRIMIDOS RECUBIERTOS 20 mg","2/8/2023","SEVEN PHARMA CHILE S.p.A.","CITALOPRAM",""
"","F-28298/24","CITALOPRAM COMPRIMIDOS RECUBIERTOS 20 mg","5/23/2024","MDC HEALTH S.p.A.","CITALOPRAM",""
"","F-27365/23","CITAM COMPRIMIDOS RECUBIERTOS 10 mg (ESCITALOPRAM)","3/8/2023","ASCEND LABORATORIES S.p.A.","ESCITALOPRAM",""
"","F-27366/23","CITAM COMPRIMIDOS RECUBIERTOS 20 mg (ESCITALOPRAM)","3/8/2023","ASCEND LABORATORIES S.p.A.","ESCITALOPRAM",""
"","F-20754/24","CITARABINA SOLUCIÓN INYECTABLE 1 g/10 mL","1/3/2014","FRESENIUS KABI CHILE LTDA.","CITARABINA",""
"","F-25527/25","CITARABINA SOLUCIÓN INYECTABLE 100 mg/5 mL","7/1/2020","BLAU FARMACEUTICA CHILE S.p.A.","CITARABINA",""
"","F-28499/24","CITARABINA SOLUCIÓN INYECTABLE 2g/20mL ","10/28/2024","FRESENIUS KABI CHILE LTDA.","CITARABINA",""
"","F-25528/25","CITARABINA SOLUCIÓN INYECTABLE 500 mg/ 10mL","7/1/2020","BLAU FARMACEUTICA CHILE S.p.A.","CITARABINA",""
"","F-23730/23","CITICOLINA SOLUCIÓN INYECTABLE 500 mg/2 mL","3/9/2018","NEOETHICALS CHILE S.p.A.","CITICOLINA",""
"","F-23977/23","CITIVITAE SOLUCIÓN ORAL 1000 mg/10 mL, EN SOBRES (CITICOLINA)","8/31/2018","GALENICUM HEALTH CHILE S.p.A.","CITICOLINA",""
"","F-26632/22","CITOCIT COMPRIMIDOS RECUBIERTOS 450 mg (VALGANCICLOVIR)","2/9/2022","LABORATORIO CHILE S.A.","VALGANCICLOVIR",""
"","F-24157/23","CITOCIT COMPRIMIDOS RECUBIERTOS 450 mg (VALGANCICLOVIR)","10/8/2018","LABORATORIO CHILE S.A.","VALGANCICLOVIR",""
"","F-20731/23","CITONEURON CÁPSULAS","12/30/2013","FERRER CHILE S.A.","CITIDIN 5 MONOFOSFATO//HIDROXOCOBALAMINA//URIDIN TRIFOSFATO",""
"","F-25285/25","CITRAFLEET POLVO PARA SOLUCIÓN ORAL","2/5/2020","SYNTHON CHILE LTDA.","ACIDO CITRICO//MAGNESIO OXIDO//SODIO PICOSULFATO",""
"","F-26856/22","CLARIMIR F SOLUCIÓN OFTÁLMICA","6/15/2022","LABORATORIOS ANDRÓMACO S.A.","FENIRAMINA//NAFAZOLINA",""
"","F-24206/23","CLARISCAN SOLUCIÓN INYECTABLE 279 mg/mL (ÁCIDO GADOTÉRICO)","10/23/2018","GE HEALTHCARE INTERNATIONAL LLC AGENCIA EN CHILE","ACIDO GADOTERICO",""
"","F-26932/22","CLARITROMICINA COMPRIMIDOS RECUBIERTOS 500 mg","7/26/2022","SEVEN PHARMA CHILE S.p.A.","CLARITROMICINA",""
"","F-27415/23","CLARITROMICINA COMPRIMIDOS RECUBIERTOS 500 mg","3/29/2023","OPKO CHILE S.A.","CLARITROMICINA",""
"","F-26553/21","CLARITROMICINA COMPRIMIDOS RECUBIERTOS 500 mg","12/27/2021","SIAA VIDA FARMA SPA","CLARITROMICINA",""
"","F-14430/24","CLARITROMICINA COMPRIMIDOS RECUBIERTOS 500 mg","4/19/1999","CHEMOPHARMA S.A.","CLARITROMICINA",""
"","F-13825/24","CLARITROMICINA COMPRIMIDOS RECUBIERTOS 500 mg","6/8/2004","LABORATORIOS ANDRÓMACO S.A.","CLARITROMICINA",""
"","F-13663/24","CLARITROMICINA COMPRIMIDOS RECUBIERTOS 500 mg","4/28/2004","LABORATORIO CHILE S.A.","CLARITROMICINA",""
"","F-24761/24","CLARITROMICINA POLVO GRANULAR PARA SUSPENSIÓN ORAL 250 mg/5 mL","4/11/2019","NEOETHICALS CHILE S.p.A.","CLARITROMICINA",""
"","F-15416/21","CLATIC POLVO GRANULAR PARA SUSPENSIÓN ORAL 125 mg/5 mL","3/9/2006","LABORATORIO PASTEUR S.A.","CLARITROMICINA",""
"","F-15417/21","CLATIC POLVO GRANULAR PARA SUSPENSIÓN ORAL 250 mg/5 mL","3/9/2006","LABORATORIO PASTEUR S.A.","CLARITROMICINA",""
"","F-13933/24","CLAUTER COMPRIMIDOS 100 mg","6/30/2004","TECNOFARMA S.A.","CILOSTAZOL",""
"","F-13932/24","CLAUTER COMPRIMIDOS 50 mg","6/30/2004","TECNOFARMA S.A.","CILOSTAZOL",""
"","F-19292/22","CLAVAM DUO 875/125 COMPRIMIDOS RECUBIERTOS","3/9/2012 1:10","EUROFARMA CHILE SpA","ACIDO CLAVULANICO//AMOXICILINA",""
"","F-19418/22","CLAVAM DUO 400/57 POLVO PARA SUSPENSIÓN ORAL","5/15/2012 2:10","EUROFARMA CHILE SpA","ACIDO CLAVULANICO//AMOXICILINA",""
"","F-24648/23","CLAVINEX DUO 400/57 POLVO PARA SUSPENSIÓN ORAL CON SOLVENTE","2/24/1998 1:10","LABORATORIOS SAVAL S.A.","ACIDO CLAVULANICO//AMOXICILINA",""
"","F-12676/22","CLAVINEX DUO 875/125 COMPRIMIDOS RECUBIERTOS","9/8/1997","LABORATORIOS SAVAL S.A.","ACIDO CLAVULANICO//AMOXICILINA",""
"","F-17898/25","CLAVINEX DUO CD 875 / 125 COMPRIMIDOS DISPERSABLES","2/1/2010","LABORATORIOS SAVAL S.A.","ACIDO CLAVULANICO//AMOXICILINA",""
"","F-11949/22","CLAVINEX DUO FORTE 800/57 POLVO PARA SUSPENSIÓN ORAL CON SOLVENTE","3/26/2002","LABORATORIOS SAVAL S.A.","ACIDO CLAVULANICO//AMOXICILINA",""
"","F-22634/21","CLAVOXILINA BID 800/57 POLVO PARA SUSPENSION ORAL, CON SOLVENTE","5/3/2016","LABORATORIOS LAFI LTDA.","AMOXICILINA",""
"","F-10054/21","CLAVOXILINA BID 875/125 COMPRIMIDOS RECUBIERTOS","12/31/2001","LABORATORIOS LAFI LTDA.","ACIDO CLAVULANICO//AMOXICILINA",""
"","F-28577/24","CLAVSPRING 875/125 COMPRIMIDOS RECUBIERTOS ","11/6/2024","MDC HEALTH S.p.A.","ACIDO CLAVULANICO//AMOXICILINA",""
"","F-27213/22","CLEOMYCIN GEL TOPICO 1% (CLINDAMICINA)","12/14/2022","ASCEND LABORATORIES S.p.A.","CLINDAMICINA",""
"","B-1348/21","CLEXANE SOLUCIÓN INYECTABLE 20 mg/0,2 mL","9/1/1992","SANOFI-AVENTIS DE CHILE S.A.","ENOXAPARINA",""
"","B-3156/25","CLEXANE SOLUCIÓN INYECTABLE 20 mg/0,2 mL","10/28/2025","SANOFI-AVENTIS DE CHILE S.A.","ENOXAPARINA",""
"","B-3158/25","CLEXANE SOLUCIÓN INYECTABLE 40 mg/0,4 mL","10/28/2025","SANOFI-AVENTIS DE CHILE S.A.","ENOXAPARINA",""
"","B-1349/21","CLEXANE SOLUCIÓN INYECTABLE 40 mg/0,4 mL","9/1/1992","SANOFI-AVENTIS DE CHILE S.A.","ENOXAPARINA",""
"","B-1350/21","CLEXANE SOLUCIÓN INYECTABLE 60 mg/0,6 mL","12/31/1996","SANOFI-AVENTIS DE CHILE S.A.","ENOXAPARINA",""
"","B-3159/25","CLEXANE SOLUCIÓN INYECTABLE 60 mg/0,6 mL","10/29/2025","SANOFI-AVENTIS DE CHILE S.A.","ENOXAPARINA",""
"","B-3157/25","CLEXANE SOLUCIÓN INYECTABLE 80 mg/0,8 mL","10/28/2025","SANOFI-AVENTIS DE CHILE S.A.","ENOXAPARINA",""
"","B-1351/26","CLEXANE SOLUCIÓN INYECTABLE 80 mg/0,8 mL","1/16/1997","SANOFI-AVENTIS DE CHILE S.A.","ENOXAPARINA",""
"","F-8165/21","CLIDAN GEL DÉRMICO 1%","6/19/1991","LABORATORIOS D & M PHARMA LTDA.","CLINDAMICINA",""
"","F-25394/20","CLIDAN SOLUCIÓN TÓPICA 1% (CLINDAMICINA FOSFATO)","4/15/2020","LABORATORIO D & M PHARMA LTDA.","CLINDAMICINA",""
"","F-13944/24","CLIDAN-B GEL DÉRMICO","7/13/2004","LABORATORIOS D & M PHARMA LTDA.","CLINDAMICINA//PEROXIDO DE BENZOILO",""
"","F-25421/25","CLIMAVAL COMPRIMIDOS 2,5 mg (Tibolona)","5/11/2020","LABORATORIOS SAVAL S.A.","TIBOLONA",""
"","F-15374/26","CLINDAMICINA SOLUCIÓN INYECTABLE 600 mg/4 mL","1/10/2006","LABORATORIO SANDERSON SpA","CLINDAMICINA",""
"","F-8894/21","CLINIUM CÁPSULAS 20 mg (FLUOXETINA CLORHIDRATO)","2/13/1990","INSTITUTO SANITAS S.A.","FLUOXETINA",""
"","F-15345/25","CLINOMAT COMPRIMIDOS RECUBIERTOS","12/29/2005","LABORATORIOS RECALCINE S.A.","DROSPIRENONA//ESTRADIOL",""
"","F-19242/22","CLINOMAT LOW COMPRIMIDOS RECUBIERTOS","2/17/2012","LABORATORIOS RECALCINE S.A.","DROSPIRENONA//ESTRADIOL",""
"","F-15229/25","CLOB-X SHAMPOO 0,05%","11/20/2005","GALDERMA CHILE LABORATORIOS LTDA.","CLOBETASOL",""
"","F-20162/23","CLOBETASOL PROPIONATO CREMA TÓPICA 0,05 %","7/29/2013 2:10","OPKO CHILE S.A.","CLOBETASOL",""
"","F-14955/25","CLOBETASOL PROPIONATO CREMA DÉRMICA 0,05%.","7/28/2005","LABORATORIO PASTEUR S.A.","CLOBETASOL",""
"","F-20963/24","CLOBETASOL PROPIONATO CREMA TÓPICA 0,05 %","3/21/2014","LABORATORIO HOSPIFARMA CHILE LTDA.","CLOBETASOL",""
"","F-27354/23","CLOBETASOL PROPIONATO CREMA TÓPICA 0,05 %","2/21/2023","ASCEND LABORATORIES S.p.A.","CLOBETASOL",""
"","F-27587/23","CLOBETASOL PROPIONATO CREMA TÓPICA 0,05 %","6/19/2023","BPH S.A.","CLOBETASOL",""
"","F-2703/25","CLOBETASOL PROPIONATO CREMA TÓPICA 0,05%","2/8/2000","MINTLAB Co. S.A.","CLOBETASOL",""
"","F-26085/21","CLOBETASOL PROPIONATO CREMA TÓPICA 0,05%","4/12/2021","WINPHARM S.p.A.","CLOBETASOL",""
"","F-24833/24","CLOBETASOL PROPIONATO CREMA TÓPICA 0,05%","5/14/2019","ASCEND LABORATORIES S.p.A.","CLOBETASOL",""
"","F-16699/23","CLOBETASOL PROPIONATO CREMA TÓPICA 0,05%","2/15/2008","OPKO CHILE S.A.","CLOBETASOL",""
"","F-28615/24","CLOBETASOL PROPIONATO CREMA TÓPICA 0,05%","11/25/2024","LABORATORIO SCL LIMITADA","CLOBETASOL",""
"","F-21894/25","CLOBETASOL PROPIONATO CREMA TÓPICA 0,05%","6/4/2015 2:10","B Y B FARMACÉUTICA LTDA.","CLOBETASOL",""
"","F-28604/24","CLOBETASOL PROPIONATO UNGÜENTO DÉRMICO 0,05 %","11/18/2024","ALEMBIC PHARMACEUTICALS S.p.A.","CLOBETASOL",""
"","F-20962/24","CLOBETASOL PROPIONATO UNGÜENTO DÉRMICO 0,05 %","3/21/2014","LABORATORIO HOSPIFARMA CHILE LTDA.","CLOBETASOL",""
"","F-14932/25","CLOBETASOL PROPIONATO UNGÜENTO DÉRMICO 0,05%.","7/22/2005","LABORATORIO PASTEUR S.A.","CLOBETASOL",""
"","F-28283/24","CLOBETASOL PROPIONATO UNGUENTO TÓPICO 0,05%","5/8/2024","LABORATORIO SCL LIMITADA","CLOBETASOL",""
"","F-26464/21","CLODAVAN CREMA TÓPICA 0,05% (CLOBETASOL PROPIONATO)","10/26/2021","EUROFARMA CHILE SpA","CLOBETASOL",""
"","F-26627/22","CLODAVAN SOLUCIÓN TÓPICA 0,05%","2/8/2022","EUROFARMA CHILE SpA","CLOBETASOL",""
"","F-28616/24","CLODERM CREMA TÓPICA 0,05% (CLOBETASOL PROPIONATO)","11/25/2024","LABORATORIO SCL LIMITADA","CLOBETASOL",""
"","F-28284/24","CLODERM UNGÜENTO TÓPICO 0,05% (CLOBETASOL PROPIONATO)","5/8/2024","LABORATORIO SCL LIMITADA","CLOBETASOL",""
"","F-22493/21","CLOFARABINA SOLUCIÓN INYECTABLE 1 mg/mL","3/9/2016","VARIFARMA CHILE S.p.A.","CLOFARABINA",""
"","F-18248/25","CLOFAZIC SOLUCIÓN INYECTABLE 20 mg/20 mL","8/31/2010","TECNOFARMA S.A.","CLOFARABINA",""
"","F-3222/25","CLONALGIN COMPRIMIDOS RECUBIERTOS 125 mg","12/2/1987 2:10","CHEMOPHARMA S.A.","CLONIXINIO",""
"","F-9881/21","CLONIXINATO DE LISINA COMPRIMIDOS RECUBIERTOS 125 mg","7/2/1993","MINTLAB Co. S.A.","CLONIXINIO",""
"","F-18024/25","CLONIXINATO DE LISINA COMPRIMIDOS RECUBIERTOS 125 mg","4/29/2010","B Y B FARMACÉUTICA LTDA.","CLONIXINIO",""
"","F-7627/21","CLONIXINATO DE LISINA SOLUCIÓN INYECTABLE 100 mg/2 mL","4/17/1990","LABORATORIO BIOSANO S.A.","CLONIXINIO",""
"","F-28131/24","CLOPIDOGREL COMPRIMIDOS RECUBIERTOS 75 mg ","3/11/2024","NEOETHICALS CHILE S.p.A.","CLOPIDOGREL",""
"","F-25050/24","CLOPIDOGREL COMPRIMIDOS RECUBIERTOS 75 mg","9/12/2019","ASCEND LABORATORIES S.p.A.","CLOPIDOGREL",""
"","F-23627/22","CLOPIDOGREL COMPRIMIDOS RECUBIERTOS 75 mg","10/23/2017","LABORATORIO CHILE S.A.","CLOPIDOGREL",""
"","F-22777/21","CLOPIDOGREL COMPRIMIDOS RECUBIERTOS 75 mg","6/13/2016","SEVEN PHARMA CHILE S.p.A.","CLOPIDOGREL",""
"","F-23382/22","CLOPIHET COMPRIMIDOS RECUBIERTOS 300 mg ","3/21/2017","SEVEN PHARMA CHILE S.p.A.","CLOPIDOGREL",""
"","F-26549/21","CLOPIHET COMPRIMIDOS RECUBIERTOS 75 mg (CLOPIDOGREL)","12/22/2021","SEVEN PHARMA CHILE S.p.A.","CLOPIDOGREL",""
"","F-25051/24","CLOPIKEM COMPRIMIDOS RECUBIERTOS 75 mg (Clopidogrel)","9/12/2019","ASCEND LABORATORIES S.p.A.","CLOPIDOGREL",""
"","F-22129/25","CLOPIVITAE COMPRIMIDOS RECUBIERTOS 75 mg (CLOPIDOGREL)","10/28/2015","GALENICUM HEALTH CHILE S.p.A.","CLOPIDOGREL",""
"","F-22980/21","CLORAMBUCILO COMPRIMIDOS RECUBIERTOS 2 mg","8/23/2016 1:10","SEVEN PHARMA CHILE S.p.A.","CLORAMBUCILO",""
"","F-6439/25","CLORAMPAST ÓVULOS 500 mg","5/30/1980 2:10","LABORATORIO PASTEUR S.A.","CLORANFENICOL",""
"","F-28264/24","CLORANFENICOL SOLUCIÓN OFTÁLMICA 0,5 % ","4/29/2024","COMERCIAL APOTECARE S.p.A.","CLORANFENICOL",""
"","F-25283/25","CLORANFENICOL SOLUCIÓN OFTÁLMICA 0,5%","2/10/2020","PHARMATECH CHILE S.p.A.","CLORANFENICOL",""
"","F-20082/23","CLORANFENICOL SOLUCIÓN OFTÁLMICA 0,5%","7/2/2013","OPKO CHILE S.A.","CLORANFENICOL",""
"","F-19212/22","CLORANFENICOL UNGÜENTO OFTÁLMICO 1%","1/18/2012","LABORATORIO HOSPIFARMA CHILE LTDA.","CLORANFENICOL",""
"","F-12980/23","CLORANFENICOL UNGÜENTO OFTÁLMICO 1%","4/7/1952","LABORATORIOS SAVAL S.A.","CLORANFENICOL",""
"","F-22797/21","CLORANFENICOL UNGÜENTO OFTÁLMICO 1%","6/20/2016 2:10","MEDINOVA FARMA LTDA.","CLORANFENICOL",""
"","F-22798/21","CLORANFENICOL UNGÜENTO OFTÁLMICO 1%","6/20/2016","MEDINOVA FARMA LTDA.","CLORANFENICOL",""
"","F-7259/25","CLORANFENICOL UNGÜENTO OFTÁLMICO 1%","12/18/2000 2:10","BPH S.A.","CLORANFENICOL",""
"","F-6877/25","CLORFENAMINA MALEATO COMPRIMIDOS 4 mg","4/14/1982","MINTLAB Co. S.A.","CLORFENAMINA",""
"","F-3901/25","CLORFENAMINA MALEATO COMPRIMIDOS 4 mg","11/20/1986 2:10","LABORATORIO CHILE S.A.","CLORFENAMINA",""
"","F-11601/21","CLORFENAMINA MALEATO COMPRIMIDOS 4 mg","9/27/1991","LABORATORIO PASTEUR S.A.","CLORFENAMINA",""
"","F-6143/25","CLORFENAMINA MALEATO SOLUCIÓN INYECTABLE 10 mg/1 mL","10/19/1983","LABORATORIO SANDERSON SpA","CLORFENAMINA",""
"","F-25754/25","CLORFENAMINA MALEATO SOLUCIÓN INYECTABLE 10 mg/1 mL","10/27/2020","DIFEM LABORATORIOS S.A.","CLORFENAMINA",""
"","F-3030/25","CLORFENAMINA MALEATO SOLUCIÓN INYECTABLE 10 mg/mL","12/26/1986 2:10","LABORATORIO BIOSANO S.A.","CLORFENAMINA",""
"","F-26360/21","CLORFERATON JARABE 2mg/5mL","8/25/2021","LABORATORIO HOSPIFARMA CHILE LTDA.","CLORFENAMINA",""
"","F-2258/24","CLOROQUINA DIFOSFATO COMPRIMIDOS 250 mg","3/12/1971","LABORATORIO CHILE S.A.","CLOROQUINA",""
"","F-25861/25","CLORPROMAZINA COMPRIMIDOS RECUBIERTOS 100 mg","12/15/2020","LABORATORIO PASTEUR S.A.","CLORPROMAZINA",""
"","F-8277/21","CLORPROMAZINA CLORHIDRATO GRAGEAS 25 mg","9/3/1996","BPH S.A.","CLORPROMAZINA",""
"","F-6144/25","CLORPROMAZINA CLORHIDRATO SOLUCIÓN INYECTABLE 25 mg/2 mL","1/25/1984","LABORATORIO SANDERSON SpA","CLORPROMAZINA",""
"","F-27221/22","CLORPROMAZINA COMPRIMIDOS RECUBIERTOS 100 mg","12/19/2022","WINPHARM S.p.A.","CLORPROMAZINA",""
"","F-28179/24","CLORTALIDONA COMPRIMIDOS 12,5 mg","3/26/2024","LABORATORIOS RECALCINE S.A.","CLORTALIDONA",""
"","F-13540/24","CLORURO DE CALCIO DIHIDRATO SOLUCIÓN INYECTABLE 10%","3/22/2004","LABORATORIO SANDERSON SpA","Cloruro De Calcio Dihidrato",""
"","F-22316/25","CLORURO DE POTASIO 0,224%, GLUCOSA MONOHIDRATO 5%Y CLORURO DE SODIO 0,45% SOLUCIÓN INYECTABLE","11/25/2015 2:10","LABORATORIO SANDERSON SpA","GLUCOSA//POTASIO CLORURO//SODIO CLORURO",""
"","F-15464/21","CLORURO DE POTASIO COMPRIMIDOS RECUBIERTOS DE LIBERACIÓN PROLONGADA 600 mg","5/16/2006","BPH S.A.","POTASIO CLORURO",""
"","F-23618/23","CLORURO DE POTASIO EN DEXTROSA 5% Y CLORURO DE SODIO 0,45% SOLUCIÓN INYECTABLE 20 mEq/L ","1/23/2018","LABORATORIO SANDERSON SpA","GLUCOSA//POTASIO CLORURO//SODIO CLORURO",""
"","F-25224/25","CLORURO DE POTASIO SOLUCIÓN INYECTABLE 40 mEq / 100 mL","1/13/2020","LABORATORIO SANDERSON SpA","POTASIO CLORURO",""
"","F-17820/24","CLORURO DE POTASIO SOLUCIÓN INYECTABLE 40 mEq / 100 mL","10/26/2009","INDUSTRIAL Y COMERCIAL BAXTER DE CHILE LTDA.","POTASIO CLORURO",""
"","F-2490/24","CLORURO DE POTASIO SOLUCIÓN INYECTABLE 10 %","7/22/1975","LABORATORIO SANDERSON SpA","POTASIO CLORURO",""
"","F-28469/24","CLORURO DE POTASIO SOLUCIÓN INYECTABLE 10%","9/9/2024","BPH S.A.","CLORURO DE POTASIO",""
"","F-19808/23","CLORURO DE SODIO SOLUCIÓN INYECTABLE 0,9%","3/11/2013","EUROFARMA CHILE SpA","SODIO CLORURO",""
"","F-18709/21","CLORURO DE SODIO SOLUCIÓN INYECTABLE 0,9 %","6/24/2011","LABORATORIO BIOSANO S.A.","SODIO CLORURO",""
"","F-26135/21","CLORURO DE SODIO SOLUCIÓN INYECTABLE 0,9 %","5/3/2021","COMERCIAL APOTECARE S.p.A.","SODIO CLORURO",""
"","F-26747/22","CLORURO DE SODIO SOLUCIÓN INYECTABLE 0,9 %","4/20/2022","BPH S.A.","SODIO CLORURO",""
"","F-28472/24","CLORURO DE SODIO SOLUCIÓN INYECTABLE 0,9 %","9/10/2024","CENTRAL DE ABASTECIMIENTO DEL SISTEMA NACIONAL DE SERVICIOS DE SALUD CENABAST","SODIO CLORURO",""
"","F-28475/24","CLORURO DE SODIO SOLUCIÓN INYECTABLE 0,9 %","9/10/2024","CENTRAL DE ABASTECIMIENTO DEL SISTEMA NACIONAL DE SERVICIOS DE SALUD CENABAST","SODIO CLORURO",""
"","F-28474/24","CLORURO DE SODIO SOLUCIÓN INYECTABLE 0,9%","9/10/2024","BPH S.A.","SODIO CLORURO",""
"","F-24864/24","CLORURO DE SODIO SOLUCIÓN INYECTABLE 0,9%","6/3/2019","LABORATORIO SANDERSON SpA","SODIO CLORURO",""
"","F-25136/24","CLORURO DE SODIO SOLUCIÓN INYECTABLE 0,9%","11/27/2019","LABORATORIO FLEXPHARMA CHILE LTDA.","SODIO CLORURO",""
"","F-19967/23","CLORURO DE SODIO SOLUCIÓN INYECTABLE 0,9%","5/20/2013","B. BRAUN MEDICAL SpA","SODIO CLORURO",""
"","F-21507/24","CLORURO DE SODIO SOLUCIÓN INYECTABLE 0,9%","10/30/2014","INDUSTRIAL Y COMERCIAL BAXTER DE CHILE LTDA.","SODIO CLORURO",""
"","F-14349/24","CLORURO DE SODIO SOLUCIÓN INYECTABLE 0,9%","12/13/2004","INDUSTRIAL Y COMERCIAL BAXTER DE CHILE LTDA.","SODIO CLORURO",""
"","F-13448/23","CLORURO DE SODIO SOLUCIÓN INYECTABLE 0,9%","12/31/2003","LABORATORIO SANDERSON SpA","SODIO CLORURO",""
"","F-10012/21","CLORURO DE SODIO SOLUCIÓN INYECTABLE 0,9%","12/6/2001","BPH S.A.","SODIO CLORURO",""
"","F-10865/21","CLORURO DE SODIO SOLUCIÓN INYECTABLE 0,9%","5/16/1995","LABORATORIO SANDERSON SpA","SODIO CLORURO",""
"","F-14782/25","CLORURO DE SODIO SOLUCIÓN INYECTABLE 0,9%.","5/16/2005","LABORATORIO BIOSANO S.A.","SODIO CLORURO",""
"","F-28473/24","CLORURO DE SODIO SOLUCIÓN INYECTABLE 10 %","9/10/2024","CENTRAL DE ABASTECIMIENTO DEL SISTEMA NACIONAL DE SERVICIOS DE SALUD CENABAST","SODIO CLORURO",""
"","F-28153/24","CLORURO DE SODIO SOLUCIÓN INYECTABLE 10 %","3/18/2024","BPH S.A.","SODIO CLORURO",""
"","F-2119/24","CLORURO DE SODIO SOLUCIÓN INYECTABLE 10%","9/24/1999","LABORATORIO SANDERSON SpA","SODIO CLORURO",""
"","F-28501/24","CLORURO DE SODIO SOLUCIÓN INYECTABLE 20 %","9/30/2024","CENTRAL DE ABASTECIMIENTO DEL SISTEMA NACIONAL DE SERVICIOS DE SALUD CENABAST","SODIO CLORURO",""
"","F-29316/25","CLORURO DE SODIO SOLUCIÓN INYECTABLE 20%","11/5/2025","LABORATORIO SANDERSON SpA","CLORURO DE SODIO",""
"","F-13449/23","CLORURO DE SODIO SOLUCIÓN INYECTABLE 20%","12/31/2003","LABORATORIO SANDERSON SpA","SODIO CLORURO",""
"","F-25673/20","CLOTAKEM COMPRIMIDOS 50 mg (CLORTALIDONA)","9/7/2020","ASCEND LABORATORIES S.p.A.","CLORTALIDONA",""
"","F-27701/23","CLOTRIMAZOL / BETAMETASONA 1/ 0,05 CREMA TÓPICA","7/31/2023","ASCEND LABORATORIES S.p.A.","BETAMETASONA//CLOTRIMAZOL",""
"","F-28632/24","CLOTRIMAZOL /DEXAMETASONA CREMA TÓPICA 1/ 0,04%","12/3/2024","LABORATORIO HOSPIFARMA CHILE LTDA.","CLOTRIMAZOL//DEXAMETASONA",""
"","F-3904/25","CLOTRIMAZOL BETAMETASONA CREMA DÉRMICA","7/11/1987 2:10","LABORATORIO CHILE S.A.","BETAMETASONA//CLOTRIMAZOL",""
"","F-15197/25","CLOTRIMAZOL BETAMETASONA CREMA DÉRMICA","11/7/2005","MINTLAB Co. S.A.","BETAMETASONA//CLOTRIMAZOL",""
"","F-21381/24","CLOTRIMAZOL BETAMETASONA CREMA TÓPICA","9/9/2014","LABORATORIO HOSPIFARMA CHILE LTDA.","BETAMETASONA//CLOTRIMAZOL",""
"","F-24077/23","CLOTRIMAZOL COMPRIMIDOS VAGINALES 100 mg","9/3/2018","B Y B FARMACÉUTICA LTDA.","CLOTRIMAZOL",""
"","F-24104/23","CLOTRIMAZOL COMPRIMIDOS VAGINALES 500 mg","9/10/2018","B Y B FARMACÉUTICA LTDA.","CLOTRIMAZOL",""
"","F-28345/24","CLOTRIMAZOL COMPRIMIDOS VAGINALES 500 mg","6/30/2024","LABORATORIO BIOVAL S.p.A.","CLOTRIMAZOL",""
"","F-23882/23","CLOTRIMAZOL CREMA VAGINAL 2%","6/25/2018","NEOETHICALS CHILE S.p.A.","CLOTRIMAZOL",""
"","F-23759/23","CLOTRIMAZOL ÓVULOS 100 mg","4/4/2018","LABORATORIO HOSPIFARMA CHILE LTDA.","Clotrimazol",""
"","F-11609/21","CLOTRIMAZOL ÓVULOS 100 mg","4/11/1992","LABORATORIO PASTEUR S.A.","CLOTRIMAZOL",""
"","F-23850/23","CLOTRIMAZOL ÓVULOS 100 mg","6/6/2018","LABORATORIO HOSPIFARMA CHILE LTDA.","CLOTRIMAZOL",""
"","F-11610/21","CLOTRIMAZOL ÓVULOS 500 mg","4/13/1992","LABORATORIO PASTEUR S.A.","CLOTRIMAZOL",""
"","F-23884/23","CLOTRIMAZOL ÓVULOS 500 mg","6/22/2018","LABORATORIO HOSPIFARMA CHILE LTDA.","Clotrimazol",""
"","F-27185/22","CLOTRIMAZOL OVULOS VAGINALES 100 mg","11/28/2022","SEVEN PHARMA CHILE S.p.A.","CLOTRIMAZOL",""
"","F-28548/24","CLOTRIMAZOL ÓVULOS VAGINALES 100 mg","10/21/2024","DIFEM LABORATORIOS S.A.","CLOTRIMAZOL",""
"","F-3903/25","CLOTRIMAZOL ÓVULOS VAGINALES 100 mg","3/21/1985 1:10","LABORATORIO CHILE S.A.","CLOTRIMAZOL",""
"","F-26365/21","CLOTRIMAZOL/BETAMETASONA 1/0,05 CREMA TÓPICA","8/31/2021","MDC HEALTH S.p.A.","BETAMETASONA//CLOTRIMAZOL",""
"","F-20813/24","CLOTRIMAZOL/BETAMETASONA DIPROPIONATO 1/0,05 CREMA TÓPICA","1/21/2014","OPKO CHILE S.A.","BETAMETASONA//CLOTRIMAZOL",""
"","F-26323/21","CLOTRIMIN-B CREMA TÓPICA","8/9/2021","EUROFARMA CHILE SpA","BETAMETASONA//CLOTRIMAZOL",""
"","F-27482/23","CLOTRITÉN CREMA TÓPICA","5/2/2023","HELSE LAB S.p.A.","BETAMETASONA//CLOTRIMAZOL",""
"","F-19113/21","CLOTROMBIX COMPRIMIDOS RECUBIERTOS 75 mg (CLOPIDOGREL BISULFATO FORMA I)","12/5/2011","SANDOZ CHILE S.p.A.","CLOPIDOGREL",""
"","F-18197/25","CLOXACILINA POLVO PARA SOLUCIÓN INYECTABLE 500 mg","7/27/2010","LABORATORIO BIOSANO S.A.","CLOXACILINA",""
"","F-22984/21","CLOXACILINA CÁPSULAS 500 mg","8/18/2016","OPKO CHILE S.A.","CLOXACILINA",""
"","F-22304/21","CLOXACILINA POLVO PARA SOLUCIÓN INYECTABLE 0,5 g","10/27/1994","BPH S.A.","CLOXACILINA",""
"","F-23351/22","CLOXACILINA POLVO PARA SOLUCIÓN INYECTABLE 500 mg","2/17/2017","DIFEM LABORATORIOS S.A.","CLOXACILINA",""
"","F-23844/23","CLOXACILINA POLVO PARA SOLUCIÓN INYECTABLE 500 mg.","6/5/2018","LABORATORIO BIOSANO S.A.","CLOXACILINA",""
"","F-6441/25","CLOXAPEN POLVO PARA JARABE 125 mg/5 mL","8/9/1989 2:10","LABORATORIO PASTEUR S.A.","CLOXACILINA",""
"","B-1612/21","CLOXAPEN POLVO PARA JARABE 250 mg/5 mL","12/2/1991","LABORATORIO PASTEUR S.A.","CLOXACILINA",""
"","F-18578/21","CLUVAX ÓVULOS 100 mg","4/8/2011","RECBEN XENERICS FARMACÉUTICA LTDA.","CLINDAMICINA",""
"","F-19065/21","CLUVAX ÓVULOS 100 mg","11/10/2011","RECBEN XENERICS FARMACÉUTICA LTDA.","CLINDAMICINA",""
"","F-16539/22","CODETOL PM ADULTO JARABE","11/30/2007","LABORATORIO CHILE S.A.","CLORFENAMINA//CODEINA//PSEUDOEFEDRINA","Estupefaciente"
"","H-1140/23","COENZYME COMPOSITUM SOLUCIÓN INYECTABLE","12/23/2008","PRODUCTOS FARMACÉUTICOS HEEL CHILE LTDA.","",""
"","F-2218/24","COLCHICINA COMPRIMIDOS 0,5 mg","3/18/1971 1:10","LABORATORIO CHILE S.A.","COLCHICINA",""
"","F-27088/22","COLCHICINA COMPRIMIDOS 0,5 mg","10/13/2022","SEVEN PHARMA CHILE S.p.A.","COLCHICINA",""
"","F-28624/24","COLEDAN SOLUCIÓN ORAL PARA GOTAS 15.000 U.I./mL (COLECALCIFEROL)","12/2/2024","PHARMATECH CHILE S.p.A.","COLECALCIFEROL",""
"","F-24736/24","COLEKAL POLVO PARA SOLUCION ORAL 50.000 UI EN SOBRE (COLECALCIFEROL)","3/27/2019","SOCIEDAD FARMACÉUTICA TERVIS PHARMA LTDA.","COLECALCIFEROL",""
"","F-22488/21","COLIDIAR COMPRIMIDOS","3/29/2016","MINTLAB Co. S.A.","ATAPULGITA//NIFUROXAZIDA",""
"","F-843/23","COLIPER COMPRIMIDOS 2 mg (LOPERAMIDA)","10/29/1998","MINTLAB Co. S.A.","LOPERAMIDA",""
"","B-2551/25","COLISTIMETATO DE SODIO LIOFILIZADO PARA SOLUCIÓN INYECTABLE 150 mg","10/27/2015","FRESENIUS KABI CHILE LTDA.","COLISTIMETATO",""
"","B-2203/21","COLISTINA LIOFILIZADO PARA SOLUCIÓN INYECTABLE 100 mg CON SOLVENTE","10/24/2011","REPRESENTACIONES BIOTEC S.p.A.","COLISTIMETATO",""
"","F-28580/24","COLKEM COMPRIMIDOS 0,5 mg (COLCHICINA)","11/6/2024","ASCEND LABORATORIES S.p.A.","COLCHICINA",""
"","F-11243/21","COLMAX COMPRIMIDOS RECUBIERTOS 125 mg (CLONIXINATO DE LISINA)","2/19/1990","LABORATORIOS ANDRÓMACO S.A.","CLONIXINATO DE LISINA",""
"","F-24353/23","COLMIBE 10/10 COMPRIMIDOS RECUBIERTOS (EZETIMIBA/ATORVASTATINA)","11/27/2018","TECNOFARMA S.A.","ATORVASTATINA//EZETIMIBA",""
"","F-24354/23","COLMIBE 20/10 COMPRIMIDOS RECUBIERTOS (EZETIMIBA/ATORVASTATINA)","11/27/2018","TECNOFARMA S.A.","ATORVASTATINA//EZETIMIBA",""
"","F-24355/23","COLMIBE 40/10 COMPRIMIDOS RECUBIERTOS (EZETIMIBA/ATORVASTATINA)","11/27/2018","TECNOFARMA S.A.","ATORVASTATINA//EZETIMIBA",""
"","F-20294/23","COLPOTROPHINE CÁPSULA BLANDA VAGINAL 10 mg","9/3/2013","DEUTSCHE PHARMA S.A.","PROMESTRIENO",""
"","F-20581/23","COLPOTROPHINE CREMA VAGINAL 1%","11/30/2013","DEUTSCHE PHARMA S.A.","PROMESTRIENO",""
"","B-3074/25","COLUMVI CONCENTRADO PARA SOLUCIÓN PARA PERFUSIÓN 2,5 mg/ 2,5 mL (GLOFITAMAB)","2/21/2025","ROCHE CHILE LTDA.","GLOFITAMAB",""
"","B-3169/25","COLUMVI CONCENTRADO PARA SOLUCIÓN PARA PERFUSIÓN 2,5 mg/ 2,5 mL (GLOFITAMAB)","11/13/2025","ROCHE CHILE LTDA.","GLOFITAMAB",""
"","B-3168/25","COLUMVI CONCENTRADO PARA SOLUCIÓN PARA PERFUSIÓN 10 mg/ 10 mL (GLOFITAMAB)","11/13/2025","ROCHE CHILE LTDA.","GLOFITAMAB",""
"","B-3073/25","COLUMVI CONCENTRADO PARA SOLUCIÓN PARA PERFUSIÓN 10 mg/ 10 mL (GLOFITAMAB)","2/21/2025","ROCHE CHILE LTDA.","GLOFITAMAB",""
"","F-15423/21","COMBIGAN SOLUCIÓN OFTÁLMICA","3/3/2006","ABBVIE PRODUCTOS FARMACÉUTICOS LTDA.","BRIMONIDINA//TIMOLOL",""
"","F-21966/25","COMBIVIR COMPRIMIDOS RECUBIERTOS","6/30/2015 2:10","GLAXOSMITHKLINE CHILE FARMACÉUTICA LTDA.","LAMIVUDINA//ZIDOVUDINA",""
"","F-20134/23","COMBODART CÁPSULAS (CON CÁPSULA BLANDA Y GRÁNULOS ENTÉRICOS) DE LIBERACIÓN SOSTENIDA","7/22/2013","GLAXOSMITHKLINE CHILE FARMACÉUTICA LTDA.","DUTASTERIDA//TAMSULOSINA",""
"","F-28260/24","COMBOFUSIV SOLUCIÓN PARA PERFUSIÓN","8/8/2024 0:00","INSUAMÉRICA S.p.A","IBUPROFENO//PARACETAMOL",""
"","F-28271/24","COMPASSIA SUSPENSIÓN INYECTABLE DE LIBERACIÓN PROLONGADA 100 mg (PALIPERIDONA)","5/3/2024","LABORATORIOS RECALCINE S.A.","PALIPERIDONA",""
"","F-28272/24","COMPASSIA SUSPENSIÓN INYECTABLE DE LIBERACIÓN PROLONGADA 150 mg (PALIPERIDONA)","5/3/2024","LABORATORIOS RECALCINE S.A.","PALIPERIDONA",""
"","F-28268/24","COMPASSIA SUSPENSIÓN INYECTABLE DE LIBERACIÓN PROLONGADA 25 mg (PALIPERIDONA)","5/3/2024","LABORATORIOS RECALCINE S.A.","PALIPERIDONA",""
"","F-28269/24","COMPASSIA SUSPENSIÓN INYECTABLE DE LIBERACIÓN PROLONGADA 50 mg (PALIPERIDONA)","5/3/2024","LABORATORIOS RECALCINE S.A.","PALIPERIDONA",""
"","F-28270/24","COMPASSIA SUSPENSIÓN INYECTABLE DE LIBERACIÓN PROLONGADA 75 mg (PALIPERIDONA)","5/3/2024","LABORATORIOS RECALCINE S.A.","PALIPERIDONA",""
"","F-19993/23","COMPLERA COMPRIMIDOS RECUBIERTOS","6/4/2013","GADOR LTDA.","EMTRICITABINA//RILPIVIRINA//TENOFOVIR",""
"","F-20169/23","CONCOR AM 5/10 COMPRIMIDOS","7/30/2013","MERCK S.A.","AMLODIPINO//BISOPROLOL",""
"","F-20168/23","CONCOR AM 5/5 COMPRIMIDOS","7/30/2013","MERCK S.A.","AMLODIPINO//BISOPROLOL",""
"","F-4291/25","CONCOR COMPRIMIDOS RECUBIERTOS 1,25 mg (BISOPROLOL)","6/27/2000 2:10","MERCK S.A.","BISOPROLOL",""
"","F-6028/25","CONCOR COMPRIMIDOS RECUBIERTOS 10 mg (BISOPROLOL)","8/18/1987 1:10","MERCK S.A.","BISOPROLOL",""
"","F-4290/25","CONCOR COMPRIMIDOS RECUBIERTOS 2,5 mg (BISOPROLOL)","6/27/2000 2:10","MERCK S.A.","BISOPROLOL",""
"","F-6029/25","CONCOR COMPRIMIDOS RECUBIERTOS 5 mg (BISOPROLOL)","8/18/1987 1:10","MERCK S.A.","BISOPROLOL",""
"","F-15869/21","CONDROSULF COMPRIMIDOS 800 mg","8/1/2001","ITF - LABOMED FARMACÉUTICA LTDA.","CONDROITINA",""
"","F-10975/21","CONGESTEX CÁPSULAS","9/7/1990","LABORATORIOS RECALCINE S.A.","ACIDO ASCORBICO//NOSCAPINA//PARACETAMOL//PSEUDOEFEDRINA",""
"","F-16132/22","CONGESTEX SOLUCIÓN PARA GOTAS ORALES","5/31/2007","LABORATORIOS RECALCINE S.A.","ACIDO ASCORBICO//NOSCAPINA//PARACETAMOL//PSEUDOEFEDRINA",""
"","F-10976/21","CONGESTEX SUSPENSIÓN ORAL","4/19/1990","LABORATORIOS RECALCINE S.A.","ACIDO ASCORBICO//NOSCAPINA//PARACETAMOL//PSEUDOEFEDRINA",""
"","F-3910/25","CONTRALMOR SUPOSITORIOS","8/7/1987 2:10","LABORATORIO CHILE S.A.","BETAMETASONA//LIDOCAINA//ZINC OXIDO",""
"","F-19791/23","CONTUMAX POLVO PARA SOLUCIÓN ORAL","3/2/2013","TECNOFARMA S.A.","MACROGOL",""
"","F-28089/24","CONTUMAX POLVO PARA SOLUCIÓN ORAL (MACROGOL 3350)","2/12/2024","TECNOFARMA S.A.","MACROGOL",""
"","F-26380/21","CONVULEX CÁPSULAS BLANDAS CON RECUBRIMIENTO ENTÉRICO 500 mg (ÁCIDO VALPROICO)","9/7/2021","BPH S.A.","ACIDO VALPROICO",""
"","F-25554/25","CONVULTAM COMPRIMIDOS RECUBIERTOS 500 mg (LEVETIRACETAM)","7/10/2020","DEUTSCHE PHARMA S.A.","LEVETIRACETAM",""
"","F-10074/21","COOLIPS COMPRIMIDOS RECUBIERTOS 10 mg","12/31/2001","MINTLAB Co. S.A.","CETIRIZINA",""
"","M-3/24","COPAXONE SOLUCION INYECTABLE 40 mg/1 mL (GLATIRAMER ACETATO)","7/28/2014 2:10","LABORATORIO CHILE S.A.","GLATIRAMER",""
"","F-26955/22","COQUES CÁPSULAS 200 mg","8/3/2022","EUROFARMA CHILE SpA","CELECOXIB",""
"","F-27341/23","COR COMPRIMIDOS CON RECUBRIMIENTO ENTÉRICO 20 mg (ESOMEPRAZOL)","3/2/2023","LABORATORIOS PRATER S.A.","ESOMEPRAZOL",""
"","F-27340/23","COR COMPRIMIDOS CON RECUBRIMIENTO ENTÉRICO 40 mg (ESOMEPRAZOL)","3/2/2023","LABORATORIOS PRATER S.A.","ESOMEPRAZOL",""
"","F-18897/21","CORASOL - D COMPRIMIDOS RECUBIERTOS","9/26/2011","INSTITUTO SANITAS S.A.","HIDROCLOROTIAZIDA//TELMISARTAN",""
"","F-27262/23","CORASOL COMPRIMIDOS 40 mg (TELMISARTÁN)","1/4/2023","INSTITUTO SANITAS S.A.","TELMISARTAN",""
"","F-27261/23","CORASOL COMPRIMIDOS 80 mg (TELMISARTÁN)","1/4/2023","INSTITUTO SANITAS S.A.","TELMISARTAN",""
"","F-27270/23","CORASOL-D 40/12,5 COMPRIMIDOS","1/10/2023","INSTITUTO SANITAS S.A.","HIDROCLOROTIAZIDA//TELMISARTAN",""
"","F-27271/23","CORASOL-D 80/12,5 COMPRIMIDOS (TELMISARTAN/HIDROCLOROTIAZIDA)","1/10/2023","INSTITUTO SANITAS S.A.","HIDROCLOROTIAZIDA//TELMISARTAN",""
"","F-28378/24","CORAX COMPRIMIDOS RECUBIERTOS 2,5 mg (APIXABÁN)","7/17/2024","LABORATORIO CHILE S.A.","APIXABAN",""
"","F-28377/24","CORAX COMPRIMIDOS RECUBIERTOS 5 mg (APIXABÁN)","7/17/2024","LABORATORIO CHILE S.A.","APIXABAN",""
"","F-15384/26","CORDIAX 40 COMPRIMIDOS 40 mg","1/20/2006","LABORATORIOS RECALCINE S.A.","TELMISARTAN",""
"","F-15360/25","CORDIAX 80 COMPRIMIDOS 80 mg","12/30/2005","LABORATORIOS RECALCINE S.A.","TELMISARTAN",""
"","F-18636/21","CORDIAX AM 40/10 COMPRIMIDOS","5/13/2011","LABORATORIOS RECALCINE S.A.","AMLODIPINO//TELMISARTAN",""
"","F-18635/21","CORDIAX AM 40/5 COMPRIMIDOS","5/13/2011","LABORATORIOS RECALCINE S.A.","AMLODIPINO//TELMISARTAN",""
"","F-18638/21","CORDIAX AM 80/10 COMPRIMIDOS","5/13/2011","LABORATORIOS RECALCINE S.A.","AMLODIPINO//TELMISARTAN",""
"","F-18637/21","CORDIAX AM 80/5 COMPRIMIDOS","5/13/2011","LABORATORIOS RECALCINE S.A.","AMLODIPINO//TELMISARTAN",""
"","F-15379/26","CORDIAX D COMPRIMIDOS","1/16/2006","LABORATORIOS RECALCINE S.A.","HIDROCLOROTIAZIDA//TELMISARTAN",""
"","M-5/21","CORDOXENE SOLUCIÓN INYECTABLE 20 mg/1 mL (GLATIRAMER ACETATO)","8/17/2016","SYNTHON CHILE LTDA.","GLATIRAMER",""
"","M-9/23","CORDOXENE SOLUCIÓN INYECTABLE 40 mg/1 mL (GLATIRAMER ACETATO)","4/17/2018","SYNTHON CHILE LTDA.","GLATIRAMER",""
"","F-23146/21","CORENTEL 10 COMPRIMIDOS RECUBIERTOS 10 mg (BISOPROLOL)","10/25/2016","MEGALABS CHILE S.A.","BISOPROLOL",""
"","F-23704/23","CORENTEL 2,5 COMPRIMIDOS RECUBIERTOS 2,5 mg (BISOPROLOL)","1/31/2018","MEGALABS CHILE S.A.","BISOPROLOL",""
"","F-23145/21","CORENTEL 5 COMPRIMIDOS RECUBIERTOS 5 mg (BISOPROLOL)","10/25/2016","MEGALABS CHILE S.A.","BISOPROLOL",""
"","F-12482/22","CORODIN COMPRIMIDOS RECUBIERTOS 100 mg","10/29/2002","LABORATORIOS LAFI LTDA.","LOSARTAN",""
"","F-11043/21","CORODIN COMPRIMIDOS RECUBIERTOS 50 mg","7/16/1996","LABORATORIOS LAFI LTDA.","LOSARTAN",""
"","F-19544/22","CORODIN D 100/12,5 COMPRIMIDOS RECUBIERTOS (LOSARTAN POTASICO / HIDROCLOROTIAZIDA)","7/17/2012","LABORATORIOS LAFI LTDA.","HIDROCLOROTIAZIDA//LOSARTAN",""
"","F-48/22","CORODIN D COMPRIMIDOS RECUBIERTOS","6/3/1997","LABORATORIOS LAFI LTDA.","HIDROCLOROTIAZIDA//LOSARTAN",""
"","F-12588/22","CORODIN-D FORTE COMPRIMIDOS RECUBIERTOS","12/3/2002","LABORATORIOS LAFI LTDA.","HIDROCLOROTIAZIDA//LOSARTAN",""
"","F-24392/23","CORRETAL COMPRIMIDOS RECUBIERTOS 150 mg (CAPECITABINA)","11/29/2018","EUROFARMA CHILE SpA","CAPECITABINA",""
"","F-24393/23","CORRETAL COMPRIMIDOS RECUBIERTOS 500 mg","11/29/2018","EUROFARMA CHILE SpA","CAPECITABINA",""
"","F-26469/21","CORTIGRIP DÍA-NOCHE COMPRIMIDOS RECUBIERTOS","10/28/2021","EUROFARMA CHILE SpA","CLORFENAMINA//PARACETAMOL//PSEUDOEFEDRINA",""
"","F-29307/25","CORTIKEM CREMA TÓPICA 1% (HIDROCORTISONA ACETATO)","11/3/2025","ASCEND LABORATORIES SpA","HIDROCORTISONA ACETATO",""
"","F-24334/23","COSAMIDE COMPRIMIDOS RECUBIERTOS 150 mg ","11/20/2018","MSN LABS CHILE S.p.A.","LACOSAMIDA",""
"","F-24333/23","COSAMIDE COMPRIMIDOS RECUBIERTOS 100 mg","11/20/2018","MSN LABS CHILE S.p.A.","LACOSAMIDA",""
"","F-24335/23","COSAMIDE COMPRIMIDOS RECUBIERTOS 200 mg ","11/20/2018 2:10","MSN LABS CHILE S.p.A.","LACOSAMIDA",""
"","F-24328/23","COSAMIDE COMPRIMIDOS RECUBIERTOS 50 mg ","11/20/2018","MSN LABS CHILE S.p.A.","LACOSAMIDA",""
"","B-2912/21","COSENTYX RECOMBINANTE SOLUCIÓN INYECTABLE EN AUTOINYECTOR (LÁPIZ PRELLENADO)150 mg/mL","12/6/2021","NOVARTIS CHILE S.A.","SECUKINUMAB",""
"","B-2979/23","COSENTYX SOLUCIÓN INYECTABLE 300 mg/ 2 mL (SECUKINUMAB)","6/30/2023","NOVARTIS CHILE S.A.","SECUKINUMAB",""
"","F-22568/21","COTELLIC COMPRIMIDOS RECUBIERTOS 20 mg (COBIMETINIB)","4/11/2016","ROCHE CHILE LTDA.","COBIMETINIB",""
"","F-28321/24","COTELLIC COMPRIMIDOS RECUBIERTOS 20 mg (COBIMETINIB)","6/11/2024","ROCHE CHILE LTDA.","COBIMETINIB",""
"","F-27920/23","COTRIEN COMPRIMIDOS RECUBIERTOS 20 mg","11/10/2023","LABORATORIO CHILE S.A.","RIVAROXABAN",""
"","F-27991/23","COTRIEN COMPRIMIDOS RECUBIERTOS 10 mg (RIVAROXABÁN)","12/18/2023","LABORATORIO CHILE S.A.","RIVAROXABAN",""
"","F-27919/23","COTRIEN COMPRIMIDOS RECUBIERTOS 15 mg ","11/10/2023","LABORATORIO CHILE S.A.","RIVAROXABAN",""
"","F-22130/25","COTRIMOXAZOL 400/80 SOLUCIÓN INYECTABLE","9/16/2015","LABORATORIO HOSPIFARMA CHILE LTDA.","SULFAMETOXAZOL//TRIMETOPRIMA",""
"","F-27116/22","COTRIMOXAZOL 400/80 SOLUCION INYECTABLE","10/25/2022","NEOETHICALS CHILE S.p.A.","SULFAMETOXAZOL//TRIMETOPRIMA",""
"","F-6886/25","COTRIMOXAZOL COMPRIMIDOS","4/11/1988","MINTLAB Co. S.A.","SULFAMETOXAZOL//TRIMETOPRIMA",""
"","F-8913/21","COTRIMOXAZOL FORTE 400/80 SUSPENSIÓN ORAL","2/13/1990","INSTITUTO SANITAS S.A.","SULFAMETOXAZOL//TRIMETOPRIMA",""
"","F-6887/25","COTRIMOXAZOL FORTE COMPRIMIDOS","1/28/1988","MINTLAB Co. S.A.","SULFAMETOXAZOL//TRIMETOPRIMA",""
"","F-11641/26","COTRIMOXAZOL FORTE SUSPENSIÓN ORAL","1/14/1995","LABORATORIO PASTEUR S.A.","SULFAMETOXAZOL//TRIMETOPRIMA",""
"","F-8912/21","COTRIMOXAZOL SUSPENSIÓN ORAL","2/27/1990","INSTITUTO SANITAS S.A.","SULFAMETOXAZOL//TRIMETOPRIMA",""
"","F-6889/25","COTRIMOXAZOL SUSPENSIÓN ORAL","4/6/1986 1:10","MINTLAB Co. S.A.","SULFAMETOXAZOL//TRIMETOPRIMA",""
"","F-6431/25","COTRIMOXAZOL SUSPENSIÓN PEDIÁTRICA","3/13/1989 2:10","LABORATORIO PASTEUR S.A.","SULFAMETOXAZOL//TRIMETOPRIMA",""
"","F-22306/25","COTRIXELL 400/80 SOLUCIÓN INYECTABLE","11/20/2015 2:10","UNIFARMA S.p.A.","SULFAMETOXAZOL//TRIMETOPRIMA",""
"","F-21343/24","COVERAM 10/10 COMPRIMIDOS (PERINDOPRIL/AMLODIPINO)","8/25/2014","LABORATORIO SERVIER CHILE LTDA.","AMLODIPINO//PERINDOPRIL",""
"","F-21342/24","COVERAM 10/5 COMPRIMIDOS (PERINDOPRIL/AMLODIPINO)","8/25/2014","LABORATORIO SERVIER CHILE LTDA.","AMLODIPINO//PERINDOPRIL",""
"","F-21340/24","COVERAM 5/5 COMPRIMIDOS (PERINDOPRIL/AMLODIPINO)","8/25/2014","LABORATORIO SERVIER CHILE LTDA.","AMLODIPINO//PERINDOPRIL",""
"","F-21143/24","COVERSYL COMPRIMIDOS RECUBIERTOS 10 mg (PERINDOPRIL ARGININA)","6/6/2014","LABORATORIO SERVIER CHILE LTDA.","PERINDOPRIL",""
"","F-28191/24","COVERSYL COMPRIMIDOS RECUBIERTOS 10 mg (PERINDOPRIL ARGININA)","3/28/2024","LABORATORIO SERVIER CHILE LTDA.","PERINDOPRIL",""
"","F-28192/24","COVERSYL COMPRIMIDOS RECUBIERTOS 5 mg (PERINDOPRIL ARGININA)","3/28/2024","LABORATORIO SERVIER CHILE LTDA.","PERINDOPRIL",""
"","F-27942/23","COVERSYL COMPRIMIDOS RECUBIERTOS 5 mg (PERINDOPRIL ARGININA)","11/20/2023","LABORATORIO SERVIER CHILE LTDA.","PERINDOPRIL",""
"","F-19580/22","COVERSYL COMPRIMIDOS RECUBIERTOS 5 mg (PERINDOPRIL ARGININA)","8/20/2012","LABORATORIO SERVIER CHILE LTDA.","PERINDOPRIL",""
"","F-24955/24","COXEPTA COMPRIMIDOS RECUBIERTOS 300 mg (OXCARBAZEPINA)","7/24/2019","ASCEND LABORATORIES S.p.A.","OXCARBAZEPINA",""
"","F-24956/24","COXEPTA COMPRIMIDOS RECUBIERTOS 600 mg (OXCARBAZEPINA)","7/24/2019","ASCEND LABORATORIES S.p.A.","OXCARBAZEPINA",""
"","F-22731/21","COXIDOL COMPRIMIDOS RECUBIERTOS 120 mg (Etoricoxib)","7/5/2016","LABORATORIO CHILE S.A.","ETORICOXIB",""
"","F-22901/21","COXIDOL COMPRIMIDOS RECUBIERTOS 60 mg (ETORICOXIB)","7/22/2016","LABORATORIO CHILE S.A.","ETORICOXIB",""
"","F-23883/23","COXIDOL COMPRIMIDOS RECUBIERTOS 90 mg (ETORICOXIB)","6/20/2018","LABORATORIO CHILE S.A.","ETORICOXIB",""
"","F-23213/21","COXIRA CÁPSULAS 200 mg","11/30/2016","ASCEND LABORATORIES S.p.A.","CELECOXIB",""
"","F-26350/21","COXIRA CÁPSULAS 200 mg (CELECOXIB)","8/22/2021","ASCEND LABORATORIES S.p.A.","CELECOXIB",""
"","F-27448/23","COXIRA CÁPSULAS 200 mg (CELECOXIB)","4/10/2023","ASCEND LABORATORIES S.p.A.","CELECOXIB",""
"","F-23282/22","COXTOR COMPRIMIDOS RECUBIERTOS 120 mg","1/10/2017","SEVEN PHARMA CHILE S.p.A.","ETORICOXIB",""
"","F-23726/23","COXTOR COMPRIMIDOS RECUBIERTOS 90 mg","2/28/2018","SEVEN PHARMA CHILE S.p.A.","Etoricoxib",""
"","F-12460/22","COZAAR COMPRIMIDOS RECUBIERTOS 100 mg (LOSARTAN POTÁSICO)","10/30/2002","ORGANON CHILE S.p.A.","LOSARTAN",""
"","F-21038/24","COZAAR COMPRIMIDOS RECUBIERTOS 50 mg (LOSARTÁN POTÁSICO)","4/15/2014","ORGANON CHILE S.p.A.","LOSARTAN",""
"","N-410/25","CRATENOX COMPRIMIDOS 250 mg","7/20/2000 2:10","KNOP LABORATORIOS S.A.","",""
"","F-7432/21","CREMINEM B CREMA DÉRMICA","2/1/2001 1:10","MINTLAB Co. S.A.","BETAMETASONA//CLOTRIMAZOL",""
"","F-2048/24","CREMIRIT CREMA DÉRMICA 0,05% (BETAMETASONA)","9/10/1999","MINTLAB Co. S.A.","BETAMETASONA",""
"","F-14795/25","CREON 10000 CÁPSULAS CON GRÁNULOS CON RECUBRIMIENTO ENTÉRICO","5/31/2005","ABBOTT LABORATORIES DE CHILE LTDA.","PANCREATINA",""
"","B-2915/22","CREON 10000 CÁPSULAS CON GRÁNULOS CON RECUBRIMIENTO ENTÉRICO 150 mg","1/12/2022","LABORATORIOS RECALCINE S.A.","PANCREATINA",""
"","F-20661/23","CREON 10000 CÁPSULAS CON GRÁNULOS CON RECUBRIMIENTO ENTÉRICO 150 mg","12/16/2013","ABBOTT LABORATORIES DE CHILE LTDA.","PANCREATINA",""
"","F-20664/23","CREON 25.000 CÁPSULAS CON GRÁNULOS CON RECUBRIMIENTO ENTÉRICO 300 mg","12/16/2013","ABBOTT LABORATORIES DE CHILE LTDA.","PANCREATINA",""
"","F-14796/25","CREON 25000 CÁPSULAS CON GRÁNULOS CON RECUBRIMIENTO ENTÉRICO","5/31/2005","ABBOTT LABORATORIES DE CHILE LTDA.","PANCREATINA",""
"","B-2916/22","CREON 25000 CÁPSULAS CON GRÁNULOS CON RECUBRIMIENTO ENTÉRICO 300 mg (PANCREATINA)","1/12/2022","LABORATORIOS RECALCINE S.A.","PANCREATINA",""
"","B-2707/23","CREON 5000 GRÁNULOS CON RECUBRIMIENTO ENTÉRICO 60,12 mg/100 mg (Pancreatina)","7/30/2018","ABBOTT LABORATORIES DE CHILE LTDA.","PANCREATINA",""
"","F-14759/25","CRESADEX COMPRIMIDOS RECUBIERTOS 10 mg","5/6/2005","LABORATORIOS RECALCINE S.A.","ROSUVASTATINA",""
"","F-14760/25","CRESADEX COMPRIMIDOS RECUBIERTOS 20 mg (ROSUVASTATINA)","5/6/2005","LABORATORIOS RECALCINE S.A.","ROSUVASTATINA",""
"","F-24613/24","CRESEMBA CÁPSULAS 100 mg (ISAVUCONAZONIO SULFATO)","1/31/2019","LABORATORIO BIOTOSCANA FARMA S.p.A.","ISAVUCONAZONIO",""
"","F-24614/24","CRESEMBA LIOFILIZADO PARA SOLUCIÓN CONCENTRADA PARA PERFUSIÓN 200 mg","1/31/2019 2:10","LABORATORIO BIOTOSCANA FARMA S.p.A.","ISAVUCONAZONIO",""
"","F-23754/23","CRESTOR COMPRIMIDOS RECUBIERTOS 10 mg (ROSUVASTATINA )","3/27/2018","ASTRAZENECA S.A.","ROSUVASTATINA",""
"","F-23899/23","CRESTOR COMPRIMIDOS RECUBIERTOS 20 mg (ROSUVASTATINA)","6/28/2018","ASTRAZENECA S.A.","Rosuvastatina",""
"","F-23755/23","CRESTOR COMPRIMIDOS RECUBIERTOS 40 mg (ROSUVASTATINA )","3/27/2018","ASTRAZENECA S.A.","ROSUVASTATINA",""
"","F-16714/23","CRESTOR COMPRIMIDOS RECUBIERTOS 5 mg","3/10/2008","ASTRAZENECA S.A.","ROSUVASTATINA",""
"","F-14468/25","CRINONE GEL VAGINAL 8%","1/10/2005","MERCK S.A.","PROGESTERONA",""
"","F-22506/21","CROLIM CÁPSULAS 0,5 mg","3/15/2016","ASCEND LABORATORIES S.p.A.","TACROLIMUS",""
"","F-22507/21","CROLIM CÁPSULAS 1 mg (TACROLIMUS)","3/16/2016","ASCEND LABORATORIES S.p.A.","TACROLIMUS",""
"","F-22391/26","CROLIM CÁPSULAS 5 mg","1/13/2016 2:10","ASCEND LABORATORIES S.p.A.","TACROLIMUS",""
"","F-25328/25","CROMIDIN UNGÜENTO TÓPICO 0,1% (TACROLIMUS)","5/28/2020","ALPES CHEMIE S.A.","TACROLIMUS",""
"","B-2853/21","CRYSVITA SOLUCIÓN INYECTABLE 10 mg/1 mL (BUROSUMAB)","2/10/2021","LIBRA CHILE S.A.","BUROSUMAB",""
"","B-2854/21","CRYSVITA SOLUCIÓN INYECTABLE 20 mg/1 mL (BUROSUMAB)","2/10/2021","LIBRA CHILE S.A.","BUROSUMAB",""
"","B-2855/21","CRYSVITA SOLUCION INYECTABLE 30 mg/1 mL (BUROSUMAB)","2/10/2021","LIBRA CHILE S.A.","BUROSUMAB",""
"","F-25650/25","CS PISA SOLUCIÓN INYECTABLE 0,9% (CLORURO DE SODIO)","8/25/2020 2:10","PISA FARMACÉUTICA DE CHILE S.p.A.","SODIO CLORURO",""
"","F-28722/25","CUBEREC COMPRIMIDOS RECUBIERTOS 80 mg (VALSARTAN)","2/24/2025","DR. REDDYS LABORATORIES CHILE S.p.A.","VALSARTAN",""
"","F-28723/25","CUBEREC COMPRIMISOS RECUBIERTOS 160 mg (VALSARTAN)","2/24/2025","DR. REDDYS LABORATORIES CHILE S.p.A.","VALSARTAN",""
"","F-28724/25","CUBEREC COMPRIMISOS RECUBIERTOS 320 mg (VALSARTAN)","2/24/2025","DR. REDDYS LABORATORIES CHILE S.p.A.","VALSARTAN",""
"","F-24779/24","CUBICIN POLVO LIOFILIZADO PARA SOLUCIÓN PARA PERFUSIÓN 500 mg (DAPTOMICINA)","4/16/2019","MERCK SHARP & DOHME (I.A.) LLC","DAPTOMICINA",""
"","F-7807/21","CUPRIPEN CÁPSULAS 250 mg","3/25/1991","BPH S.A.","PENICILAMINA",""
"","B-2946/22","CUTAQUIG SOLUCIÓN INYECTABLE 165 mg/mL (INMUNOGLOBULINA HUMANA NORMAL PARA ADMINISTRACIÓN SUBCUTÁNEA (IGSC))","8/16/2022","LABORATORIO BAGÓ DE CHILE S.A.","INMUNOGLOBULINA HUMANA NORMAL",""
"","F-13067/23","CYCLOBIOL COMPRIMIDOS RECUBIERTOS 1 mg (ESTRADIOL)","7/29/2003","LABORATORIOS SILESIA S.A.","ESTRADIOL",""
"","F-27579/23","CYCLOFEMINA SUSPENSIÓN INYECTABLE","6/23/2023","EXELTIS CHILE S.p.A.","ESTRADIOL//MEDROXIPROGESTERONA",""
"","F-2796/24","CYCLOGYL SOLUCIÓN OFTÁLMICA AL 1%","11/30/1979","ALCON LABORATORIOS CHILE LTDA.","CICLOPENTOLATO",""
"","F-27539/23","CYMEVENE LIOFILIZADO PARA SOLUCIÓN INYECTABLE 500 mg (GANCICLOVIR) ","5/24/2023","LABORATORIOS BIOPAS S.A.","GANCICLOVIR",""
"","F-24227/23","CYMEVENE LIOFILIZADO PARA SOLUCIÓN INYECTABLE 500 mg (GANCICLOVIR)","10/25/2018","LABORATORIOS BIOPAS S.A.","Ganciclovir",""
"","B-2552/25","CYRAMZA RECOMBINANTE SOLUCIÓN INYECTABLE 100 mg/10 mL (RAMUCIRUMAB)","11/4/2015","TECNOFARMA S.A.","RAMUCIRUMAB",""
"","B-2553/25","CYRAMZA RECOMBINANTE SOLUCIÓN INYECTABLE 500 mg/50 mL (RAMUCIRUMAB)","11/4/2015","TECNOFARMA S.A.","RAMUCIRUMAB",""
"","F-19422/22","D' VIDAMAX POLVO PARA SUSPENSIÓN ORAL 100.000 UI (VITAMINA D3 (COLECALCIFEROL)).","5/16/2012","LABORATORIOS ANDRÓMACO S.A.","COLECALCIFEROL",""
"","F-26139/21","D'VIDAMAX CÁPSULAS BLANDAS 2.000 U.I. (COLECALCIFEROL)","5/5/2021","LABORATORIOS ANDRÓMACO S.A.","COLECALCIFEROL",""
"","F-15444/21","D-HISTAPLUS","3/24/2006","LABORATORIO PASTEUR S.A.","DESLORATADINA",""
"","F-16187/22","D-HISTAPLUS SOLUCIÓN ORAL 2,5 mg/5 mL","7/10/2007","LABORATORIO PASTEUR S.A.","DESLORATADINA",""
"","F-13683/24","D-MANITOL SOLUCIÓN INYECTABLE 15%","4/28/2004","LABORATORIO SANDERSON SpA","MANITOL",""
"","F-21855/25","D’VIDAMAX POLVO PARA SUSPENSIÓN ORAL 50.000 U.I.","5/11/2015","LABORATORIOS ANDRÓMACO S.A.","COLECALCIFEROL",""
"","F-26925/22","DABATROX COMPRIMIDOS RECUBIERTOS 20 mg (CABOZANTINIB) ","7/26/2022","TECNOFARMA S.A.","CABOZANTINIB",""
"","F-26926/22","DABATROX COMPRIMIDOS RECUBIERTOS 40 mg (CABOZANTINIB)","7/26/2022","TECNOFARMA S.A.","CABOZANTINIB",""
"","F-26927/22","DABATROX COMPRIMIDOS RECUBIERTOS 60 mg (CABOZANTINIB)","7/26/2022","TECNOFARMA S.A.","CABOZANTINIB",""
"","F-26086/21","DABIFIB CÁPSULAS 110 mg (DABIGATRÁN ETEXILATO)","4/12/2021","MSN LABS CHILE S.p.A.","DABIGATRAN",""
"","F-25992/21","DABIFIB CÁPSULAS 150 mg (DABIGATRÁN ETEXILATO)","2/22/2021","MSN LABS CHILE S.p.A.","DABIGATRAN",""
"","F-27561/23","DABIGATRÁN ETEXILATO CÁPSULAS 110 mg","6/5/2023","SEVEN PHARMA CHILE S.p.A.","DABIGATRAN",""
"","F-28607/24","DABIGATRÁN ETEXILATO CÁPSULAS CON GRÁNULOS RECUBIERTOS 150 mg","11/19/2024","SEVEN PHARMA CHILE S.p.A.","DABIGATRAN",""
"","F-27114/22","DABIN CÁPSULAS 110 mg (DABIGATRÁN ETEXILATO)","10/25/2022","SEVEN PHARMA CHILE S.p.A.","DABIGATRAN",""
"","F-23538/22","DABIN CÁPSULAS 150 mg (DABIGATRAN)","7/20/2017","SEVEN PHARMA CHILE S.p.A.","DABIGATRAN",""
"","F-24702/24","DABIN CÁPSULAS 75 mg (DABIGATRÁN ETEXILATO) ","3/13/2019","SEVEN PHARMA CHILE S.p.A.","DABIGATRAN",""
"","F-22738/21","DABITROM CÁPSULAS 150 mg (DABIGATRÁN ETEXILATO)","5/31/2016 2:10","ASCEND LABORATORIES S.p.A.","DABIGATRAN",""
"","F-22737/21","DABITROM CÁPSULAS 75 mg","5/31/2016 2:10","ASCEND LABORATORIES S.p.A.","DABIGATRAN",""
"","F-22239/25","DACARBAZINA LIOFILIZADO PARA SOLUCION INYECTABLE 200 mg","10/28/2015 2:10","FRESENIUS KABI CHILE LTDA.","DACARBAZINA",""
"","F-26106/21","DACARBAZINA LIOFILIZADO PARA SOLUCIÓN INYECTABLE 200 mg","4/28/2021","BLAU FARMACEUTICA CHILE S.p.A.","DACARBAZINA",""
"","F-27696/23","DACARBAZINA LIOFILIZADO PARA SOLUCIÓN INYECTABLE 200 mg","7/31/2023","SEVEN PHARMA CHILE S.p.A.","DACARBAZINA",""
"","F-24271/23","DACILON LIOFILIZADO PARA SOLUCIÓN INYECTABLE 0,5 mg (DACTINOMICINA)","11/5/2018","SEVEN PHARMA CHILE S.p.A.","Dactinomicina",""
"","F-26227/21","DACOGEN POLVO LIOFILIZADO PARA SOLUCIÓN INYECTABLE 50 mg","6/22/2021","JOHNSON & JOHNSON DE CHILE S.A.","DECITABINA",""
"","F-23051/21","DACSAR COMRIMIDOS RECUBIERTOS 300 mg (IRBESARTÁN)","9/8/2016","SEVEN PHARMA CHILE S.p.A.","IRBESARTAN",""
"","F-2770/24","DACTINOMICINA LIOFILIZADO PARA SOLUCIÓN INYECTABLE 0.5 mg","12/30/1999","BPH S.A.","DACTINOMICINA",""
"","F-25202/25","DAFLON COMPRIMIDOS RECUBIERTOS 1000 mg","1/2/2020","LABORATORIO SERVIER CHILE LTDA.","DIOSMINA//HESPERIDINA",""
"","F-8621/21","DAFLON COMPRIMIDOS RECUBIERTOS 500 mg","5/3/1990","LABORATORIO SERVIER CHILE LTDA.","DIOSMINA//HESPERIDINA",""
"","F-22558/21","DAFLON SUSPENSIÓN ORAL EN SOBRE 1000 mg","4/7/2016","LABORATORIO SERVIER CHILE LTDA.","DIOSMINA//HESPERIDINA",""
"","F-25362/25","DAGOTIL 1 COMPRIMIDOS RECUBIERTOS 1 mg (RISPERIDONA)","4/1/2020","MEGALABS CHILE S.A.","RISPERIDONA",""
"","F-24943/24","DAGOTIL 3 COMPRIMIDOS RECUBIERTOS 3 mg (RISPERIDONA)","7/15/2019","MEGALABS CHILE S.A.","RISPERIDONA",""
"","F-24380/23","DAGOTIL DB COMPRIMIDOS BUCODISPERSABLES 3 mg (RISPERIDONA)","11/28/2018","MEGALABS CHILE S.A.","RISPERIDONA",""
"","F-20865/24","DAGOTIL DB COMPRIMIDOS DE DISOLUCIÓN BUCAL 1 mg","1/29/2014","MEGALABS CHILE S.A.","RISPERIDONA",""
"","F-7157/25","DAGOTIL SOLUCIÓN ORAL PARA GOTAS 1 mg/mL","10/30/2000 2:10","MEGALABS CHILE S.A.","RISPERIDONA",""
"","F-28050/24","DAGOTIL SOLUCIÓN ORAL PARA GOTAS 1 mg/mL (RISPERIDONA)","1/16/2024","MEGALABS CHILE S.A.","RISPERIDONA",""
"","F-20253/23","DAHLIA 20 COMPRIMIDOS RECUBIERTOS","8/27/2013","ITF - LABOMED FARMACÉUTICA LTDA.","DROSPIRENONA//ETINILESTRADIOL",""
"","F-20419/23","DAHLIA COMPRIMIDOS RECUBIERTOS","10/8/2013","ITF - LABOMED FARMACÉUTICA LTDA.","DROSPIRENONA//ETINILESTRADIOL",""
"","F-18659/21","DAIVOBET GEL TÓPICO","5/30/2011","LABORATORIOS BIOPAS S.A.","BETAMETASONA//CALCIPOTRIOL",""
"","F-23427/22","DAIVOBET GEL TÓPICO","4/11/2017","LABORATORIOS BIOPAS S.A.","BETAMETASONA//CALCIPOTRIOL",""
"","F-20030/23","DAIVOBET UNGÜENTO TÓPICO","6/17/2013","LABORATORIOS BIOPAS S.A.","BETAMETASONA//CALCIPOTRIOL",""
"","F-11392/21","DAIVONEX UNGÜENTO 50 mcg/g","5/12/1993","LABORATORIOS BIOPAS S.A.","CALCIPOTRIOL",""
"","F-20546/23","DAKSOL COMPRIMIDOS 100 mg","11/22/2013","EXELTIS CHILE S.p.A.","LAMOTRIGINA",""
"","F-20545/23","DAKSOL COMPRIMIDOS 50 mg","11/22/2013","EXELTIS CHILE S.p.A.","LAMOTRIGINA",""
"","F-4995/25","DAKTARIN GEL ORAL 2%","12/29/1982","JOHNSON & JOHNSON PERSONAL CARE CHILE S.A.","MICONAZOL",""
"","F-17753/24","DAL COMPRIMIDOS RECUBIERTOS","8/27/1999","LABORATORIOS LAFI LTDA.","DESOGESTREL//ETINILESTRADIOL",""
"","F-17302/23","DALACIN SOLUCIÓN INYECTABLE 300 mg / 2 mL","12/22/2008","PFIZER CHILE S.A.","CLINDAMICINA",""
"","F-21673/25","DALGIET COMPRIMIDOS 2 mg (DIENOGEST)","1/19/2015 2:10","EXELTIS CHILE S.p.A.","DIENOGEST",""
"","F-28352/24","DALVEROL COMPRIMIDOS BUCODISPERSABLES 1 mg (RISPERIDONA)","7/1/2024","MINTLAB Co. S.A.","RISPERIDONA",""
"","F-28484/24","DALVEROL COMPRIMIDOS BUCODISPERSABLES 3 mg (RISPERIDONA)","9/12/2024","MINTLAB Co. S.A.","RISPERIDONA",""
"","F-28452/24","DALZOR COMPRIMIDOS BUCODISPERSABLES 10 mg (DONEPEZILO CLORHIDRATO)","9/2/2024","MINTLAB Co. S.A.","DONEPEZILO",""
"","F-28727/25","DALZOR comprimidos recubiertos 5 mg (Donepezilo Clorhidrato)","2/28/2025","MINTLAB Co. S.A.","DONEPEZILO CLORHIDRATO",""
"","F-27112/22","DAMIZEN COMPRIMIDOS CON RECUBRIMIENTO ENTÉRICO 5 mg (SERRAPEPTASA)","10/25/2022","DROGUERÍA FARMOQUÍMICA DEL PACÍFICO S.p.A.","SERRAPEPTASA",""
"","N-459/23","DAMONA COMPRIMIDOS 8 mg","2/28/2008","KNOP LABORATORIOS S.A.","",""
"","F-28883/25","DAMSEL COMPRIMIDOS RECUBIERTOS","5/23/2025","GADOR LTDA.","DROSPIRENONA MICRONIZADA//ETINILESTRADIOL MICRONIZADO",""
"","F-21685/25","DANIELE COMPRIMIDOS RECUBIERTOS","1/26/2015","EXELTIS CHILE S.p.A.","DIENOGEST//ETINILESTRADIOL",""
"","F-11005/21","DANTRIUM LIOFILIZADO PARA SOLUCIÓN INYECTABLE 20 mg","5/10/1991","DROGUERÍA FARMOQUÍMICA DEL PACÍFICO LTDA.","DANTROLENO",""
"","F-28207/24","DANTROLENO SÓDICO LIOFILIZADO PARA SOLUCIÓN INYECTABLE CON SOLVENTE 20 mg","4/5/2024","CRISTALIA CHILE S.p.A.","DANTROLENO",""
"","F-28673/25","DAPAGLIFLOZINA COMPRIMIDOS RECUBIERTOS 10 mg","1/7/2025","PINNACLE CHILE S.p.A.","DAPAGLIFLOZINA",""
"","F-28671/25","DAPAGLIFLOZINA COMPRIMIDOS RECUBIERTOS 5 mg","1/7/2025","PINNACLE CHILE S.p.A.","DAPAGLIFLOZINA",""
"","F-25951/21","DAPETIN COMPRIMIDOS RECUBIERTOS 10 mg (DAPAGLIFLOZIN)","1/25/2021","SEVEN PHARMA CHILE S.p.A.","DAPAGLIFLOZINA",""
"","F-25950/21","DAPETIN COMPRIMIDOS RECUBIERTOS 5 mg (DAPAGLIFLOZIN)","1/25/2021","SEVEN PHARMA CHILE S.p.A.","DAPAGLIFLOZINA",""
"","F-28042/24","DAPTICID LIOFILIZADO PARA SOLUCION PARA PERFUSION 500 mg (DAPTOMICINA)","1/19/2024","SRS LIFE SCIENCES CHILE S.p.A.","DAPTOMICINA",""
"","F-26764/22","DAPTOMICINA LIOFILIZADO PARA SOLUCIÓN INYECTABLE 350 mg.","4/27/2022","NEOETHICALS CHILE S.p.A.","DAPTOMICINA",""
"","F-26781/22","DAPTOMICINA LIOFILIZADO PARA SOLUCIÓN INYECTABLE 500 mg","5/4/2022","NEOETHICALS CHILE S.p.A.","DAPTOMICINA",""
"","F-27414/23","DAPTOMICINA LIOFILIZADO PARA SOLUCION PARA PERFUSION 500 mg","3/29/2023","LIBRA CHILE S.A.","DAPTOMICINA",""
"","F-27657/23","DAPTOMICINA LIOFILIZADO PARA SOLUCIÓN PARA PERFUSIÓN 500 mg","7/17/2023","FARMEDICAL S.p.A.","DAPTOMICINA",""
"","F-27196/22","DAPTOMICINA LIOFILIZADO PARA SOLUCIÓN PARA PERFUSIÓN 500 mg","12/5/2022","SEVEN PHARMA CHILE S.p.A.","DAPTOMICINA",""
"","F-2449/24","DARAPRIM COMPRIMIDOS 25 mg","3/17/1987","GLAXOSMITHKLINE CHILE FARMACÉUTICA LTDA.","PIRIMETAMINA",""
"","F-27923/23","DARIER SOLUCIÓN PARA GOTAS ORALES 7,5 mg/mL (PICOSULFATO DE SODIO)","11/16/2023","LABORATORIOS PRATER S.A.","SODIO PICOSULFATO",""
"","E-5/25","DARMAS CaD DUOTERAPIA CÁPSULAS","4/5/2010","LABORATORIO CHILE S.A.","ACIDO IBANDRONICO//CALCIO CARBONATO//COLECALCIFEROL",""
"","F-26756/22","DARUNAVIR COMPRIMIDOS RECUBIERTOS 400 mg","4/26/2022","SIAA VIDA FARMA SPA","DARUNAVIR",""
"","F-26757/22","DARUNAVIR COMPRIMIDOS RECUBIERTOS 600 mg","4/26/2022","SIAA VIDA FARMA SPA","DARUNAVIR",""
"","B-2880/21","DARZALEX CONCENTADO PARA SOLUCIÓN PARA PERFUSIÓN 400 mg/20 mL","5/18/2021","JOHNSON & JOHNSON DE CHILE S.A.","DARATUMUMAB",""
"","B-2660/22","DARZALEX CONCENTRADO PARA SOLUCIÓN PARA PERFUSIÓN 100 mg/ 5 mL (DARATUMUMAB)","1/27/2017","JOHNSON & JOHNSON DE CHILE S.A.","DARATUMUMAB",""
"","B-3018/24","DARZALEX SC SOLUCIÓN INYECTABLE 1800 mg/15 mL (DARATUMUMAB)","1/17/2024","JOHNSON & JOHNSON DE CHILE S.A.","DARATUMUMAB",""
"","F-26092/21","DASATINIB COMPRIMIDOS RECUBIERTOS 100 mg","4/14/2021","SANDOZ CHILE S.p.A.","DASATINIB",""
"","F-27609/23","DASATINIB COMPRIMIDOS RECUBIERTOS 100 mg ","6/28/2023","KAMPAR S.A.","DASATINIB",""
"","F-24101/23","DASATINIB COMPRIMIDOS RECUBIERTOS 100 mg","9/10/2018","LABORATORIO CHILE S.A.","DASATINIB",""
"","F-27642/23","DASATINIB COMPRIMIDOS RECUBIERTOS 140 mg","7/11/2023","KAMPAR S.A.","DASATINIB",""
"","F-27576/23","DASATINIB COMPRIMIDOS RECUBIERTOS 20 mg","6/8/2023","KAMPAR S.A.","DASATINIB",""
"","F-26084/21","DASATINIB COMPRIMIDOS RECUBIERTOS 20 mg","4/12/2021","SANDOZ CHILE S.p.A.","DASATINIB",""
"","F-24103/23","DASATINIB COMPRIMIDOS RECUBIERTOS 20 mg","9/10/2018","LABORATORIO CHILE S.A.","DASATINIB",""
"","F-24100/23","DASATINIB COMPRIMIDOS RECUBIERTOS 50 mg","9/10/2018","LABORATORIO CHILE S.A.","DASATINIB",""
"","F-26091/21","DASATINIB COMPRIMIDOS RECUBIERTOS 50 mg","4/14/2021","SANDOZ CHILE S.p.A.","DASATINIB",""
"","F-27607/23","DASATINIB COMPRIMIDOS RECUBIERTOS 50 mg","6/28/2023","KAMPAR S.A.","DASATINIB",""
"","F-27608/23","DASATINIB COMPRIMIDOS RECUBIERTOS 70 mg","6/28/2023","KAMPAR S.A.","DASATINIB",""
"","F-26090/21","DASATINIB COMPRIMIDOS RECUBIERTOS 70 mg","4/14/2021","SANDOZ CHILE S.p.A.","DASATINIB",""
"","F-24102/23","DASATINIB COMPRIMIDOS RECUBIERTOS 70 mg","9/10/2018","LABORATORIO CHILE S.A.","DASATINIB",""
"","F-27382/23","DASAVAL COMPRIMIDOS RECUBIERTOS 100 mg (DASATINIB)","3/15/2023","LABORATORIOS SAVAL S.A.","DASATINIB",""
"","F-27385/23","DASAVAL COMPRIMIDOS RECUBIERTOS 20 mg (DASATINIB)","3/15/2023","LABORATORIOS SAVAL S.A.","DASATINIB",""
"","F-27384/23","DASAVAL COMPRIMIDOS RECUBIERTOS 50 mg (DASATINIB)","3/15/2023","LABORATORIOS SAVAL S.A.","DASATINIB",""
"","F-27383/23","DASAVAL COMPRIMIDOS RECUBIERTOS 70 mg (DASATINIB)","3/15/2023","LABORATORIOS SAVAL S.A.","DASATINIB",""
"","B-3027/24","DAUNORUBICINA CLORHIDRATO LIOFILIZADO PARA SOLUCIÓN INYECTABLE 20 mg","9/3/2024","PFIZER CHILE S.A.","DAUNORUBICINA",""
"","B-407/24","DAUNORUBICINA LIOFILIZADO PARA SOLUCIÓN INYECTABLE 20 mg","9/15/1999","BPH S.A.","DAUNORUBICINA",""
"","F-20397/21","DDAVP COMPRIMIDOS 0,1 mg (DESMOPRESINA)","10/29/1996","FERRING PRODUCTOS FARMACÉUTICOS SpA","DESMOPRESINA",""
"","F-20398/21","DDAVP COMPRIMIDOS 0,2 mg (DESMOPRESINA ACETATO TRIHIDRATO)","10/29/1996","FERRING PRODUCTOS FARMACÉUTICOS SpA","DESMOPRESINA",""
"","F-24547/24","DEBLAX CAPSULAS BLANDAS 100.000 U.I.","2/1/2019","TECNOFARMA S.A.","COLECALCIFEROL",""
"","F-23414/22","DECA DURABOLIN SOLUCIÓN INYECTABLE 50 mg/1mL (NANDROLONA DECANOATO)","4/10/2017","ASPEN CHILE S.A.","Nandrolona Decanoato",""
"","F-28582/24","DECA DURABOLIN SOLUCIÓN INYECTABLE 50 mg/1mL (NANDROLONA DECANOATO)","11/7/2024","ASPEN CHILE S.A.","Nandrolona Decanoato",""
"","F-8887/21","DECAPEPTYL LIOFILIZADO PARA SUSPENSIÓN INYECTABLE 11,25 mg","8/28/2001","TECNOFARMA S.A.","TRIPTORELINA",""
"","F-21288/24","DECAPEPTYL LIOFILIZADO PARA SUSPENSIÓN INYECTABLE 22,5 mg","8/1/2014","TECNOFARMA S.A.","TRIPTORELINA",""
"","F-18994/21","DECAPEPTYL LIOFILIZADO PARA SUSPENSIÓN INYECTABLE 3,75 mg (TRIPTORELINA)","10/18/2011","TECNOFARMA S.A.","TRIPTORELINA",""
"","F-24688/24","DECAPEPTYL LIOFILIZADO PARA SUSPENSIÓN INYECTABLE DE DEPÓSITO 22,5 mg CON SOLVENTE (TRIPTORELINA)","3/5/2019","TECNOFARMA S.A.","TRIPTORELINA",""
"","F-24865/24","DECAPEPTYL LIOFILIZADO PARA SUSPENSIÓN INYECTABLE DE DEPÓSITO 11,25 mg CON SOLVENTE (TRIPTORELINA)","6/3/2019","TECNOFARMA S.A.","TRIPTORELINA",""
"","F-24691/24","DECAPEPTYL LIOFILIZADO PARA SUSPENSIÓN INYECTABLE DE DEPÓSITO 3,75 mg CON SOLVENTE (TRIPTORELINA)","3/6/2019","TECNOFARMA S.A.","TRIPTORELINA",""
"","F-27379/23","DECITABINA LIOFILIZADO PARA SOLUCIÓN INYECTABLE 50 mg","3/15/2023","SEVEN PHARMA CHILE S.p.A.","DECITABINA",""
"","F-27573/23","DECITABINA POLVO LIOFILIZADO PARA SOLUCIÓN INYECTABLE 50 mg","6/6/2023","MSN LABS CHILE S.p.A.","DECITABINA",""
"","F-27860/23","DEFERASIROX COMPRIMIDOS DISPERSABLES 250 mg","10/3/2023","ALEMBIC PHARMACEUTICALS S.p.A.","DEFERASIROX",""
"","F-14173/24","DEGRALER COMPRIMIDOS RECUBIERTOS 5 mg","9/24/2004","LABORATORIO BAGÓ DE CHILE S.A.","LEVOCETIRIZINA",""
"","F-17841/24","DEGRALER FORTE JARABE 5 mg/5 mL","11/18/2009","LABORATORIO BAGÓ DE CHILE S.A.","LEVOCETIRIZINA",""
"","F-15510/21","DEGRALER JARABE 2,5 mg/5 mL (LEVOCETIRIZINA)","5/5/2006","LABORATORIO BAGÓ DE CHILE S.A.","LEVOCETIRIZINA",""
"","F-15509/21","DEGRALER SOLUCIÓN PARA GOTAS ORALES 5 mg/mL (LEVOCETIRIZINA)","5/5/2006","LABORATORIO BAGÓ DE CHILE S.A.","LEVOCETIRIZINA",""
"","F-24806/24","DELSTRIGO COMPRIMIDOS RECUBIERTOS ","4/29/2019","MERCK SHARP & DOHME (I.A.) LLC","DORAVIRINA//LAMIVUDINA//TENOFOVIR DISOPROXIL FUMARATO",""
"","F-25349/25","DELTIUS SOLUCIÓN ORAL 100.000 U.I. (COLECALCIFEROL)","4/3/2020","ITF - LABOMED FARMACÉUTICA LTDA.","COLECALCIFEROL",""
"","F-25348/25","DELTIUS SOLUCIÓN ORAL 25.000 U.I. (COLECALCIFEROL)","4/3/2020","ITF - LABOMED FARMACÉUTICA LTDA.","Colecalciferol",""
"","F-25786/25","DELTIUS SOLUCIÓN ORAL 50.000 U.I. (COLECALCIFEROL)","11/16/2020","ITF - LABOMED FARMACÉUTICA LTDA.","COLECALCIFEROL",""
"","F-25809/25","DENFOS LIOFILIZADO PARA PERFUSIÓN 500 mg (DAPTOMICINA)","11/23/2020","DR. REDDYS LABORATORIES CHILE S.p.A.","DAPTOMICINA",""
"","F-23978/23","DENSIS SOLUCIÓN INYECTABLE 5 mg/100 mL","9/4/2018","EUROFARMA CHILE SpA","ACIDO ZOLEDRONICO",""
"","F-16120/22","DENTOCAIN 2% / 1:100000 SOLUCIÓN INYECTABLE PARA USO DENTAL","6/15/2007","IMPORTADORA SURDENT LTDA.","EPINEFRINA//MEPIVACAINA",""
"","F-19851/23","DENTOCAIN SIMPLE SOLUCIÓN INYECTABLE 3% (MEPIVACAINA CLORHIDRATO)","3/29/2013","IMPORTADORA SURDENT LTDA.","MEPIVACAINA",""
"","F-9184/21","DEPAKENE CÁPSULAS BLANDAS 250 mg (ACIDO VALPROICO)","8/29/1996","ABBOTT LABORATORIES DE CHILE LTDA.","ACIDO VALPROICO",""
"","F-9185/21","DEPAKENE JARABE 250 mg/5 mL (ACIDO VALPROICO)","9/30/1996 1:10","ABBOTT LABORATORIES DE CHILE LTDA.","ACIDO VALPROICO",""
"","F-1276/23","DEPO - MEDROL SUSPENSIÓN INYECTABLE 80 mg/1 mL","9/29/1960","PFIZER CHILE S.A.","METILPREDNISOLONA",""
"","F-7802/21","DEPRAX COMPRIMIDOS RECUBIERTOS 100 mg","5/29/2001","LABORATORIOS SAVAL S.A.","SERTRALINA",""
"","F-2477/24","DEPRAX COMPRIMIDOS RECUBIERTOS 50 mg","11/25/1999","LABORATORIOS SAVAL S.A.","SERTRALINA",""
"","F-3200/25","DEPUROL RETARD CÁPSULAS CON GRÁNULOS RECUBIERTOS DE LIBERACIÓN PROLONGADA 150 mg","3/6/2000 2:10","MEGALABS CHILE S.A.","VENLAFAXINA",""
"","F-12470/22","DEPUROL RETARD CÁPSULAS CON GRÁNULOS RECUBIERTOS DE LIBERACIÓN PROLONGADA 37,5 mg (VENILAFAXINA)","10/29/2002","MEGALABS CHILE S.A.","VENLAFAXINA",""
"","F-3204/25","DEPUROL RETARD CÁPSULAS CON GRÁNULOS RECUBIERTOS DE LIBERACIÓN PROLONGADA 75 mg","4/10/2000","MEGALABS CHILE S.A.","VENLAFAXINA",""
"","F-3606/25","DERMABEL GEL DÉRMICO 1%","5/16/2000","MEGALABS CHILE S.A.","CLINDAMICINA",""
"","F-25642/25","DERMADRIL EMULSIÓN FLUIDA 1%","8/19/2020 1:10","ALPES CHEMIE S.A.","HIDROCORTISONA",""
"","F-8999/21","DERMATEN CREMA DÉRMICA 0,1%","11/3/1995","INSTITUTO SANITAS S.A.","MOMETASONA",""
"","F-27028/22","DERMAVIR CREMA TÓPICA 5%(ACICLOVIR)","9/1/2022","LABORATORIO SCL LIMITADA","ACICLOVIR",""
"","F-27128/22","DERMELLA CÁPSULAS 100 mg (DOXICICLINA)","11/3/2022","OPKO CHILE S.A.","DOXICICLINA",""
"","F-27711/23","DERMIYES-ITZ CÁPSULAS CON GRÁNULOS RECUBIERTOS 100 mg","8/1/2023","CONSULTORÍA INTEGRAL SOCIEDAD LTDA.","ITRACONAZOL",""
"","F-8172/21","DERMODAN CREMA TÓPICA 0,025 %","4/14/1992","ITF - LABOMED FARMACÉUTICA LTDA.","TRETINOINA",""
"","F-8173/21","DERMODAN CREMA TÓPICA 0,05%","6/4/1991 2:10","ITF - LABOMED FARMACÉUTICA LTDA.","TRETINOINA",""
"","F-8171/21","DERMODAN CREMA TÓPICA 0,1%","12/27/1991 1:10","ITF - LABOMED FARMACÉUTICA LTDA.","TRETINOINA",""
"","F-15346/25","DERMODAN PLUS GEL TÓPICO","12/30/2005","ITF - LABOMED FARMACÉUTICA LTDA.","ERITROMICINA//TRETINOINA",""
"","F-2233/24","DERMOSONA CREMA DÉRMICA 0.1%","11/10/1999","LABORATORIOS SAVAL S.A.","MOMETASONA",""
"","F-2439/24","DERMOVATE CREMA TÓPICA 0,05% (CLOBETASOL PROPIONATO)","11/10/1978","GLAXOSMITHKLINE CHILE FARMACÉUTICA LTDA.","CLOBETASOL",""
"","F-4110/25","DERMOVATE LOCIÓN CAPILAR AL 0,05%","12/17/1984 2:10","GLAXOSMITHKLINE CHILE FARMACÉUTICA LTDA.","CLOBETASOL",""
"","F-2446/24","DERMOVATE POMADA TÓPICA 0,05% (CLOBETASOL)","10/3/1978","GLAXOSMITHKLINE CHILE FARMACÉUTICA LTDA.","CLOBETASOL",""
"","F-14953/25","DEROXAT CR COMPRIMIDOS CON RECUBRIMIENTO ENTÉRICO DE LIBERACIÓN PROLONGADA 12,5 mg (PAROXEXTINA)","9/1/2005","ETEX FARMACÉUTICA LTDA.","PAROXETINA",""
"","F-20077/23","DEROXAT CR COMPRIMIDOS CON RECUBRIMIENTO ENTÉRICO DE LIBERACIÓN PROLONGADA 25 mg","6/27/2013","ETEX FARMACÉUTICA LTDA.","PAROXETINA",""
"","F-23671/22","DESCOVY 200/25 COMPRIMIDOS RECUBIERTOS","12/27/2017","GADOR LTDA.","EMTRICITABINA//TENOFOVIR",""
"","F-27960/23","DESDOL COMPRIMIDOS RECUBIERTOS","11/28/2023","EUROFARMA CHILE SpA","CLORZOXAZONA//PARACETAMOL",""
"","F-26034/21","DESFLURANO LÍQUIDO PARA INHALACIÓN","3/16/2021","FARMEDICAL S.p.A.","DESFLURANO",""
"","F-27397/23","Desinaler 5 mg comprimidos (desloratadina)","3/21/2023","LABORATORIO SCL LIMITADA","DESLORATADINA",""
"","F-23885/23","DESLAFAX 100 COMPRIMIDOS RECUBIERTOS DE LIBERACIÓN PROLONGADA 100 mg (DESVENLAFAXINA)","6/21/2018","GADOR LTDA.","DESVENLAFAXINA",""
"","F-23849/23","DESLAFAX 50 COMPRIMIDOS RECUBIERTOS DE LIBERACIÓN PROLONGADA 50mg (DESVENLAFAXINA)","6/6/2018","GADOR LTDA.","DESVENLAFAXINA",""
"","F-26366/21","DESLORATADINA COMPRIMIDOS RECUBIERTOS 5 mg","8/30/2021","LABORATORIO HOSPIFARMA CHILE LTDA.","DESLORATADINA",""
"","F-26509/21","DESLORATADINA COMPRIMIDOS RECUBIERTOS 5 mg","11/22/2021","MDC HEALTH S.p.A.","DESLORATADINA",""
"","F-25943/26","DESLORATADINA COMPRIMIDOS RECUBIERTOS 5 mg","1/20/2021","ASCEND LABORATORIES S.p.A.","DESLORATADINA",""
"","F-16474/22","DESLORATADINA COMPRIMIDOS RECUBIERTOS 5 mg","11/6/2007","LABORATORIOS PRATER S.A.","DESLORATADINA",""
"","F-29359/25","DESLORATADINA COMPRIMIDOS RECUBIERTOS 5 mg","12/9/2025","NEOETHICALS CHILE S.p.A.","Desloratadina",""
"","F-15111/25","DESLORATADINA JARABE 2,5 mg/ 5 mL","9/2/2005","LABORATORIO CHILE S.A.","DESLORATADINA",""
"","F-17750/24","DESLORATADINA JARABE 2,5 mg/5 mL","9/10/2009","INTERPHARMA S.A.","DESLORATADINA",""
"","F-26158/21","DESLORATADINA JARABE 2,5 mg/5 mL","5/12/2021","MEDINOVA FARMA LTDA.","DESLORATADINA",""
"","F-27087/22","DESLORATADINA JARABE 2,5 mg/5 mL","10/12/2022","PHARMATECH CHILE S.p.A.","DESLORATADINA",""
"","F-17276/23","DESMO-C SOLUCIÓN NASAL PARA NEBULIZACIÓN 10 mcg/dosis","12/23/2008","MEDSTYLE S.A.","DESMOPRESINA",""
"","F-26040/21","DESMOPRESINA ACETATO SOLUCIÓN INTRANASAL PARA NEBULIZACIÓN 10 mcg/dosis","3/22/2021","BPH S.A.","DESMOPRESINA",""
"","F-14003/24","DESPEVAL JARABE 2,5 mg/5 mL","8/18/2004","LABORATORIOS SAVAL S.A.","DESLORATADINA",""
"","F-15113/25","DESPEX COMPRIMIDOS RECUBIERTOS 5 mg","9/2/2005","LABORATORIO CHILE S.A.","Desloratadina",""
"","F-15110/25","DESPEX JARABE 2,5 mg/5 mL","9/2/2005","LABORATORIO CHILE S.A.","DESLORATADINA",""
"","F-23512/22","DESTREL COMPRIMIDOS RECUBIERTOS 0,075 mg","6/20/2017","EUROFARMA CHILE SpA","Desogestrel",""
"","F-24365/23","DESVE COMPRIMIDOS RECUBIERTOS DE LIBERACIÓN PROLONGADA 100 mg (DESVENLAFAXINA)","11/26/2018","EUROFARMA CHILE SpA","DESVENLAFAXINA",""
"","F-24399/23","DESVE COMPRIMIDOS RECUBIERTOS DE LIBERACIÓN PROLONGADA 50 mg (DESVENLAFAXINA)","12/4/2018","EUROFARMA CHILE SpA","DESVENLAFAXINA",""
"","F-25101/24","DESVENLAFAXINA COMPRIMIDOS RECUBIERTOS DE LIBERACIÓN PROLONGADA 100 mg","10/25/2019","LABORATORIO HOSPIFARMA CHILE LTDA.","DESVENLAFAXINA",""
"","F-27617/23","DESVENLAFAXINA COMPRIMIDOS RECUBIERTOS DE LIBERACION PROLONGADA 100 mg","7/6/2023","FARMEDICAL S.p.A.","DESVENLAFAXINA",""
"","F-24373/23","DESVENLAFAXINA COMPRIMIDOS RECUBIERTOS DE LIBERACIÓN PROLONGADA 100 mg","11/27/2018","EUROFARMA CHILE SpA","DESVENLAFAXINA",""
"","F-24402/23","DESVENLAFAXINA COMPRIMIDOS RECUBIERTOS DE LIBERACIÓN PROLONGADA 50 mg","12/3/2018","EUROFARMA CHILE SpA","DESVENLAFAXINA",""
"","F-25107/24","DESVENLAFAXINA COMPRIMIDOS RECUBIERTOS DE LIBERACIÓN PROLONGADA 50 mg","10/29/2019","LABORATORIO HOSPIFARMA CHILE LTDA.","DESVENLAFAXINA",""
"","F-27999/23","DETHROM COMPRIMIDOS RECUBIERTOS 10 mg (RIVAROXABÁN)","12/26/2023","ALEMBIC PHARMACEUTICALS S.p.A.","RIVAROXABAN",""
"","F-27998/23","DETHROM COMPRIMIDOS RECUBIERTOS 15 mg (RIVAROXABÁN)","12/26/2023","ALEMBIC PHARMACEUTICALS S.p.A.","RIVAROXABAN",""
"","F-27997/23","DETHROM COMPRIMIDOS RECUBIERTOS 20 mg (RIVAROXABÁN)","12/26/2023","ALEMBIC PHARMACEUTICALS S.p.A.","RIVAROXABAN",""
"","F-19428/22","DETRUCALM COMPRIMIDOS RECUBIERTOS 200 mg","5/17/2012","MEGALABS CHILE S.A.","FLAVOXATO",""
"","F-780/23","DETRUSITOL COMPRIMIDOS RECUBIERTOS 2 mg","9/4/1998 1:10","ASPEN CHILE S.A.","TOLTERODINA",""
"","F-17725/24","DETRUSITOL SR CÁPSULAS CON GRÁNULOS DE LIBERACIÓN PROLONGADA 4 mg","9/8/2009","ASPEN CHILE S.A.","TOLTERODINA",""
"","F-25331/25","DEUCOTOS JARABE","3/10/2020","EUROFARMA CHILE SpA","CLORFENAMINA//CODEINA//PSEUDOEFEDRINA","Estupefaciente"
"","F-18495/21","DEURSIL CÁPSULAS CON GRÁNULOS CON RECUBRIMIENTO ENTÉRICO 400 mg","2/11/2011","LABORATORIOS LAFI LTDA.","DIDANOSINA",""
"","F-27483/23","DEX SOLUCIÓN INYECTABLE 400 mcg/100 mL (DEXMEDETOMIDINA)","5/11/2023","LIBRA CHILE S.A.","DEXMEDETOMIDINA",""
"","F-21779/25","DEXAGIN ÓVULOS","3/31/2015 1:10","DROGUERÍA FARMOQUÍMICA DEL PACÍFICO LTDA.","DEXAMETASONA//IODOHIDROXIQUINOLEINA",""
"","F-25168/24","DEXKEVITAE SOLUCION ORAL 25 mg (DEXKETOPROFENO)","12/11/2019","GALENICUM HEALTH CHILE S.p.A.","DEXKETOPROFENO",""
"","F-21096/24","DEXMEDETOMIDINA SOLUCIÓN INYECTABLE 0,1 mg/mL","5/13/2014","LIBRA CHILE S.A.","DEXMEDETOMIDINA",""
"","F-23735/23","DEXMEDETOMIDINA SOLUCIÓN INYECTABLE 100 mcg/mL","3/20/2018","LABORATORIO BIOSANO S.A.","DEXMEDETOMIDINA",""
"","F-25765/25","DEXMEDETOMIDINA SOLUCIÓN INYECTABLE 200 µg/2 mL","11/2/2020","GADOR LTDA.","DEXMEDETOMIDINA",""
"","F-25998/21","DEXMEDETOMIDINA SOLUCIÓN INYECTABLE 200 mcg/ 2 mL ","2/23/2021","NEOETHICALS CHILE S.p.A.","DEXMEDETOMIDINA",""
"","F-26083/21","DEXMEDETOMIDINA SOLUCIÓN INYECTABLE 200 mcg/ 2 mL","4/12/2021","FARMEDICAL S.p.A.","DEXMEDETOMIDINA",""
"","F-24046/23","DEXMEDETOMIDINA SOLUCIÓN INYECTABLE 200 mcg/ 2 mL","8/20/2018","BPH S.A.","DEXMEDETOMIDINA",""
"","F-24336/23","DEXMEDETOMIDINA SOLUCIÓN INYECTABLE 200 mcg/ 2 mL ","11/21/2018","ASCEND LABORATORIES S.p.A.","DEXMEDETOMIDINA",""
"","F-28379/24","DEXMEDETOMIDINA SOLUCIÓN INYECTABLE 200 mcg/ 2 mL","7/25/2024","FRESENIUS KABI CHILE LTDA.","DEXMEDETOMIDINA",""
"","F-27357/23","DEXMEDETOMIDINA SOLUCIÓN INYECTABLE 200 mcg/ 2mL","2/27/2023","LABVITALIS S.A.","DEXMEDETOMIDINA",""
"","F-27052/22","DEXMEDETOMIDINA SOLUCIÓN INYECTABLE 200 mcg/2 mL","9/20/2022","OPKO CHILE S.A.","DEXMEDETOMIDINA",""
"","F-26776/22","DEXMEDETOMIDINA SOLUCIÓN INYECTABLE 200 mcg/2 mL","5/3/2022","FRESENIUS KABI CHILE LTDA.","DEXMEDETOMIDINA",""
"","F-26787/22","DEXMEDETOMIDINA SOLUCIÓN INYECTABLE 200 mcg/2 mL","5/10/2022","B. BRAUN MEDICAL SpA","DEXMEDETOMIDINA",""
"","F-24434/23","DEXMEDETOMIDINA SOLUCIÓN INYECTABLE 200 mcg/2 mL","12/12/2018","EUROFARMA CHILE SpA","DEXMEDETOMIDINA",""
"","F-23736/23","DEXMEDETOMIDINA SOLUCIÓN INYECTABLE 200 mcg/2 mL ","3/20/2018","LABORATORIO BIOSANO S.A.","DEXMEDETOMIDINA",""
"","F-27713/23","DEXMEDETOMIDINA SOLUCIÓN INYECTABLE 200 mcg/2 mL","8/7/2023","DIFEM LABORATORIOS S.A.","DEXMEDETOMIDINA",""
"","F-27792/23","DEXMEDETOMIDINA SOLUCIÓN INYECTABLE 200 mcg/2 mL ","9/8/2023","DIFEM LABORATORIOS S.A.","DEXMEDETOMIDINA",""
"","F-28180/24","DEXMEDETOMIDINA SOLUCIÓN INYECTABLE 200 mcg/2mL","3/27/2024","EMCURE PHARMA CHILE S.p.A.","DEXMEDETOMIDINA",""
"","F-27662/23","DEXMEDETOMIDINA SOLUCIÓN INYECTABLE 400 mcg/100 mL","7/31/2023","FARMEDICAL S.p.A.","DEXMEDETOMIDINA",""
"","F-27359/23","DEXMEDETOMIDINA SOLUCIÓN INYECTABLE 400 mcg/100 mL","2/28/2023","INDUSTRIAL Y COMERCIAL BAXTER DE CHILE LTDA.","DEXMEDETOMIDINA",""
"","F-11904/22","DEXNIOFEN COMPRIMIDOS RECUBIERTOS 200 mg","2/15/2002","LABORATORIOS RECALCINE S.A.","DEXIBUPROFENO",""
"","F-11905/22","DEXNIOFEN COMPRIMIDOS RECUBIERTOS 300 mg","2/15/2002","LABORATORIOS RECALCINE S.A.","DEXIBUPROFENO",""
"","F-24909/24","DEXTOCRIS SOLUCIÓN INYECTABLE 200 mcg/2 mL (DEXMEDETOMIDINA CLORHIDRATO)","6/27/2019","CRISTALIA CHILE S.p.A.","DEXMEDETOMIDINA",""
"","F-28318/24","DEXTOCRIS SOLUCIÓN INYECTABLE 200 mcg/2 mL (DEXMEDETOMIDINA)","6/10/2024","CRISTALIA CHILE S.p.A.","DEXMEDETOMIDINA",""
"","F-28676/25","DEXTOCRIS SOLUCIÓN INYECTABLE 400 mcg/100 mL (DEXMEDETOMIDINA)","1/7/2025","CRISTALIA CHILE S.p.A.","DEXMEDETOMIDINA",""
"","F-16211/22","DEXTRALPHA SOLUCIÓN INYECTABLE 5%","7/20/2007","FRESENIUS KABI CHILE LTDA.","GLUCOSA",""
"","F-10198/21","DEXTROSA MONOHIDRATO 5% Y CLORURO DE SODIO 0,9% SOLUCIÓN INYECTABLE","8/4/1994","INDUSTRIAL Y COMERCIAL BAXTER DE CHILE LTDA.","GLUCOSA//SODIO CLORURO",""
"","F-10193/21","DEXTROSA SOLUCIÓN INYECTABLE 10%","2/10/1995","INDUSTRIAL Y COMERCIAL BAXTER DE CHILE LTDA.","GLUCOSA",""
"","F-19970/23","DEXTROSA SOLUCIÓN INYECTABLE 5%","5/22/2013 2:10","B. BRAUN MEDICAL SpA","GLUCOSA",""
"","F-26883/22","DEXTROSA SOLUCIÓN INYECTABLE 5%","7/7/2022","LABORATORIO FLEXPHARMA CHILE LTDA.","GLUCOSA",""
"","F-14605/25","DEXTROSA SOLUCIÓN INYECTABLE AL 5%","2/14/2005","INDUSTRIAL Y COMERCIAL BAXTER DE CHILE LTDA.","GLUCOSA",""
"","F-27166/22","DIABELINA COMPRIMIDOS RECUBIERTOS 100 mg (SITAGLIPTINA)","11/21/2022","LABORATORIOS SAVAL S.A.","SITAGLIPTINA",""
"","F-27820/23","DIABELINA M 50/1000 COMPRIMIDOS RECUBIERTOS","9/14/2023","LABORATORIOS SAVAL S.A.","METFORMINA//SITAGLIPTINA",""
"","F-27818/23","DIABELINA M 50/500 COMPRIMIDOS RECUBIERTOS","9/13/2023","LABORATORIOS SAVAL S.A.","METFORMINA//SITAGLIPTINA",""
"","F-27819/23","DIABELINA M 50/850 COMPRIMIDOS RECUBIERTOS","9/14/2023","LABORATORIOS SAVAL S.A.","METFORMINA//SITAGLIPTINA",""
"","F-6420/25","DIACOR SUSPENSIÓN ORAL","4/8/1987","LABORATORIO PASTEUR S.A.","MEBENDAZOL",""
"","F-27682/23","DIAMETINA XR COMPRIMIDOS DE LIBERACIÓN PROLONGADA 1000 mg","7/24/2023","LABORATORIOS SAVAL S.A.","METFORMINA",""
"","F-27622/23","DIAMETINA XR COMPRIMIDOS DE LIBERACIÓN PROLONGADA 500 mg","7/3/2023","LABORATORIOS SAVAL S.A.","METFORMINA",""
"","F-27623/23","DIAMETINA XR COMPRIMIDOS DE LIBERACIÓN PROLONGADA 750 mg","7/3/2023","LABORATORIOS SAVAL S.A.","METFORMINA",""
"","F-18999/21","DIAMICRON MR 60 COMPRIMIDOS DE LIBERACIÓN PROLONGADA 60 mg","10/24/2011","LABORATORIO SERVIER CHILE LTDA.","GLICLAZIDA",""
"","F-27742/23","DIANE 35 GRAGEAS","8/14/2023","BAYER S.A.","CIPROTERONA//ETINILESTRADIOL",""
"","F-21564/24","DIANEAL PD-2 SOLUCIÓN PARA DIÁLISIS PERITONEAL AL 1,5%","11/25/2014","INDUSTRIAL Y COMERCIAL BAXTER DE CHILE LTDA.","CALCIO CLORURO//DEXTROSA//MAGNESIO CLORURO//SODIO CLORURO//SODIO LACTATO",""
"","F-21563/24","DIANEAL PD-2 SOLUCIÓN PARA DIÁLISIS PERITONEAL AL 1.5%","11/25/2014","INDUSTRIAL Y COMERCIAL BAXTER DE CHILE LTDA.","CALCIO CLORURO//DEXTROSA//MAGNESIO CLORURO//SODIO CLORURO//SODIO LACTATO",""
"","F-21574/24","DIANEAL PD-2 SOLUCIÓN PARA DIÁLISIS PERITONEAL AL 2,5%","12/1/2014","INDUSTRIAL Y COMERCIAL BAXTER DE CHILE LTDA.","CALCIO CLORURO//DEXTROSA//MAGNESIO CLORURO//SODIO CLORURO//SODIO LACTATO",""
"","F-21576/24","DIANEAL PD-2 SOLUCIÓN PARA DIÁLISIS PERITONEAL AL 4,25%","12/1/2014","INDUSTRIAL Y COMERCIAL BAXTER DE CHILE LTDA.","CALCIO CLORURO//DEXTROSA//MAGNESIO CLORURO//SODIO CLORURO//SODIO LACTATO",""
"","F-165/22","DIANEAL SOLUCIÓN PARA DIÁLISIS PERITONEAL CALCIO FISIOLÓGICO CON DEXTROSA AL 1,5%","10/15/1997","INDUSTRIAL Y COMERCIAL BAXTER DE CHILE LTDA.","CALCIO CLORURO//DEXTROSA//MAGNESIO CLORURO//SODIO CLORURO//SODIO LACTATO",""
"","F-164/22","DIANEAL SOLUCIÓN PARA DIÁLISIS PERITONEAL CALCIO FISIOLÓGICO CON DEXTROSA AL 2,5%","10/14/1997","INDUSTRIAL Y COMERCIAL BAXTER DE CHILE LTDA.","CALCIO CLORURO//DEXTROSA//MAGNESIO CLORURO//SODIO CLORURO//SODIO LACTATO",""
"","F-166/22","DIANEAL SOLUCIÓN PARA DIÁLISIS PERITONEAL CALCIO FISIOLÓGICO CON DEXTROSA AL 4,25%","10/15/1997","INDUSTRIAL Y COMERCIAL BAXTER DE CHILE LTDA.","CALCIO CLORURO//DEXTROSA//MAGNESIO CLORURO//SODIO CLORURO//SODIO LACTATO",""
"","F-5450/25","DIAREN COMPRIMIDOS","2/23/1989 2:10","EUROLAB LTDA.","ATAPULGITA//NIFUROXAZIDA",""
"","F-5451/25","DIAREN SUSPENSIÓN ORAL","2/23/1989 2:10","EUROLAB LTDA.","ATAPULGITA//NIFUROXAZIDA",""
"","F-22911/21","DICIL CREMA TOPICA 1% (TERBINAFINA)","7/27/2016","MEGALABS CHILE S.A.","TERBINAFINA",""
"","F-22909/21","DICIL SOLUCIÓN TÓPICA PARA ATOMIZACIÓN 1% (TERBINAFINA CLORHIDRATO)","7/27/2016 2:10","MEGALABS CHILE S.A.","TERBINAFINA",""
"","F-19440/22","DICLOFENACO DE SODIO COMPRIMIDOS CON RECUBRIMIENTO ENTÉRICO 50 mg","5/22/2012 2:10","OPKO CHILE S.A.","DICLOFENACO",""
"","F-21329/24","DICLOFENACO SÓDICO 75 mg/3 mL","8/21/2014","SCM PHARMA S.p.A.","DICLOFENACO",""
"","F-3924/25","DICLOFENACO SÓDICO ADULTOS SUPOSITORIOS 50 mg","6/22/1988","LABORATORIO CHILE S.A.","DICLOFENACO",""
"","F-3926/25","DICLOFENACO SÓDICO CÁPSULAS CON GRÁNULOS RECUBIERTOS DE LIBERACiÓN PROLONGADA 100 mg","10/3/1989","LABORATORIO CHILE S.A.","DICLOFENACO",""
"","F-19092/21","DICLOFENACO SÓDICO CÁPSULAS CON GRÁNULOS RECUBIERTOS DE LIBERACIÓN PROLONGADA 100 mg","11/21/2011","B Y B FARMACÉUTICA LTDA.","DICLOFENACO",""
"","F-15169/25","DICLOFENACO SÓDICO CÁPSULAS CON GRÁNULOS RECUBIERTOS DE LIBERACIÓN PROLONGADA 100 mg","10/25/2005","LABORATORIOS ANDRÓMACO S.A.","DICLOFENACO",""
"","F-24625/24","DICLOFENACO SÓDICO CÁPSULAS CON GRÁNULOS RECUBIERTOS DE LIBERACIÓN PROLONGADA 100 mg","2/11/2019","OPKO CHILE S.A.","DICLOFENACO",""
"","F-19286/22","DICLOFENACO SÓDICO COMPRIMIDOS CON RECUBRIMIENTO ENTÉRICO 50 mg","3/7/2012","MEDINOVA FARMA LTDA.","DICLOFENACO",""
"","F-26962/22","DICLOFENACO SÓDICO COMPRIMIDOS RECUBIERTOS DE LIBERACIÓN PROLONGADA 100 mg","8/3/2022","MDC HEALTH S.p.A.","DICLOFENACO",""
"","F-6541/25","DICLOFENACO SÓDICO COMPRIMIDOS RECUBIERTOS ENTÉRICOS 50 mg","10/26/1989","LABORATORIOS ANDRÓMACO S.A.","DICLOFENACO",""
"","F-3921/25","DICLOFENACO SÓDICO INFANTIL SUPOSITORIOS 12,5 mg","6/17/1988","LABORATORIO CHILE S.A.","DICLOFENACO",""
"","F-26774/22","DICLOFENACO SÓDICO INFANTIL SUPOSITORIOS 12,5 mg","5/6/2022","SEVEN PHARMA CHILE S.p.A.","DICLOFENACO",""
"","F-7643/21","DICLOFENACO SÓDICO SOLUCIÓN INYECTABLE 75 mg /3 mL","3/2/1990 2:10","LABORATORIO BIOSANO S.A.","DICLOFENACO",""
"","F-29403/26","DICLOFENACO SÓDICO SOLUCIÓN INYECTABLE 75 mg/3 mL","1/15/2026","FLEXING CHILE S.p.A.","DICLOFENACO SÓDICO",""
"","F-10873/21","DICLOFENACO SÓDICO SOLUCIÓN INYECTABLE 75 mg/3 mL","11/22/1991","LABORATORIO SANDERSON SpA","DICLOFENACO",""
"","F-25396/25","DICLOFENACO SÓDICO SOLUCIÓN INYECTABLE 75mg/ 3mL","4/16/2020","LABORATORIO FLEXPHARMA CHILE LTDA.","DICLOFENACO",""
"","F-14939/25","DICLOFENACO SÓDICO SUPOSITORIOS 12,5 mg","7/22/2005","LABORATORIO PASTEUR S.A.","DICLOFENACO",""
"","F-14942/25","DICLOFENACO SÓDICO SUPOSITORIOS 50 mg","7/22/2005","LABORATORIO PASTEUR S.A.","DICLOFENACO",""
"","F-2406/24","DICLOFENACO SÓDICO SUSPENSIÓN ORAL PARA GOTAS 1,5%","12/6/1999","LABORATORIO CHILE S.A.","DICLOFENACO",""
"","F-18777/21","DIENOGEST-ESTRADIOL VALERATO COMPRIMIDOS RECUBIERTOS","7/25/2011","LABORATORIOS RECALCINE S.A.","DIENOGEST//ESTRADIOL",""
"","F-26745/22","DIENOGEST/ETINILESTRADIOL 2 /0,03 COMPRIMIDOS RECUBIERTOS","4/19/2022","EXELTIS CHILE S.p.A.","DIENOGEST//ETINILESTRADIOL",""
"","F-925/23","DIFFERIN CREMA DÉRMICA 0,1%","12/7/1998","GALDERMA CHILE LABORATORIOS LTDA.","ADAPALENO",""
"","F-17339/24","DIFFERIN GEL DÉRMICO 0,3%","1/23/2009","GALDERMA CHILE LABORATORIOS LTDA.","ADAPALENO",""
"","F-8541/26","DIFFERIN GEL DÉRMICO AL 0,1%","1/8/1997 2:10","GALDERMA CHILE LABORATORIOS LTDA.","ADAPALENO",""
"","F-10557/21","DIFLUCAN CÁPSULAS 150 mg (FLUCONAZOL)","6/8/1990","PFIZER CHILE S.A.","FLUCONAZOL",""
"","F-10558/21","DIFLUCAN CÁPSULAS 200 mg (FLUCONAZOL)","5/14/1991","PFIZER CHILE S.A.","FLUCONAZOL",""
"","F-10556/21","DIFLUCAN CÁPSULAS 50 mg (FLUCONAZOL)","6/8/1990","PFIZER CHILE S.A.","FLUCONAZOL",""
"","F-10559/21","DIFLUCAN SOLUCIÓN INYECTABLE I.V. 2 mg/mL (FLUCONAZOL)","5/14/1991","PFIZER CHILE S.A.","FLUCONAZOL",""
"","F-25810/25","DIFUMEX CÁPSULAS CON COMPRIMIDOS CON RECUBRIMIENTO ENTÉRICO 120 mg","11/24/2020","SYNTHON CHILE LTDA.","DIMETILFUMARATO",""
"","F-25815/25","DIFUMEX CÁPSULAS CON COMPRIMIDOS CON RECUBRIMIENTO ENTÉRICO 240 mg (DIMETILFUMARATO)","11/24/2020","SYNTHON CHILE LTDA.","DIMETILFUMARATO",""
"","F-25383/25","DIFURA CÁPSULAS CON COMPRIMIDOS CON RECUBRIMIENTO ENTÉRICO 240 mg (DIMETILFUMARATO)","4/9/2020","ASCEND LABORATORIES S.p.A.","DIMETILFUMARATO",""
"","F-28672/25","DIGLUXIA COMPRIMIDOS RECUBIERTOS 10 mg","1/7/2025","PINNACLE CHILE S.p.A.","DAPAGLIFLOZINA",""
"","F-28670/25","DIGLUXIA COMPRIMIDOS RECUBIERTOS 5 mg","1/7/2025","PINNACLE CHILE S.p.A.","DAPAGLIFLOZINA",""
"","F-3927/25","DIGOXINA COMPRIMIDOS 0,25 mg","6/6/1988 2:10","LABORATORIO CHILE S.A.","DIGOXINA",""
"","F-8247/21","DIGOXINA COMPRIMIDOS 0,25 mg","7/3/2001","SYNTHON CHILE LTDA.","DIGOXINA",""
"","F-9087/21","DIGOXINA SOLUCIÓN ORAL 50 mcg/mL","10/2/2001","LABORATORIO PASTEUR S.A.","DIGOXINA",""
"","F-25293/25","DILATREND COMPRIMIDOS 12,5 mg (CARVEDILOL)","2/7/2020","LABORATORIOS BIOPAS S.A.","CARVEDILOL",""
"","F-8125/21","DILATREND COMPRIMIDOS 25 mg","6/3/1992","LABORATORIOS BIOPAS S.A.","Carvedilol",""
"","F-25294/25","DILATREND COMPRIMIDOS 25 mg (CARVEDILOL)","2/7/2020","LABORATORIOS BIOPAS S.A.","Carvedilol",""
"","F-25286/25","DILATREND COMPRIMIDOS 6,25 mg (CARVEDILOL)","2/7/2020","LABORATORIOS BIOPAS S.A.","Carvedilol",""
"","F-25571/25","DIMEFUL 120 CÁPSULAS CON COMPRIMIDOS CON RECUBRIMIENTO ENTÉRICO 120 mg (DIMETILFUMARATO)","7/20/2020","GADOR LTDA.","DIMETILFUMARATO",""
"","F-25572/25","DIMEFUL 240 CÁPSULAS CON COMPRIMIDOS CON RECUBRIMIENTO ENTÉRICO 240 mg (DIMETILFUMARATO)","7/20/2020","GADOR LTDA.","DIMETILFUMARATO",""
"","F-25766/25","DIMETILFUMARATO CÁPSULAS CON COMPRIMIDOS CON RECUBRIMIENTO ENTÉRICO 120 mg","11/2/2020","SEVEN PHARMA CHILE S.p.A.","DIMETILFUMARATO",""
"","F-25763/25","DIMETILFUMARATO CÁPSULAS CON COMPRIMIDOS CON RECUBRIMIENTO ENTÉRICO 240 mg","11/2/2020","SEVEN PHARMA CHILE S.p.A.","DIMETILFUMARATO",""
"","F-18546/21","DIONDEL COMPRIMIDOS 100 mg","4/6/2011","MEGALABS CHILE S.A.","FLECAINIDA",""
"","F-23928/23","DIONELA COMPRIMIDOS RECUBIERTOS","7/17/2018","GEDEON RICHTER CHILE SPA","ETINILESTRADIOL//LEVONORGESTREL",""
"","F-13776/24","DIOTENSIL COMPRIMIDOS 10 mg (ENALAPRIL)","5/17/2004","MINTLAB Co. S.A.","ENALAPRIL",""
"","F-13777/24","DIOTENSIL COMPRIMIDOS 20 mg (ENALAPRIL)","5/17/2004","MINTLAB Co. S.A.","ENALAPRIL",""
"","F-27376/23","DIOTUL COMPRIMIDOS RECUBIERTOS 100 mg (ACOTIAMIDA CLORHIDRATO TRIHIDRATO)","3/16/2023 0:00","FAES FARMA CHILE, SALUD Y NUTRICIÓN SpA","ACOTIAMIDA",""
"","F-11642/21","DIPATROPIN COMPRIMIDOS","9/10/1994","LABORATORIO PASTEUR S.A.","ATROPINA SULFATO//PAPAVERINA",""
"","F-14971/25","DIPEMINA COMPRIMIDOS RECUBIERTOS","7/27/2005","LABORATORIOS RAFFO S.A.","DIOSMINA//HESPERIDINA",""
"","F-14381/24","DIPEPTIVEN SOLUCIÓN INYECTABLE 20%","12/22/2004","FRESENIUS KABI CHILE LTDA.","ALANINA",""
"","F-23737/23","DIPHERELINE LIOFILIZADO PARA SUSPENSIÓN INYECTABLE DE DEPÓSITO 11,25 mg, CON SOLVENTE (TRIPTORELINA )","3/14/2018","LABORATORIOS RECALCINE S.A.","Triptorelina",""
"","F-23738/23","DIPHERELINE LIOFILIZADO PARA SUSPENSIÓN INYECTABLE DE DEPÓSITO 3,75 mg, CON SOLVENTE (TRIPTORELINA)","3/14/2018","LABORATORIOS RECALCINE S.A.","TRIPTORELINA",""
"","F-22110/25","DIPROTAN CÁPSULAS CON GRÁNULOS CON RECUBRIMIENTO ENTÉRICO 30 mg","9/7/2015","ASCEND LABORATORIES S.p.A.","DULOXETINA",""
"","F-22123/25","DIPROTAN CÁPSULAS CON GRÁNULOS CON RECUBRIMIENTO ENTÉRICO 60 mg","9/10/2015","ASCEND LABORATORIES S.p.A.","DULOXETINA",""
"","F-22584/21","DIRTOP COMPRIMIDOS RECUBIERTOS 100 mg (SILDENAFILO CITRATO)","4/15/2016","EUROFARMA CHILE SpA","SILDENAFILO",""
"","F-26772/22","DIRTOP COMPRIMIDOS RECUBIERTOS 50 mg (SILDENAFILO)","5/2/2022","EUROFARMA CHILE SpA","SILDENAFILO",""
"","F-25072/24","DISAC COMPRIMIDOS RECUBIERTOS 20 mg","10/2/2019","OPKO CHILE S.A.","TADALAFILO",""
"","F-25071/24","DISAC COMPRIMIDOS RECUBIERTOS 5 mg ","10/2/2019","OPKO CHILE S.A.","TADALAFILO",""
"","F-17848/25","DISILDEN COMPRIMIDOS RECUBIERTOS 100 mg","1/28/2010","INTERPHARMA S.A.","SILDENAFILO",""
"","F-17847/24","DISILDEN COMPRIMIDOS RECUBIERTOS 50 mg","11/25/2009","INTERPHARMA S.A.","SILDENAFILO",""
"","F-26300/21","DISLEP COMPRIMIDOS 25 mg (LEVOSULPIRIDA)","8/3/2021","FERRER CHILE S.A.","LEVOSULPIRIDA",""
"","F-13629/24","DISLEP SOLUCIÓN INYECTABLE 25 mg/2 mL","3/26/2004","FERRER CHILE S.A.","LEVOSULPIRIDA",""
"","F-28637/24","DISLEP SOLUCIÓN INYECTABLE 25 mg/2 mL","12/11/2024","FERRER CHILE S.A.","LEVOSULPIRIDA",""
"","F-26466/21","DISLEP SOLUCIÓN ORAL PARA GOTAS 2,5% (LEVOSULPIRIDA)","10/26/2021","FERRER CHILE S.A.","LEVOSULPIRIDA",""
"","F-28758/25","DISOGREL CÁPSULAS 110 mg (DABIGATRÁN ETEXILATO)","3/18/2025","LABORATORIOS SAVAL S.A.","DABIGATRÁN ETEXILATO MESILATO",""
"","F-28759/25","DISOGREL CÁPSULAS 150 mg (DABIGATRÁN ETEXILATO)","3/18/2025","LABORATORIOS SAVAL S.A.","DABIGATRÁN ETEXILATO MESILATO",""
"","F-11091/21","DISTEX COMPRIMIDOS RECUBIERTOS 100 mg","7/12/1994","LABORATORIOS LAFI LTDA.","FLURBIPROFENO",""
"","F-19158/21","DISVEN COMPRIMIDOS RECUBIERTOS 2 mg","12/19/2011","LABORATORIOS RECALCINE S.A.","DIENOGEST",""
"","F-28646/24","DITOPAX F COMPRIMIDOS MASTICABLES","1/6/2025","EUROFARMA CHILE SpA","ALUMINIO HIDROXIDO-MAGNESIO CARBONATO COPRECIPITADO;GEL SECO;CARBONATO DE CALCIO;HIDROXIDO DE MAGNESIO;SIMETICONA",""
"","F-22194/20","DIVALPREX COMPRIMIDOS CON RECUBRIMIENTO ENTÉRICO 250 mg (ÁCIDO VALPROICO)","10/8/2015 2:10","GADOR LTDA.","ACIDO VALPROICO",""
"","F-22179/25","DIVALPREX COMPRIMIDOS CON RECUBRIMIENTO ENTÉRICO 500 mg (ÁCIDO VALPROICO)","10/1/2015","GADOR LTDA.","ACIDO VALPROICO",""
"","F-4324/25","DIVANON CÁPSULAS BLANDAS VAGINALES 100 mg","6/28/2000 2:10","TECNOFARMA S.A.","CLINDAMICINA",""
"","F-9774/21","DIVARIL COMPRIMIDOS RECUBIERTOS 30 mg","12/11/2001","TECNOFARMA S.A.","MIRTAZAPINA",""
"","F-20617/22","DIXI 35 COMPRIMIDOS RECUBIERTOS","10/23/1997","LABORATORIOS LAFI LTDA.","CIPROTERONA//ETINILESTRADIOL",""
"","F-10874/21","DOBUTAMINA SOLUCIÓN INYECTABLE 250 mg/5 mL","8/13/1993","LABORATORIO SANDERSON SpA","DOBUTAMINA",""
"","F-7644/21","DOBUTAMINA SOLUCIÓN INYECTABLE 250 mg/5 mL","11/20/1990","LABORATORIO BIOSANO S.A.","DOBUTAMINA",""
"","F-19431/22","DOCETAXEL SOLUCIÓN CONCENTRADA INYECTABLE 20 mg/2 mL, CON SOLVENTE","5/18/2012 2:10","LABORATORIO SANDERSON SpA","Docetaxel",""
"","F-19432/22","DOCETAXEL SOLUCIÓN CONCENTRADA INYECTABLE 80 mg/8 mL, CON SOLVENTE","5/18/2012 2:10","LABORATORIO SANDERSON SpA","Docetaxel",""
"","F-20051/23","DOCETAXEL SOLUCIÓN CONCENTRADA PARA INFUSIÓN 120 mg/ 6 mL","7/19/2013","FRESENIUS KABI CHILE LTDA.","DOCETAXEL",""
"","F-20053/23","DOCETAXEL SOLUCIÓN CONCENTRADA PARA INFUSIÓN 20 mg/1 mL","7/19/2013 2:10","FRESENIUS KABI CHILE LTDA.","DOCETAXEL",""
"","F-20052/23","DOCETAXEL SOLUCIÓN CONCENTRADA PARA INFUSIÓN 80 mg/4 mL","7/19/2013","FRESENIUS KABI CHILE LTDA.","DOCETAXEL",""
"","F-28520/24","DOCETAXEL SOLUCIÓN CONCENTRADA PARA PARA PERFUSIÓN 20 mg/1 mL","10/7/2024","GLENMARK FARMACEUTICA S.p.A.","DOCETAXEL",""
"","F-28521/24","DOCETAXEL SOLUCIÓN CONCENTRADA PARA PARA PERFUSIÓN 80 mg/4 mL","10/7/2024","GLENMARK FARMACEUTICA S.p.A.","DOCETAXEL",""
"","F-26869/22","DOCETAXEL SOLUCIÓN CONCENTRADA PARA PERFUSIÓN 160 mg/ 8 mL","7/18/2022 0:00","FARMACÉUTICA XENIUS SPA","DOCETAXEL",""
"","F-27829/23","DOCETAXEL SOLUCIÓN CONCENTRADA PARA PERFUSIÓN 20 mg/ 2 mL","9/21/2023","ALEMBIC PHARMACEUTICALS S.p.A.","DOCETAXEL",""
"","F-24610/24","DOCETAXEL SOLUCIÓN CONCENTRADA PARA PERFUSIÓN 20 mg/0,5 mL CON SOLVENTE","2/7/2019 2:10","ALEMBIC PHARMACEUTICALS S.p.A.","DOCETAXEL",""
"","F-26329/21","DOCETAXEL SOLUCIÓN CONCENTRADA PARA PERFUSIÓN 20 mg/0,5 mL, CON SOLVENTE","8/11/2021","LABORATORIOS RAFFO S.A.","DOCETAXEL",""
"","F-26841/22","DOCETAXEL SOLUCIÓN CONCENTRADA PARA PERFUSIÓN 20 mg/1 mL","6/7/2022","FARMACÉUTICA XENIUS SPA","DOCETAXEL",""
"","F-27035/22","DOCETAXEL SOLUCIÓN CONCENTRADA PARA PERFUSIÓN 20 mg/1 mL","9/6/2022","SEVEN PHARMA CHILE S.p.A.","DOCETAXEL",""
"","F-23163/21","DOCETAXEL SOLUCIÓN CONCENTRADA PARA PERFUSIÓN 20 mg/1 mL","11/11/2016","FARMACÉUTICA XENIUS SPA","DOCETAXEL",""
"","F-24305/23","DOCETAXEL SOLUCION CONCENTRADA PARA PERFUSION 20 mg/2 mL","11/14/2018","SANDOZ CHILE S.p.A.","DOCETAXEL",""
"","F-24611/24","DOCETAXEL SOLUCIÓN CONCENTRADA PARA PERFUSIÓN 80 mg /2 mL CON SOLVENTE","2/7/2019 2:10","ALEMBIC PHARMACEUTICALS S.p.A.","DOCETAXEL",""
"","F-27830/23","DOCETAXEL SOLUCIÓN CONCENTRADA PARA PERFUSIÓN 80 mg/ 8 mL","9/21/2023","ALEMBIC PHARMACEUTICALS S.p.A.","DOCETAXEL",""
"","F-26330/21","DOCETAXEL SOLUCIÓN CONCENTRADA PARA PERFUSIÓN 80 mg/2 mL, CON SOLVENTE","8/11/2021","LABORATORIOS RAFFO S.A.","DOCETAXEL",""
"","F-27036/22","DOCETAXEL SOLUCIÓN CONCENTRADA PARA PERFUSIÓN 80 mg/4 mL","9/6/2022","SEVEN PHARMA CHILE S.p.A.","DOCETAXEL",""
"","F-26842/22","DOCETAXEL SOLUCIÓN CONCENTRADA PARA PERFUSIÓN 80 mg/4 mL","6/7/2022","FARMACÉUTICA XENIUS SPA","DOCETAXEL",""
"","F-27589/23","DOCETAXEL SOLUCIÓN CONCENTRADA PARA PERFUSIÓN 80 mg/4 mL","6/19/2023","INDOPHARMA S.A.","DOCETAXEL",""
"","F-24033/23","DOCETAXEL SOLUCIÓN CONCENTRADA PARA PERFUSIÓN 80 mg/8 mL.","8/14/2018","SANDOZ CHILE S.p.A.","DOCETAXEL",""
"","F-13709/24","DOCETAXEL SOLUCIÓN INYECTABLE 20 mg/0,5 mL CON SOLVENTE","5/11/2004","LIBRA CHILE S.A.","DOCETAXEL",""
"","F-12811/23","DOCETAXEL SOLUCIÓN INYECTABLE 80 mg/2 mL CON SOLVENTE","2/17/2003","LIBRA CHILE S.A.","DOCETAXEL",""
"","F-18144/25","DOCIVIN CÁPSULAS 10 mg","7/27/2010","MINTLAB Co. S.A.","DOMPERIDONA",""
"","F-14280/24","DOCIVIN SUSPENSIÓN PARA GOTAS ORALES 10 mg/mL","11/8/2004","MINTLAB Co. S.A.","DOMPERIDONA",""
"","F-26314/21","DODIGAL COMPRIMIDOS RECUBIERTOS","8/12/2021 2:10","GALENICUM HEALTH CHILE S.p.A.","IBUPROFENO//PARACETAMOL",""
"","F-11643/21","DOLCOPIN SOLUCIÓN PARA GOTAS ORALES","1/31/1995","LABORATORIO PASTEUR S.A.","ESCOPOLAMINA//METAMIZOL SODICO",""
"","F-26501/21","DOLERTAB CÁPSULAS 200 mg","11/10/2021","OPKO CHILE S.A.","CELECOXIB",""
"","F-25583/25","DOLERTAB CÁPSULAS 200 mg (CELECOXIB)","7/27/2020","OPKO CHILE S.A.","CELECOXIB",""
"","F-23028/21","DOLGENAL SL COMPRIMIDOS SUBLINGÜALES 30 mg (KETOROLACO TROMETAMINA)","8/30/2016","TECNOFARMA S.A.","KETOROLACO TROMETAMOL",""
"","F-18935/21","DOLGENAL SOLUCION INYECTABLE 30 mg/1 mL (KETOROLACO)","10/5/2011","TECNOFARMA S.A.","KETOROLACO TROMETAMOL",""
"","F-16689/23","DOLO-NEUROBIONTA COMPRIMIDOS RECUBIERTOS","2/5/2008","PROCTER & GAMBLE CHILE LTDA.","CIANOCOBALAMINA//DICLOFENACO//PIRIDOXINA//TIAMINA",""
"","F-19533/22","DOLODROPS SUSPENSIÓN ORAL PARA GOTAS 1,5% (DICLOFENACO RESINATO)","7/11/2012","LABORATORIOS SAVAL S.A.","DICLOFENACO",""
"","F-21937/25","DOLOMERPAL CÁPSULAS CON MICROGRÁNULOS","6/30/2015 2:10","LABORATORIOS PRATER S.A.","CIANOCOBALAMINA//DICLOFENACO//PIRIDOXINA//TIAMINA",""
"","F-3929/25","DOLOSPAM COMPRIMIDOS","12/1/1982 2:10","LABORATORIO CHILE S.A.","ATROPINA SULFATO//PAPAVERINA",""
"","F-26971/22","DOLOSTAT BI COMPRIMIDO DE LIBERACION PROLONGADA 150 mg (KETOPROFENO)","8/8/2022","EUROFARMA CHILE SpA","KETOPROFENO",""
"","F-7236/25","DOLOVERINA COMPRIMIDOS RECUBIERTOS DE LIBERACIÓN PROLONGADA 200 mg","12/11/2000 2:10","LABORATORIOS SAVAL S.A.","MEBEVERINA",""
"","F-4152/25","DOLPIC COMPRIMIDOS 200 mg","6/5/2000 2:10","LABORATORIO PASTEUR S.A.","TRIMEBUTINA",""
"","F-26066/21","DOLUTEGRAVIR COMPRIMIDOS RECUBIERTOS 50 mg","4/6/2021","SIRON PHARMA S.p.A.","DOLUTEGRAVIR",""
"","F-27369/23","DOLUTEGRAVIR/LAMIVUDINA/TENOFOVIR DISOPROXIL FUMARATO 50/300/300 COMPRIMIDOS RECUBIERTOS","3/10/2023","SEVEN PHARMA CHILE S.p.A.","DOLUTEGRAVIR//LAMIVUDINA//TENOFOVIR DISOPROXIL FUMARATO",""
"","F-28072/24","DOLUTEGRAVIR/LAMIVUDINA/TENOFOVIR DISOPROXIL FUMARATO 50/300/300 COMPRIMIDOS RECUBIERTOS","1/31/2024","SIRON PHARMA S.p.A.","DOLUTEGRAVIR//LAMIVUDINA//TENOFOVIR DISOPROXIL FUMARATO",""
"","F-5584/25","DOMINIUM COMPRIMIDOS 20 mg","10/3/1989","TECNOFARMA S.A.","FLUOXETINA",""
"","F-6270/25","DOMPERIDONA CÁPSULAS 10 mg","8/25/2000 1:10","LABORATORIO CHILE S.A.","DOMPERIDONA",""
"","F-25312/25","DOMPERIDONA COMPRIMIDOS 10 mg","2/18/2020","MEDINOVA FARMA LTDA.","DOMPERIDONA",""
"","F-26415/21","DOMPERIDONA COMPRIMIDOS 10 mg","9/28/2021","PINNACLE CHILE S.p.A.","DOMPERIDONA",""
"","F-17090/23","DOMPERIDONA COMPRIMIDOS 10 mg","9/12/2008","OPKO CHILE S.A.","DOMPERIDONA",""
"","F-25467/25","DOMPERIDONA SOLUCIÓN INYECTABLE 10 mg/2 mL","6/9/2020","LABORATORIO SANDERSON SpA","DOMPERIDONA",""
"","F-7645/21","DOMPERIDONA SOLUCIÓN INYECTABLE 10 mg/2 mL","2/4/1992","LABORATORIO BIOSANO S.A.","DOMPERIDONA",""
"","F-14520/25","DOMPERIDONA SUSPENSIÓN ORAL PARA GOTAS 10 mg/mL","1/28/2005","LABORATORIO CHILE S.A.","DOMPERIDONA",""
"","F-8728/21","DOMPESIN PEDIÁTRICO SUSPENSIÓN ORAL 5 mg/5 mL","3/21/1996","CHEMOPHARMA S.A.","DOMPERIDONA",""
"","F-3257/25","DOMPESIN SUSPENSIÓN PARA GOTAS ORALES 1%","12/20/1988 2:10","CHEMOPHARMA S.A.","DOMPERIDONA",""
"","F-22942/21","DONABEL 2/1 COMPRIMIDOS RECUBIERTOS","8/1/2016","EXELTIS CHILE S.p.A.","DIENOGEST//ESTRADIOL",""
"","F-24906/24","DONAP COMPRIMIDOS RECUBIERTOS 10 mg (DONEPEZILO CLORHIDRATO)","6/28/2019","ASCEND LABORATORIES S.p.A.","DONEPEZILO",""
"","F-22971/21","DONEPEZILO CLORHIDRATO COMPRIMIDOS RECUBIERTOS 10 mg","8/16/2016 1:10","SEVEN PHARMA CHILE S.p.A.","DONEPEZILO",""
"","F-28451/24","DONEPEZILO CLORHIDRATO COMPRIMIDOS BUCODISPERSABLES 10 MG","9/2/2024","MINTLAB Co. S.A.","DONEPEZILO",""
"","F-23142/21","DONEPEZILO CLORHIDRATO COMPRIMIDOS RECUBIERTOS 10 mg","10/24/2016","LABORATORIO CHILE S.A.","DONEPEZILO",""
"","F-24880/24","DONEPEZILO CLORHIDRATO COMPRIMIDOS RECUBIERTOS 10 mg","6/13/2019","ASCEND LABORATORIES S.p.A.","DONEPEZILO",""
"","F-28728/25","Donepezilo Clorhidrato Comprimidos Recubiertos 5 mg","2/28/2025","MINTLAB Co. S.A.","DONEPEZILO CLORHIDRATO",""
"","F-26011/21","DONEVITAE COMPRIMIDOS BUCODISPERSABLES 10 mg (DONEPEZILO CLORHIDRATO)","3/2/2021","GALENICUM HEALTH CHILE S.p.A.","DONEPEZILO",""
"","F-26012/21","DONEVITAE COMPRIMIDOS BUCODISPERSABLES 5 mg (DONEPEZILO CLORHIDRATO)","3/2/2021","GALENICUM HEALTH CHILE S.p.A.","DONEPEZILO",""
"","F-8389/21","DONOMIX CREMA TOPICA","9/20/1993","LABORATORIO CHILE S.A.","BETAMETASONA//CLOTRIMAZOL",""
"","F-14094/24","DONTER COMPRIMIDOS 250 mg","9/1/2004","MINTLAB Co. S.A.","TERBINAFINA",""
"","F-13948/24","DONTER CREMA DÉRMICA 1%","7/9/2004","MINTLAB Co. S.A.","TERBINAFINA",""
"","F-20009/23","DOOX COMPRIMIDOS 5 mg","6/10/2013","LABORATORIO CHILE S.A.","NEBIVOLOL",""
"","F-10876/21","DOPAMINA CLORHIDRATO SOLUCIÓN INYECTABLE 200 mg/5 mL","7/22/1992","LABORATORIO SANDERSON SpA","DOPAMINA",""
"","F-3033/25","DOPAMINA SOLUCIÓN INYECTABLE 200 mg/5 mL","2/20/1989 2:10","LABORATORIO BIOSANO S.A.","DOPAMINA",""
"","F-26573/22","DOPEZ CÁPSULAS CON GRÁNULOS CON RECUBRIMIENTO ENTÉRICO 30 mg (DULOXETINA)","1/6/2022","SEVEN PHARMA CHILE S.p.A.","DULOXETINA",""
"","F-26564/21","DOPEZ CÁPSULAS CON GRÁNULOS CON RECUBRIMIENTO ENTÉRICO 60 mg (DULOXETINA)","1/3/2022","SEVEN PHARMA CHILE S.p.A.","DULOXETINA",""
"","F-25896/26","DORALIV 600 CÁPSULAS BLANDAS 600 mg (IBUPROFENO)","1/4/2021","VIVUNT PHARMA CHILE LIMITADA","IBUPROFENO",""
"","F-25335/20","DORALIV CÁPSULAS BLANDAS 400 mg (IBUPROFENO)","3/17/2020","VIVUNT PHARMA CHILE LIMITADA","IBUPROFENO",""
"","F-26462/21","DORLENKA SOLUCIÓN OFTÁLMICA 2% (DORZOLAMIDA)","10/26/2021","OPKO CHILE S.A.","DORZOLAMIDA",""
"","F-20789/24","DORTIM SOLUCIÓN OFTÁLMICA","1/16/2014","ESPECIALIDADES OFTALMOLÓGICAS SUCURSAL CHILE SPA","DORZOLAMIDA//TIMOLOL",""
"","F-28465/24","DORZOLAMIDA CLORHIDRATO SOLUCIÓN OFTÁLMICA 2%","9/3/2024","DROGUERÍA ETHON PHARMACEUTICALS S.p.A.","DORZOLAMIDA",""
"","F-23044/21","DORZOLAMIDA SOLUCIÓN OFTÁLMICA 2%","9/7/2016","LABORATORIO HOSPIFARMA CHILE LTDA.","DORZOLAMIDA",""
"","F-26840/22","DORZOLAMIDA/TIMOLOL 2%/0,5% SOLUCIÓN OFTÁLMICA","6/8/2022","INDOPHARMA S.A.","DORZOLAMIDA//TIMOLOL",""
"","F-28464/24","DORZOLAMIDA/TIMOLOL 2/0,5 SOLUCIÓN OFTÁLMICA","9/4/2024","DROGUERÍA ETHON PHARMACEUTICALS S.p.A.","DORZOLAMIDA//TIMOLOL",""
"","F-27653/23","DORZOLAMIDA/TIMOLOL SOLUCIÓN OFTÁLMICA","7/18/2023","SEVEN PHARMA CHILE S.p.A.","DORZOLAMIDA//TIMOLOL",""
"","F-24570/24","DORZOX SOLUCIÓN OFTÁLMICA 2 % (DORZOLAMIDA CLORHIDRATO 20 Mg/mL)","1/17/2019","ASCEND LABORATORIES S.p.A.","DORZOLAMIDA",""
"","F-24559/24","DORZOX T SOLUCIÓN OFTÁLMICA ","1/17/2019","ASCEND LABORATORIES S.p.A.","DORZOLAMIDA//TIMOLOL",""
"","F-26622/22","DOSIN SUSPENSIÓN PARA GOTAS ORALES 10 mg/mL (DOMPERIDONA)","2/7/2022","LABORATORIOS ANDRÓMACO S.A.","DOMPERIDONA",""
"","F-10722/21","DOSTINEX COMPRIMIDOS 0,5 mg","5/26/1995","PFIZER CHILE S.A.","CABERGOLINA",""
"","F-20541/23","DOTAREM SOLUCIÓN INYECTABLE 279 mg/mL","11/21/2013","GUERBET CHILE LIMITADA","ACIDO GADOTERICO",""
"","F-8690/21","DOTAREM SOLUCIÓN INYECTABLE 279 mg/mL","11/8/1996","GUERBET CHILE LIMITADA","ACIDO GADOTERICO",""
"","F-27654/23","DOVATO COMPRIMIDOS RECUBIERTOS (DOLUTEGRAVIR SÓDICO/LAMIVUDINA)","7/13/2023","GLAXOSMITHKLINE CHILE FARMACÉUTICA LTDA.","DOLUTEGRAVIR//LAMIVUDINA",""
"","F-24223/23","DOXAZOSINA COMPRIMIDOS 2 mg","10/23/2018","DIFEM LABORATORIOS S.A.","DOXAZOSINA",""
"","F-23983/23","DOXAZOSINA COMPRIMIDOS 4 mg","7/27/2018","DIFEM LABORATORIOS S.A.","DOXAZOSINA",""
"","F-25440/25","DOXICICLINA CÁPSULAS 100 mg","5/20/2020","OPKO CHILE S.A.","DOXICICLINA",""
"","F-27171/22","DOXICICLINA CÁPSULAS 100 mg","11/22/2022","LABORATORIO HOSPIFARMA CHILE LTDA.","DOXICICLINA",""
"","F-25851/25","DOXICICLINA CÁPSULAS 100 mg","12/9/2020","MEGALABS CHILE S.A.","DOXICICLINA",""
"","F-8392/21","DOXICICLINA COMPRIMIDOS 100 mg","11/25/1992 2:10","LABORATORIO CHILE S.A.","DOXICICLINA",""
"","F-27934/23","DOXICICLINA COMPRIMIDOS RECUBIERTOS 100 mg","11/21/2023","VITAFARMA S.A.","DOXICICLINA",""
"","F-26879/22","DOXICLAT CÁPSULAS 100 mg (DOXICICLINA)","7/1/2022","LABORATORIO D & M PHARMA LTDA.","DOXICICLINA",""
"","F-26799/22","DOXITHAL 100 CÁPSULAS 100 mg (DOXICICLINA)","5/16/2022","MEGALABS CHILE S.A.","DOXICICLINA",""
"","F-3350/25","DOXIUM CÁPSULAS 500 mg","9/30/1983 1:10","ITF - LABOMED FARMACÉUTICA LTDA.","CALCIO DOBESILATO",""
"","F-14612/25","DOXOPEG LIPOSOMAL PEGILADA INYECTABLE 20 mg/10 mL","2/28/2005","TECNOFARMA S.A.","DOXORUBICINA",""
"","F-17709/24","DOXORRUBICINA CLORHIDRATO SOLUCIÓN INYECTABLE 2 mg/mL","9/10/2009","LABORATORIO CHILE S.A.","DOXORUBICINA",""
"","F-19594/22","DOXORUBICINA CLORHIDRATO LIOFILIZADO PARA SOLUCIÓN INYECTABLE 10 mg","9/28/2012 1:10","LABORATORIO SANDERSON SpA","DOXORUBICINA",""
"","F-25499/25","DOXORUBICINA CLORHIDRATO LIOFILIZADO PARA SOLUCIÓN INYECTABLE 10 mg","6/23/2020","SEVEN PHARMA CHILE S.p.A.","DOXORUBICINA",""
"","F-25506/25","DOXORUBICINA CLORHIDRATO LIOFILIZADO PARA SOLUCIÓN INYECTABLE 50 mg","6/23/2020","SEVEN PHARMA CHILE S.p.A.","DOXORUBICINA",""
"","F-19593/22","DOXORUBICINA CLORHIDRATO LIOFILIZADO PARA SOLUCIÓN INYECTABLE 50 mg","9/28/2012 1:10","LABORATORIO SANDERSON SpA","DOXORUBICINA",""
"","F-20036/23","DOXORUBICINA SOLUCIÓN INYECTABLE 50 mg/25mL","7/1/2013","FRESENIUS KABI CHILE LTDA.","DOXORUBICINA",""
"","H-1302/24","DR. RECKEWEG R17 COBRALACTIN SOLUCIÓN PARA GOTAS ORALES","4/30/2024","ESCOLLANOS MEDICAMENTOS BIOLOGICOS Y COMPAÑÍA LTDA.","ACIDUM LACTICUM D4//;NAJA TRIPUDIANS D6//;SCROPHULARIA NODOSA D4",""
"","H-1258/24","DR. RECKEWEG R20 EUGLANDIN-F SOLUCIÓN PARA GOTAS ORALES","11/11/2019","ESCOLLANOS MEDICAMENTOS BIOLOGICOS Y COMPAÑÍA LTDA.","GLANDULA SUPRARENALIS SUIS D12;GLANDULA THYMI SUIS D12;HYPOPHYSIS SUIS D12;OVARIUM SUIS D12;PANCREAS SUIS D12;THYREOIDINUM D12",""
"","H-1241/23","DR. RECKEWEG REKIN 1 ANGINACID SOLUCION INYECTABLE","2/6/2018","ESCOLLANOS MEDICAMENTOS BIOLOGICOS Y COMPAÑÍA LTDA.","",""
"","H-1269/25","DR. RECKEWEG REKIN 10 KLIMAKTERAN SOLUCIÓN INYECTABLE ","7/7/2020 2:10","ESCOLLANOS MEDICAMENTOS BIOLOGICOS Y COMPAÑÍA LTDA.","ACIDUM SULFURICUM D4;CIMICIFUGA D4;LACHESIS D12;SANGUINARIA D4;SEPIA D8",""
"","H-1268/25","DR. RECKEWEG REKIN 14 QUIETA SOLUCIÓN INYECTABLE ","5/17/2020 2:10","ESCOLLANOS MEDICAMENTOS BIOLOGICOS Y COMPAÑÍA LTDA.","AMMONIUM BROMATUM D4;AVENA SATIVA D3;CHAMOMILLA D4;COFFEA D4;ESCHSCHOLZIA CALIFORNICA D4;HUMULUS LUPULUS D3;IGNATIA D6;PASSIFLORA INCARNATA D3;VALERIANA D4;ZINCUM VALERIANICUM D6",""
"","H-1273/25","DR. RECKEWEG REKIN 20 EUGLANDIN-F SOLUCIÓN INYECTABLE ","9/9/2020","ESCOLLANOS MEDICAMENTOS BIOLOGICOS Y COMPAÑÍA LTDA.","GLANDULA SUPRARENALIS (SUIS) D12;GLANDULA THYMI (SUIS) D12;HYPOPHYSIS (SUIS) D12;OVARINUM (SUIS) D12;PANCREAS (SUIS) D12;THYREOIDINUM (SUIS) D12",""
"","H-1274/25","DR. RECKEWEG REKIN 25 PROSTATAN SOLUCIÓN INYECTABLE","9/22/2020","ESCOLLANOS MEDICAMENTOS BIOLOGICOS Y COMPAÑÍA LTDA.","CHIMAPHILA UMBELLATA D5;CLEMATIS VITALBA D3;CONIUM D5;FERRUM PICRINICUM D6;PAREIRA BRAVA D6;POPULUS TREMULOIDES D4;PULSATILLA D4;SABAL SERRULATUM D4",""
"","H-1270/25","DR. RECKEWEG REKIN 5 GASTREU SOLUCIÓN INYECTABLE ","7/7/2020 2:10","ESCOLLANOS MEDICAMENTOS BIOLOGICOS Y COMPAÑÍA LTDA.","ANACARDIUM D6;ARGENTUM NITRICUM D6;ARSENICUM ALBUM D6;BELLADONA D4;CARBO VEGETABILIS D10;CHAMOMILLA D4;CHELIDONIUM D4;LYCOPODIUM D6;NUX VOMICA D4;SCROPHULARIA NODOSA D3",""
"","H-1271/25","DR. RECKEWEG REKIN 55 RUTAVINE SOLUCIÓN INYECTABLE","7/7/2020 2:10","ESCOLLANOS MEDICAMENTOS BIOLOGICOS Y COMPAÑÍA LTDA.","ARNICA D4;BELLADONA D4;CALENDULA D3;ECHINACEA D4;HAMAMELIS D4;RHUS TOXICODENDRON D6;RUTA D6;SYMPHYTUM D6",""
"","H-1276/25","DR. RECKEWEG REKIN 73 SPONDARTHRIN SOLUCIÓN INYECTABLE ","10/26/2020","ESCOLLANOS MEDICAMENTOS BIOLOGICOS Y COMPAÑÍA LTDA.","ACIDUM SULFURICUM D6;ARGENTUM METALLICUM D12;ARNICA D4;BRYONIA D4;CAUSTICUM HAHNEMANNI D12;LEDUM D4",""
"","F-22936/21","DRALITEM CAPSULAS 100 mg (TEMOZOLOMIDA)","8/2/2016","TECNOFARMA S.A.","TEMOZOLOMIDA",""
"","F-22934/21","DRALITEM CAPSULAS 20 mg (TEMOZOLOMIDA)","8/2/2016","TECNOFARMA S.A.","TEMOZOLOMIDA",""
"","F-22935/21","DRALITEM CAPSULAS 250 mg (TEMOZOLOMIDA)","8/2/2016","TECNOFARMA S.A.","TEMOZOLOMIDA",""
"","F-21845/25","DRIADA COMPRIMIDOS RECUBIERTOS 30 mg (CINACALCET)","5/5/2015","SYNTHON CHILE LTDA.","CINACALCET",""
"","F-21846/25","DRIADA COMPRIMIDOS RECUBIERTOS 60 mg (CINACALCET)","5/5/2015","SYNTHON CHILE LTDA.","CINACALCET",""
"","F-21847/25","DRIADA COMPRIMIDOS RECUBIERTOS 90 mg (CINACALCET)","5/5/2015","SYNTHON CHILE LTDA.","CINACALCET",""
"","F-22467/21","DROLSAN COMPRIMIDOS RECUBIERTOS 200 mg (HIDROXICLOROQUINA SULFATO)","2/18/2016","MINTLAB Co. S.A.","HIDROXICLOROQUINA",""
"","F-15693/21","DRONAVAL COMPRIMIDOS RECUBIERTOS 150 mg (IBANDRONATO SÓDICO MONOHIDRATRO)","2/7/2007","LABORATORIOS SAVAL S.A.","ACIDO IBANDRONICO",""
"","F-10877/21","DROPERIDOL SOLUCIÓN INYECTABLE 5 mg/2 mL","8/5/1992","LABORATORIO SANDERSON SpA","DROPERIDOL",""
"","F-7647/21","DROPERIDOL SOLUCIÓN INYECTABLE 5 mg/2 mL","10/16/1992","LABORATORIO BIOSANO S.A.","DROPERIDOL",""
"","F-27039/22","DROSPIRENONA/ETINILESTRADIOL 3/0,02 COMPRIMIDOS RECUBIERTOS","9/7/2022","EXELTIS CHILE S.p.A.","DROSPIRENONA//ETINILESTRADIOL",""
"","F-27258/23","DROVELIS COMPRIMIDOS RECUBIERTOS","1/6/2023","GEDEON RICHTER CHILE SPA","DROSPIRENONA//ESTETROL",""
"","F-4393/25","DUALTEN COMPRIMIDOS 12,5 mg","7/4/2000 2:10","EUROLAB LTDA.","CARVEDILOL",""
"","F-4392/25","DUALTEN COMPRIMIDOS 25 mg","7/4/2000 2:10","EUROLAB LTDA.","CARVEDILOL",""
"","F-4394/25","DUALTEN COMPRIMIDOS 6,25 mg","7/4/2000 2:10","EUROLAB LTDA.","CARVEDILOL",""
"","F-17377/24","DUBLINA COMPRIMIDOS 100 mg (CIPROFIBRATO)","2/13/2009","MEGALABS CHILE S.A.","CIPROFIBRATO",""
"","F-17767/24","DUCETEN CÁPSULAS CON GRÁNULOS CON RECUBRIMIENTO ENTÉRICO 30 mg (DULOXETINA)","10/14/2009","LABORATORIOS RECALCINE S.A.","DULOXETINA",""
"","F-17768/24","DUCETEN CÁPSULAS CON GRÁNULOS CON RECUBRIMIENTO ENTÉRICO 60 mg","10/14/2009","LABORATORIOS RECALCINE S.A.","DULOXETINA",""
"","F-26324/21","DULATINE 30 CÁPSULAS CON GRÁNULOS CON RECUBRIMIENTOS ENTÉRICO 30 mg (DULOXETINA)","8/10/2021","EMCURE PHARMA CHILE S.p.A.","DULOXETINA",""
"","F-26318/21","DULATINE 60 CÁPSULAS CON GRÁNULOS CON RECUBRIMIENTOS ENTÉRICO 60 mg (DULOXETINA)","8/9/2021","EMCURE PHARMA CHILE S.p.A.","DULOXETINA",""
"","F-7301/25","DULCOLAX PERLAS CÁPSULAS BLANDAS 2,5 mg","12/29/2000 2:10","LABORATORIO MAVER S.A.","SODIO PICOSULFATO",""
"","F-25685/25","DULCOLAX SOLUCIÓN ORAL PARA GOTAS 7,5 mg/mL (PICOSULFATO DE SODIO)","9/14/2020","LABORATORIO MAVER S.A.","SODIO PICOSULFATO",""
"","F-23893/23","DULOXETINA CÁPSULAS CON GRÁNULOS CON RECUBRIMIENTO ENTÉRICO 60 mg","6/25/2018","DIFEM LABORATORIOS S.A.","DULOXETINA",""
"","F-23892/23","DULOXETINA CÁPSULAS CON GRÁNULOS CON RECUBRIMIENTO ENTÉRICO 30 mg","6/25/2018","DIFEM LABORATORIOS S.A.","DULOXETINA",""
"","F-27120/22","DULOXETINA CÁPSULAS CON GRÁNULOS CON RECUBRIMIENTO ENTÉRICO 30 mg","11/2/2022","EMCURE PHARMA CHILE S.p.A.","DULOXETINA",""
"","F-22561/21","DULOXETINA CÁPSULAS CON GRÁNULOS CON RECUBRIMIENTO ENTÉRICO 30 mg","4/6/2016","SEVEN PHARMA CHILE S.p.A.","DULOXETINA",""
"","F-20783/24","DULOXETINA CÁPSULAS CON GRÁNULOS CON RECUBRIMIENTO ENTÉRICO 30 mg","1/28/2014","ASCEND LABORATORIES S.p.A.","DULOXETINA",""
"","F-27885/23","DULOXETINA CÁPSULAS CON GRÁNULOS CON RECUBRIMIENTO ENTÉRICO 30 mg","10/17/2023","ALEMBIC PHARMACEUTICALS S.p.A.","DULOXETINA",""
"","F-20784/24","DULOXETINA CÁPSULAS CON GRÁNULOS CON RECUBRIMIENTO ENTÉRICO 60 mg","1/28/2014","ASCEND LABORATORIES S.p.A.","DULOXETINA",""
"","F-22581/21","DULOXETINA CÁPSULAS CON GRÁNULOS CON RECUBRIMIENTO ENTÉRICO 60 mg","4/13/2016 1:10","SEVEN PHARMA CHILE S.p.A.","Duloxetina",""
"","F-27121/22","DULOXETINA CÁPSULAS CON GRÁNULOS CON RECUBRIMIENTO ENTÉRICO 60 mg","11/2/2022","EMCURE PHARMA CHILE S.p.A.","DULOXETINA",""
"","F-26920/22","DULOXETINA CÁPSULAS CON GRÁNULOS CON RECUBRIMIENTO ENTÉRICO 60 mg","7/20/2022","MINTLAB Co. S.A.","DULOXETINA",""
"","F-27629/23","DULOXETINA CÁPSULAS CON GRÁNULOS CON RECUBRIMIENTO ENTÉRICO 60 mg","7/7/2023","ALEMBIC PHARMACEUTICALS S.p.A.","DULOXETINA",""
"","F-18358/25","DUODART CÁPSULAS CON CÁPSULA BLANDA Y GRÁNULOS ENTÉRICOS DE LIBERACIÓN SOSTENIDA","11/29/2010","GLAXOSMITHKLINE CHILE FARMACÉUTICA LTDA.","DUTASTERIDA//TAMSULOSINA",""
"","F-25371/25","DUOMO COMPRIMIDOS 4 mg (DOXAZOSINA)","4/6/2020","EUROFARMA CHILE SpA","DOXAZOSINA",""
"","F-26054/21","DUOMO HP 2/5 CÁPSULAS ","5/3/2021","EUROFARMA CHILE SpA","DOXAZOSINA//FINASTERIDA",""
"","F-25840/25","DUOTEX FORTE GEL TÓPICO (ADAPALENO / PERÓXIDO DE BENZOILO)","12/2/2020","LABORATORIO D & M PHARMA LTDA.","ADAPALENO//PEROXIDO DE BENZOILO",""
"","F-25839/25","DUOTEX GEL TÓPICO (ADAPALENO / PERÓXIDO DE BENZOILO)","12/2/2020","LABORATORIO D & M PHARMA LTDA.","ADAPALENO//PEROXIDO DE BENZOILO",""
"","F-15433/21","DUOTRAV SOLUCIÓN OFTÁLMICA","3/14/2006","NOVARTIS CHILE S.A.","TIMOLOL//TRAVOPROST",""
"","F-11863/22","DUOVAL COMPRIMIDOS RECUBIERTOS","1/30/2002","LABORATORIOS SAVAL S.A.","CLORFENAMINA//PSEUDOEFEDRINA",""
"","F-9572/21","DUOVAL JARABE","12/3/1996","LABORATORIOS SAVAL S.A.","CLORFENAMINA//PSEUDOEFEDRINA",""
"","F-9573/21","DUOVAL SOLUCIÓN PARA GOTAS ORALES","12/31/1996","LABORATORIOS SAVAL S.A.","CLORFENAMINA//PSEUDOEFEDRINA",""
"","F-28288/24","DUOZAC CAPSULAS 20 mg (FLUOXETINA)","5/13/2024","DR. REDDYS LABORATORIES CHILE S.p.A.","FLUOXETINA",""
"","F-14429/24","DUPHASTON COMPRIMIDOS RECUBIERTOS 10 mg","6/16/1999","ABBOTT LABORATORIES DE CHILE LTDA.","DIDROGESTERONA",""
"","B-2862/21","DUPIXENT SOLUCIÓN INYECTABLE 200 mg/1,14 mL (DUPILUMAB)","3/8/2021","SANOFI-AVENTIS DE CHILE S.A.","DUPILUMAB",""
"","B-2860/21","DUPIXENT SOLUCIÓN INYECTABLE 300 mg/2 mL (DUPILUMAB)","3/8/2021","SANOFI-AVENTIS DE CHILE S.A.","DUPILUMAB",""
"","F-25323/25","DURAHET COMPRIMIDOS RECUBIERTOS 600 mg (DARUNAVIR)","3/3/2020","SEVEN PHARMA CHILE S.p.A.","DARUNAVIR",""
"","F-23052/21","DURAPHAT 5000 PLUS CREMA DENTAL( FLUORURO DE SODIO)","9/8/2016","COLGATE PALMOLIVE CHILE S.A.","SODIO FLUORURO",""
"","F-25388/25","DURART 400 COMPRIMIDOS RECUBIERTOS 400 mg (DARUNAVIR)","4/14/2020","PHARMARIS CHILE S.p.A.","DARUNAVIR",""
"","F-23688/23","DURART 800 COMPRIMIDOS RECUBIERTOS 800 mg (DARUNAVIR)","1/18/2018","PHARMARIS CHILE S.p.A.","DARUNAVIR",""
"","F-21515/24","DURATOCIN SOLUCIÓN INYECTABLE 100 mcg/1 mL (CARBETOCINA)","11/5/2014 1:10","FERRING PRODUCTOS FARMACÉUTICOS SpA","CARBETOCINA",""
"","F-29379/25","DURIVAST MULTIDÍA PARCHES SISTEMA DE LIBERACIÓN TRANSDÉRMICO 9,5 mg/24 h","12/30/2025","LABORATORIO BIOTOSCANA FARMA S.p.A.","RIVASTIGMINA",""
"","F-29378/25","DURIVAST MULTIDIA PARCHES SISTEMA TERAPÉUTICO TRANSDÉRMICO 4,6 mg/24 h","12/30/2025","LABORATORIO BIOTOSCANA FARMA S.p.A.","RIVASTIGMINA",""
"","F-20249/23","DUSPATALIN CÁPSULAS CON GRÁNULOS DE LIBERACIÓN PROLONGADA 200 mg","8/24/2013 1:10","ABBOTT LABORATORIES DE CHILE LTDA.","MEBEVERINA",""
"","F-27470/23","DUTAFIN-DUO 0,5/0,4 CÁPSULAS CON CÁPSULA BLANDA Y GRÁNULOS ENTÉRICOS DE LIBERACIÓN PROLONGADA","4/19/2023","LIBRA CHILE S.A.","DUTASTERIDA//TAMSULOSINA",""
"","F-25373/25","DUTAMSUVITAE CÁPSULAS CON CÁPSULA BLANDA Y GRÁNULOS ENTÉRICOS DE LIBERACIÓN SOSTENIDA","4/13/2020","GALENICUM HEALTH CHILE S.p.A.","DUTASTERIDA//TAMSULOSINA",""
"","F-26755/22","DUTASTERIDA CAPSULAS BLANDAS 0,5 mg","4/29/2022","SIAA VIDA FARMA SPA","DUTASTERIDA",""
"","F-28845/25","DUTASTERIDA CÁPSULAS BLANDAS 0,5 mg","5/6/2025","ASCEND LABORATORIES SpA","DUTASTERIDA",""
"","F-27834/23","DUTASTERIDA/TAMSULOSINA CLORHIDRATO 0,5/0,4 CÁPSULAS CON CÁPSULA BLANDA Y GRÁNULOS RECUBIERTOS DE LIBERACIÓN SOSTENIDA","9/26/2023","SIAA VIDA FARMA SPA","DUTASTERIDA//TAMSULOSINA",""
"","F-28660/25","DUTASTERIDA/TAMSULOSINA CLORHIDRATO 0,5/0,4 CÁPSULAS CON GRÁNULOS DE LIBERACIÓN SOSTENIDA","1/10/2025","ASCEND LABORATORIES S.p.A.","DUTASTERIDA//TAMSULOSINA",""
"","F-23154/21","DUTASVITAE CÁPSULAS BLANDAS 0,5 mg (DUTASTERIDA)","10/27/2016","GALENICUM HEALTH CHILE S.p.A.","DUTASTERIDA",""
"","F-27903/23","DX-10 SOLUCIÓN INYECTABLE 10% (DEXTROSA)","10/31/2023","PISA FARMACÉUTICA DE CHILE S.p.A.","GLUCOSA",""
"","F-27902/23","DX-5 SOLUCIÓN INYECTABLE 5% (DEXTROSA)","10/30/2023","PISA FARMACÉUTICA DE CHILE S.p.A.","GLUCOSA",""
"","B-2084/24","DYSPORT (TOXINA CLOSTRIDIUM BOTULINUM TIPO A) POLVO LIOFILIZADO PARA SOLUCIÓN INYECTABLE 500 U","7/2/2009","LABORATORIOS BIOPAS S.A.","TOXINA CLOSTRIDIUM BOTULINUM TIPO A",""
"","B-2397/24","DYSPORT POLVO LIOFILIZADO PARA SOLUCIÓN INYECTABLE 300 U","6/30/2014","LABORATORIOS BIOPAS S.A.","TOXINA CLOSTRIDIUM BOTULINUM TIPO A",""
"","B-3160/25","EASYSIX SUSPENSIÓN INYECTABLE (VACUNA DIFTERIA, TÉTANOS, PERTUSIS, HEPATITIS B RECOMBINANTE, HAEMOPHILUS INFLUENZAE TIPO B (CONJUGADO), POLIOMIELITIS (INACTIVADO), ADSORBIDA)","11/12/2025","LABORATORIO BIOSANO S.A.","TOXOIDE DIFTERIA// TOXOIDE TETÁNICO// ANTÍGENO DE SUPERFICIE HEPATITIS B// BORDETELLA PERTUSSIS// POLISACÁRIDO HAEMOPHILUS INFLUENZAE TIPO B CONJUGADO// POLIOVIRUS INACTIVADO TIPO 1;2 Y 3",""
"","F-25039/24","EBASVITAE COMPRIMIDOS BUCODISPERSABLES 20 mg (EBASTINA)","9/13/2019","GALENICUM HEALTH CHILE S.p.A.","EBASTINA",""
"","F-24740/24","EBATENE 8 COMPRIMIDOS 8 mg (Tiocolchicósido)","4/2/2019","MEGALABS CHILE S.A.","TIOCOLCHICOSIDO",""
"","F-13484/24","EBIXA COMPRIMIDOS RECUBIERTOS 10 mg","2/5/2004","LUNDBECK CHILE FARMACÉUTICA LTDA.","MEMANTINA",""
"","F-17687/24","EBIXA COMPRIMIDOS RECUBIERTOS 20 mg","8/11/2009","LUNDBECK CHILE FARMACÉUTICA LTDA.","MEMANTINA",""
"","F-24802/22","ECALTA POLVO LIOFILIZADO PARA SOLUCIÓN INYECTABLE 100 mg (ANIDULAFUNGINA)","12/31/2007","PFIZER CHILE S.A.","ANIDULAFUNGINA",""
"","F-28100/24","ECAN-R 160/5/10 COMPRIMIDOS RECUBIERTOS","2/21/2024 0:00","LABORATORIOS SAVAL S.A.","AMLODIPINO//ROSUVASTATINA//VALSARTAN",""
"","F-28099/24","ECAN-R 160/5/5 COMPRIMIDOS RECUBIERTOS","2/21/2024 0:00","LABORATORIOS SAVAL S.A.","AMLODIPINO//ROSUVASTATINA//VALSARTAN",""
"","F-28094/24","ECAN-R 80/5/10 COMPRIMIDOS RECUBIERTOS","2/21/2024 0:00","LABORATORIOS SAVAL S.A.","AMLODIPINO//ROSUVASTATINA//VALSARTAN",""
"","F-28093/24","ECAN-R 80/5/5 COMPRIMIDOS RECUBIERTOS","2/21/2024 0:00","LABORATORIOS SAVAL S.A.","AMLODIPINO//ROSUVASTATINA//VALSARTAN",""
"","F-15040/25","ECTIBAN COMPRIMIDOS RECUBIERTOS 10 mg","8/5/2005","LABORATORIO CHILE S.A.","ESCITALOPRAM",""
"","F-15039/25","ECTIBAN COMPRIMIDOS RECUBIERTOS 20 mg","8/5/2005","LABORATORIO CHILE S.A.","ESCITALOPRAM",""
"","F-20044/23","ECTIEN XR CÁPSULAS CON MICROGRÁNULOS RECUBIERTOS DE LIBERACIÓN PROLONGADA 150 mg","6/20/2013","LABORATORIO CHILE S.A.","VENLAFAXINA",""
"","F-20042/23","ECTIEN XR CÁPSULAS CON MICROGRÁNULOS RECUBIERTOS DE LIBERACIÓN PROLONGADA 37,5 mg","6/20/2013","LABORATORIO CHILE S.A.","VENLAFAXINA",""
"","F-20043/23","ECTIEN XR CÁPSULAS CON MICROGRÁNULOS RECUBIERTOS DE LIBERACIÓN PROLONGADA 75 mg (VENLAFAXINA)","6/20/2013","LABORATORIO CHILE S.A.","VENLAFAXINA",""
"","F-20330/23","EDURANT COMPRIMIDOS RECUBIERTOS 25 mg","9/7/2013 1:10","JOHNSON & JOHNSON DE CHILE S.A.","RILPIVIRINA",""
"","F-24428/23","EFADIMA POLVO PARA SOLUCIÓN INYECTABLE 1 g (CEFTAZIDIMA)","12/10/2018","OPKO CHILE S.A.","CEFTAZIDIMA",""
"","F-24289/23","EFAVIRENZ /EMTRICITABINA/ TENOFOVIR DISOPROXIL FUMARATO COMPRIMIDOS RECUBIERTOS ","11/7/2018","DIFEM LABORATORIOS S.A.","EFAVIRENZ//EMTRICITABINA//TENOFOVIR",""
"","F-27968/23","EFAZAC COMPRIMIDOS 50 mg","12/5/2023","DR. REDDY'S LABORATORIES CHILE S.p.A.","VILDAGLIPTINA",""
"","F-28059/24","EFAZAC M 50/850 COMPRIMIDOS RECUBIERTOS","1/24/2024","DR. REDDYS LABORATORIES CHILE S.p.A.","METFORMINA//VILDAGLIPTINA",""
"","F-28013/24","EFAZAC-M COMPRIMIDOS RECUBIERTOS 50/1000 mg","1/24/2024","DR. REDDYS LABORATORIES CHILE S.p.A.","METFORMINA//VILDAGLIPTINA",""
"","F-24887/24","EFEXOR XR CÁPSULAS CON GRÁNULOS RECUBIERTOS DE LIBERACIÓN PROLONGADA 150 mg (VENLAFAXINA)","6/17/2019","ASPEN CHILE S.A.","VENLAFAXINA",""
"","F-24857/24","EFEXOR XR CÁPSULAS CON GRÁNULOS RECUBIERTOS DE LIBERACIÓN PROLONGADA 37,5 mg (VENLAFAXINA)","6/17/2019","ASPEN CHILE S.A.","VENLAFAXINA",""
"","F-24886/24","EFEXOR XR CÁPSULAS CON GRÁNULOS RECUBIERTOS DE LIBERACIÓN PROLONGADA 75 mg (VENLAFAXINA)","6/17/2019","ASPEN CHILE S.A.","VENLAFAXINA",""
"","F-27204/22","EFFICORT CREMA LIPOFÍLICA 0,127% (HIDROCORTISONA ACEPONATO)","12/6/2022","LABORATORIO D & M PHARMA LTDA.","HIDROCORTISONA",""
"","F-25515/25","EFICACINA GEL DÉRMICO 1%","6/25/2020","ALPES CHEMIE S.A.","CLINDAMICINA",""
"","F-29377/25","EFICACINA SOLUCION DÉRMICA 1% (CLINDAMICINA)","12/31/2025","ALPES CHEMIE S.A.","CLINDAMICINA FOSFATO",""
"","B-2307/23","ELAPRASE RECOMBINANTE CONCENTRADO PARA SOLUCIÓN PARA PERFUNSIÓN 2mg/mL (IDURSULFASA)","6/5/2013","TAKEDA CHILE S.P.A.","IDURSULFASA",""
"","B-2447/25","ELAPRASE RECOMBINANTE CONCENTRADO PARA SOLUCIÓN PARA PERFUSIÓN 2 mg/mL (IDURSULFASA)","1/14/2015","TAKEDA CHILE S.P.A.","IDURSULFASA",""
"","F-27478/23","ELAR-B SOLUCIÓN OFTÁLMICA 1,5% (BEPOTASTINA BESILATO)","4/25/2023","GLOBAL MERCURY CHILE S.A.","BEPOTASTINA BESILATO",""
"","F-18704/21","ELBRUS COMPRIMIDOS 1 mg","6/24/2011","DEUTSCHE PHARMA S.A.","RASAGILINA",""
"","F-25918/26","ELBRUS COMPRIMIDOS 1 mg (RASAGILINA)","1/12/2021","DEUTSCHE PHARMA S.A.","RASAGILINA",""
"","F-27950/23","ELEFIX SOLUCIÓN INYECTABLE 0,88 mg/2 mL (ERIBULINA)","11/27/2023","LABORATORIOS ELEA CHILE S.p.A.","MESILATO DE ERIBULINA",""
"","F-7801/21","ELEVAL COMPRIMIDOS RECUBIERTOS 100 mg (SERTRALINA)","5/29/2001","LABORATORIOS LAFI LTDA.","SERTRALINA",""
"","F-162/22","ELEVAL COMPRIMIDOS RECUBIERTOS 50 mg (SERTRALINA)","9/24/1997","LABORATORIOS LAFI LTDA.","SERTRALINA",""
"","F-25955/21","ELEVITAE COMPRIMIIDOS RECUBIERTOS 40 mg (ELETRIPTÁN)","1/25/2021","GALENICUM HEALTH CHILE S.p.A.","ELETRIPTAN",""
"","F-24062/23","ELIDEL CREMA TÓPICA 1% (PIMECRÓLIMUS)","8/27/2018","ASPEN CHILE S.A.","Pimecrolimus",""
"","F-28061/24","ELIGARD LIOFILIZADO PARA SUSPENSIÓN INYECTABLE DE DEPOSITO 22,5 mg, CON SOLVENTE (LEUPRORELINA ACETATO)","1/23/2024","TECNOFARMA S.A.","LEUPRORELINA",""
"","F-28066/24","ELIGARD LIOFILIZADO PARA SUSPENSIÓN INYECTABLE DE DEPOSITO 45 mg, CON SOLVENTE (LEUPRORELINA ACETATO)","1/29/2024","TECNOFARMA S.A.","LEUPRORELINA",""
"","F-24561/24","ELIPTIC OFTENO PF SOLUCIÓN OFTÁLMICA","1/16/2019","GLOBAL MERCURY CHILE S.A.","DORZOLAMIDA//TIMOLOL",""
"","F-22044/25","ELIPTIC OFTENO SOLUCIÓN OFTÁLMICA","8/5/2015 2:10","GLOBAL MERCURY CHILE S.A.","DORZOLAMIDA//TIMOLOL",""
"","F-25715/25","ELIQUIS COMPRIMIDOS RECUBIERTOS 2,5 mg (APIXABAN)","10/5/2020","PFIZER CHILE S.A.","APIXABAN",""
"","F-25717/25","ELIQUIS COMPRIMIDOS RECUBIERTOS 5 mg (APIXABAN)","10/5/2020","PFIZER CHILE S.A.","APIXABAN",""
"","F-13860/24","ELITIRAN SUSPENSIÓN PARA GOTAS ORALES 15 mg/mL (DICLOFENACO)","6/8/2004","MINTLAB Co. S.A.","DICLOFENACO",""
"","F-1988/24","ELITIRAN-GP CÁPSULAS CON GRÁNULOS RECUBIERTOS DE LIBERACIÓN PROLONGADA 100 mg","9/22/1999","MINTLAB Co. S.A.","DICLOFENACO",""
"","F-19169/21","ELIXINE COMPRIMIDOS DE LIBERACIÓN PROLONGADA 250 mg","12/23/2011","LABORATORIOS SAVAL S.A.","TEOFILINA",""
"","F-5531/25","ELIXINE LENTOCAPS CÁPSULAS CON GRÁNULOS DE LIBERACIÓN PROLONGADA 125 mg","7/28/1981 2:10","LABORATORIOS SAVAL S.A.","TEOFILINA",""
"","F-5532/25","ELIXINE LENTOCAPS CÁPSULAS CON GRÁNULOS DE LIBERACIÓN PROLONGADA 250 mg","7/28/1981 2:10","LABORATORIOS SAVAL S.A.","TEOFILINA",""
"","F-2370/24","ELIXINE SOLUCIÓN ORAL 80 mg/15 mL (TEOFILINA)","11/21/1979","LABORATORIOS SAVAL S.A.","TEOFILINA ANHIDRA",""
"","N-633/22","ELLURA CÁPSULAS 206 mg (EXTRACTO SECO DE ARÁNDANO ROJO)","3/30/2022","DROGUERÍA FARMOQUÍMICA DEL PACÍFICO S.p.A.","EXTRACTO SECO REFINADO DE JUGO DE CRANBERRY (VACCINIUM MACROCARPON AITON)",""
"","B-2162/25","ELONVA SOLUCIÓN INYECTABLE 100 mcg/0,5 mL","11/25/2010","ORGANON CHILE S.p.A.","",""
"","B-2163/25","ELONVA SOLUCIÓN INYECTABLE 150 mcg/0,5 mL (CORIFOLITROPINA ALFA)","11/25/2010","ORGANON CHILE S.p.A.","",""
"","F-28014/24","ELTHROPA COMPRIMIDOS RECUBIERTOS 25 mg (ELTROMBOPAG)","1/10/2024","DR. REDDYS LABORATORIES CHILE S.p.A.","ELTROMBOPAG",""
"","F-28012/24","ELTHROPA COMPRIMIDOS RECUBIERTOS 50 mg (ELTROMBOPAG)","1/10/2024","DR. REDDYS LABORATORIES CHILE S.p.A.","ELTROMBOPAG",""
"","F-16879/23","ELTOVEN COMPRIMIDOS RECUBIERTOS 2 mg","6/27/2008","MEGALABS CHILE S.A.","TOLTERODINA",""
"","F-27846/23","ELTROMBOPAG COMPRIMIDOS RECUBIERTOS 25 mg","9/25/2023","SEVEN PHARMA CHILE S.p.A.","ELTROMBOPAG",""
"","F-29387/25","ELTROMBOPAG COMPRIMIDOS RECUBIERTOS 50 mg","1/5/2026","MSN LABS CHILE SpA","ELTROMBOPAG OLAMINA",""
"","F-28716/25","ELUCIREM SOLUCIÓN INYECTABLE 3,75 mmol/7,5 mL (GADOPICLENOL)","2/19/2025","GUERBET CHILE LIMITADA","GADOPICLENOL - (NUEVO)",""
"","F-28486/24","ELUCIX COMPRIMIDOS RECUBIERTOS 10 mg (N-BUTILBROMURO DE HIOSCINA)","10/3/2024","MEGALABS CHILE S.A.","N-BUTILBROMURO DE HIOSCINA",""
"","F-28647/24","ELUCIX COMPUESTO COMPRIMIDOS RECUBIERTOS","12/18/2024","MEGALABS CHILE S.A.","N-BUTILBROMURO DE HIOSCINA//PARACETAMOL",""
"","F-20437/23","EMEND CÁPSULAS","10/14/2013","MERCK SHARP & DOHME (I.A.) LLC","APREPITANT",""
"","F-13297/23","EMERGEN COMPRIMIDOS 100 mg","11/25/2003","LABORATORIO CHILE S.A.","SERTRALINA",""
"","F-65/22","EMERGEN COMPRIMIDOS 50 mg","7/16/1997","LABORATORIO CHILE S.A.","SERTRALINA",""
"","F-21551/24","EMETIX COMPRIMIDOS BUCODISPERSABLES 8 mg (ONDANSETRON)","11/21/2014","KAMPAR S.A.","ONDANSETRON",""
"","F-27290/23","EMIKIND SOLUCIÓN INYECTABLE 8 mg/4 mL (ONDANSETRÓN)","1/18/2023","NETWORK SOLUTION MEDICAL S.p.A.","ONDANSETRON",""
"","F-22982/21","EMINOD CÁPSULAS 0,5 mg","8/18/2016","ASCEND LABORATORIES S.p.A.","FINGOLIMOD",""
"","F-27296/23","EMNEX-40 LIOFILIZADO PARA SOLUCIÓN INYECTABLE 40 mg (ESOMEPRAZOL)","1/24/2023","EMCURE PHARMA CHILE S.p.A.","ESOMEPRAZOL",""
"","B-1850/25","EMOCLOT 1000 POLVO LIOFILIZADO PARA SOLUCIÓN INYECTABLE 1000 U.I./10 mL CON SOLVENTE","1/27/2005","BIOFACTOR CHILE SpA","",""
"","B-1849/25","EMOCLOT 500 POLVO LIOFILIZADO PARA SOLUCIÓN INYECTABLE 500 U.I./10 mL CON SOLVENTE","1/28/2005","BIOFACTOR CHILE SpA","",""
"","F-27569/23","EMPAGLIFLOZINA COMPRIMIDOS RECUBIERTOS 10 mg","6/6/2023","SEVEN PHARMA CHILE S.p.A.","EMPAGLIFLOZINA",""
"","F-27570/23","EMPAGLIFLOZINA COMPRIMIDOS RECUBIERTOS 25 mg","6/6/2023","SEVEN PHARMA CHILE S.p.A.","EMPAGLIFLOZINA",""
"","F-28854/25","EMPAGLIFOZINA/METFORMINA CLORHIDRATO 12,5/1000 COMPRIMIDOS RECUBIERTOS","5/12/2025","ALEMBIC PHARMACEUTICALS S.p.A.","EMPAGLIFLOZINA//METFORMINA CLORHIDRATO",""
"","F-24080/23","EMTRICITABINA – TENOFOVIR DISOPROXIL FUMARATO COMPRIMIDOS RECUBIERTOS","9/5/2018","DIFEM LABORATORIOS S.A.","EMTRICITABINA//TENOFOVIR",""
"","F-26673/22","EMTRICITABINA/ TENOFOVIR DISOPROXIL FUMARATO 200/300 COMPRIMIDOS RECUBIERTOS","3/22/2022","SIRON PHARMA S.p.A.","EMTRICITABINA//TENOFOVIR DISOPROXIL FUMARATO",""
"","F-18847/21","ENALAPRIL MALEATO COMPRIMIDOS 10 mg","8/30/2011","OPKO CHILE S.A.","ENALAPRIL",""
"","F-27633/23","ENALAPRIL MALEATO COMPRIMIDOS 10 mg","7/6/2023","LABORATORIOS ANDRÓMACO S.A.","ENALAPRIL",""
"","F-9885/21","ENALAPRIL MALEATO COMPRIMIDOS 10 mg","5/26/1994 2:10","MINTLAB Co. S.A.","ENALAPRIL",""
"","F-9886/21","ENALAPRIL MALEATO COMPRIMIDOS 20 mg","5/26/1994","MINTLAB Co. S.A.","ENALAPRIL",""
"","F-19260/22","ENALAPRIL MALEATO COMPRIMIDOS 20 mg","2/27/2012","OPKO CHILE S.A.","ENALAPRIL",""
"","F-9887/21","ENALAPRIL MALEATO COMPRIMIDOS 5 mg","5/26/1994","MINTLAB Co. S.A.","ENALAPRIL",""
"","F-1896/24","ENALAPRIL MALEATO COMPRIMIDOS RECUBIERTOS 10 mg","7/14/1999","LABORATORIOS ANDRÓMACO S.A.","ENALAPRIL",""
"","F-5455/25","ENALTEN - D COMPRIMIDOS","12/12/1988 2:10","EUROLAB LTDA.","ENALAPRIL//HIDROCLOROTIAZIDA",""
"","F-5452/25","ENALTEN COMPRIMIDOS 10 mg","4/28/1986","EUROLAB LTDA.","ENALAPRIL",""
"","F-5453/25","ENALTEN COMPRIMIDOS 20 mg","12/26/1985 2:10","EUROLAB LTDA.","ENALAPRIL",""
"","F-5454/25","ENALTEN COMPRIMIDOS 5 mg","4/28/1986","EUROLAB LTDA.","ENALAPRIL",""
"","F-9781/21","ENALTEN DN COMPRIMIDOS","3/20/1997","EUROLAB LTDA.","ENALAPRIL//HIDROCLOROTIAZIDA",""
"","F-25056/24","ENANTYUM SOLUCIÓN INYECTABLE 50 mg/2 mL (DEXKETOPROFENO)","9/24/2019","ITF - LABOMED FARMACÉUTICA LTDA.","DEXKETOPROFENO",""
"","B-2859/21","ENBREL LIOFILIZADO PARA SOLUCIÓN INYECTABLE 25 mg, CON SOLVENTE (ETANERCEPT)","2/18/2021","LABORATORIOS WYETH LLC.","ETANERCEPT",""
"","B-2696/23","ENBREL SOLUCIÓN INYECTABLE 25 mg/0,5 mL (ETANERCEPT) ","6/7/2018","LABORATORIOS WYETH LLC.","ETANERCEPT",""
"","B-2877/21","ENBREL SOLUCIÓN INYECTABLE 50 mg/1 mL (ETANERCEPT)","5/5/2021","LABORATORIOS WYETH LLC.","ETANERCEPT",""
"","F-16654/23","ENCIFER SOLUCIÓN INYECTABLE 100 mg/5 mL","1/31/2008","EMCURE PHARMA CHILE S.p.A.","HIERRO HIDROXIDO",""
"","F-27842/23","ENCLYNA COMPRIMIDOS RECUBIERTOS 10 mg (EMPAGLIFLOZINA) ","9/25/2023","BOEHRINGER INGELHEIM LTDA.","EMPAGLIFLOZINA",""
"","F-27891/23","ENCLYNA DUO 12,5/1000 COMPRIMIDOS RECUBIERTOS","10/19/2023","BOEHRINGER INGELHEIM LTDA.","EMPAGLIFLOZINA//METFORMINA",""
"","F-27890/23","ENCLYNA DUO 12,5/850 COMPRIMIDOS RECUBIERTOS","10/19/2023","BOEHRINGER INGELHEIM LTDA.","EMPAGLIFLOZINA//METFORMINA",""
"","F-25381/25","ENDOFALK POLVO PARA SOLUCIÓN ORAL, EN SOBRES","4/7/2020","LABORATORIO BIOTOSCANA FARMA S.p.A.","BICARBONATO SODICO//MACROGOL//POTASIO CLORURO//SODIO CLORURO",""
"","F-4087/25","ENDOGEL GEL TÓPICO","4/24/1985","SYNTHON CHILE LTDA.","CLORHEXIDINA//LIDOCAINA",""
"","F-23511/22","ENDOMETRIN COMPRIMIDOS VAGINALES 100 mg (PROGESTERONA)","6/14/2017","FERRING PRODUCTOS FARMACÉUTICOS SpA","PROGESTERONA",""
"","F-2472/24","ENDOXAN POLVO PARA SOLUCIÓN INYECTABLE 500 mg","11/4/1974","INDUSTRIAL Y COMERCIAL BAXTER DE CHILE LTDA.","CICLOFOSFAMIDA",""
"","F-14350/24","ENDOXAN GRAGEAS 50 mg","12/13/2004","INDUSTRIAL Y COMERCIAL BAXTER DE CHILE LTDA.","CICLOFOSFAMIDA",""
"","F-14352/24","ENDOXAN POLVO PARA SOLUCIÓN INYECTABLE 200 mg","12/12/2004","INDUSTRIAL Y COMERCIAL BAXTER DE CHILE LTDA.","CICLOFOSFAMIDA",""
"","F-23027/21","ENEMOL ENEMA","9/6/2016","GADOR LTDA.","FOSFATO DIBÁSICO DE SODIO DODECAHIDRATO // SODIO FOSFATO MONOBÁSICO DIHIDRATO",""
"","F-28397/24","ENERZAIR BREEZHALER 150/50/160 POLVO PARA INHALACIÓN EN CÁPSULAS","7/30/2024","NOVARTIS CHILE S.A.","GLICOPIRRONIO BROMURO//INDACATEROL//MOMETASONA",""
"","B-3151/25","ENFLONSIA SOLUCIÓN INYECTABLE 105 mg/0,7 mL (CLESROVIMAB)","10/14/2025","MERCK SHARP & DOHME (I.A) LLC, AGENCIA EN CHILE","CLESROVIMAB",""
"","B-2641/21","ENGERIX - B, VACUNA ANTIHEPATITIS B RECOMBINANTE ADSORBIDA, SUSPENSIÓN INYECTABLE 20 mcg/1 mL","8/20/2016","GLAXOSMITHKLINE CHILE FARMACÉUTICA LTDA.","Antigeno De Superficie De Virus Hepatitis B (Ag Hbs)",""
"","B-3023/24","ENGERIX – B PEDIÁTRICO VACUNA RECOMBINANTE ADSORBIDA SUSPENSIÓN INYECTABLE 10 mcg/0,5 mL (ANTÍGENO DE SUPERFICIE DEL VIRUS DE HEPATITIS B)","4/1/2024","GLAXOSMITHKLINE CHILE FARMACÉUTICA LTDA.","(antígeno de superficie del virus de Hepatitis B)",""
"","B-3038/24","ENHERTU LIOFILIZADO PARA CONCENTRADO PARA SOLUCIÓN PARA PERFUSIÓN100 mg (TRASTUZUMAB-DERUXTECAN)","6/27/2024","ASTRAZENECA S.A.","TRASTUZUMAB DERUXTECAN",""
"","F-19893/23","ENHORA COMPRIMIDOS RECUBIERTOS 100 mg","4/15/2013","OPKO CHILE S.A.","SILDENAFILO",""
"","F-19894/23","ENHORA COMPRIMIDOS RECUBIERTOS 50 mg","4/15/2013","OPKO CHILE S.A.","SILDENAFILO",""
"","B-2870/21","ENSPRYNG SOLUCIÓN INYECTABLE 120 mg/mL (SATRALIZUMAB)","3/29/2021","ROCHE CHILE LTDA.","SATRALIZUMAB",""
"","F-23281/21","ENTECAVIR COMPRIMIDOS RECUBIERTOS 0,5 mg","12/29/2016","SEVEN PHARMA CHILE S.p.A.","ENTECAVIR",""
"","F-24996/24","ENTECAVIR COMPRIMIDOS RECUBIERTOS 0,5 mg","8/8/2019","SEVEN PHARMA CHILE S.p.A.","ENTECAVIR",""
"","F-25197/25","ENTECAVIR COMPRIMIDOS RECUBIERTOS 0,5 mg","1/2/2020","INDOPHARMA S.A.","ENTECAVIR",""
"","F-27484/23","Entecavir comprimidos recubiertos 0,5 mg","5/3/2023","OPKO CHILE S.A.","ENTECAVIR",""
"","F-27113/22","ENTECAVIR COMPRIMIDOS RECUBIERTOS 0,5 mg","10/24/2022","SIRON PHARMA S.p.A.","ENTECAVIR",""
"","F-27134/22","ENTECAVIR COMPRIMIDOS RECUBIERTOS 1 mg","11/7/2022","SIRON PHARMA S.p.A.","ENTECAVIR",""
"","F-23250/21","ENTRESTO COMPRIMIDOS RECUBIERTOS 100 mg (VALSARTÁN SACUBITRILO)","12/14/2016","NOVARTIS CHILE S.A.","VALSARTAN SACUBITRILO",""
"","F-23516/22","ENTRESTO COMPRIMIDOS RECUBIERTOS 200 mg (VALSARTÁN SACUBITRILO)","6/20/2017","NOVARTIS CHILE S.A.","VALSARTAN SACUBITRILO",""
"","F-23451/22","ENTRESTO COMPRIMIDOS RECUBIERTOS 50 mg (VALSARTÁN SACUBITRILO)","5/9/2017","NOVARTIS CHILE S.A.","VALSARTAN SACUBITRILO",""
"","B-2983/23","ENTYVIO LIOFILIZADO PARA CONCENTRADO PARA SOLUCIÓN PARA PERFUSIÓN 300 mg (VEDOLIZUMAB)","8/3/2023","TAKEDA CHILE S.p.A.","VEDOLIZUMAB",""
"","F-25898/26","ENZAVITAE CÁPSULAS BLANDAS 40 mg (ENZALUTAMIDA)","1/4/2021","GALENICUM HEALTH CHILE S.p.A.","ENZALUTAMIDA",""
"","F-23583/22","EPCLUSA 400/100 COMPRIMIDOS RECUBIERTOS","8/21/2017","GADOR LTDA.","SOFOSBUVIR//VELPATASVIR",""
"","F-28148/24","EPIBALIN CÁPSULAS 150 mg (PREGABALINA)","3/18/2024","MSN LABS CHILE S.p.A.","PREGABALINA",""
"","F-28150/24","EPIBALIN CÁPSULAS 75 mg (PREGABALINA)","3/19/2024","MSN LABS CHILE S.p.A.","PREGABALINA",""
"","F-22888/21","EPIDUO FORTE GEL TÓPICO","7/20/2016","GALDERMA CHILE LABORATORIOS LTDA.","ADAPALENO//PEROXIDO DE BENZOILO",""
"","F-27061/22","EPIDUO FORTE GEL TÓPICO ","10/12/2022","GALDERMA CHILE LABORATORIOS LTDA.","ADAPALENO//PEROXIDO DE BENZOILO",""
"","F-17682/24","EPIDUO GEL TÓPICO","8/4/2009","GALDERMA CHILE LABORATORIOS LTDA.","ADAPALENO//PEROXIDO DE BENZOILO",""
"","F-27021/22","EPILEVAM 1000 COMPRIMIDOS RECUBIERTOS 1000 mg (LEVETIRACETAM)","8/30/2022","ALEMBIC PHARMACEUTICALS S.p.A.","LEVETIRACETAM",""
"","F-27020/22","EPILEVAM 500 COMPRIMIDOS RECUBIERTOS 500 mg (LEVETIRACETAM)","8/30/2022","ALEMBIC PHARMACEUTICALS S.p.A.","LEVETIRACETAM",""
"","F-28164/24","EPINEFRINA SOLUCIÓN INYECTABLE 1 mg/1 mL","3/20/2024","BLAU FARMACEUTICA CHILE S.p.A.","EPINEFRINA",""
"","F-5477/25","EPINEFRINA SOLUCIÓN INYECTABLE 1 mg/mL","8/17/1984 1:10","LABORATORIO BIOSANO S.A.","EPINEFRINA",""
"","F-15960/22","EPIPEN AUTO INYECTOR SOLUCIÓN INYECTABLE 0,3 mg/0,3 mL (EPINEFRINA)","3/12/2007","PHARMARIS CHILE S.p.A.","EPINEFRINA",""
"","F-15961/22","EPIPEN JR AUTO INYECTOR SOLUCIÓN INYECTABLE 0,15 mg/0,3 mL (EPINEFRINA)","3/12/2007","PHARMARIS CHILE S.p.A.","EPINEFRINA",""
"","F-22225/25","EPIVIR 3TC COMPRIMIDOS RECUBIERTOS 150 mg (LAMIVUDINA)","10/21/2015","GLAXOSMITHKLINE CHILE FARMACÉUTICA LTDA.","LAMIVUDINA",""
"","F-10654/21","EPIVIR 3TC SOLUCIÓN ORAL 10 mg/mL (LAMIVUDINA)","12/10/1996","GLAXOSMITHKLINE CHILE FARMACÉUTICA LTDA.","LAMIVUDINA",""
"","F-27861/23","EPNONE COMPRIMIDOS RECUBIERTOS 25 mg (EPLERENONA)","10/4/2023","MSN LABS CHILE S.p.A.","EPLERENONA",""
"","F-26368/21","EPNONE COMPRIMIDOS RECUBIERTOS 50 mg (EPLERENONA)","9/1/2021","MSN LABS CHILE SpA","EPLERENONA",""
"","B-2956/22","EPOETINA ALFA HUMANA RECOMBINANTE SOLUCIÓN INYECTABLE 2.000 U.I./mL","10/6/2022","LIBRA CHILE S.A.","EPOETINA ALFA",""
"","B-1032/21","EPOETINA ALFA HUMANA RECOMBINANTE SOLUCIÓN INYECTABLE 2.000 U.I./mL","4/25/2001","LIBRA CHILE S.A.","EPOETINA ALFA",""
"","B-1033/21","EPOETINA ALFA HUMANA RECOMBINANTE SOLUCIÓN INYECTABLE 4000 U.I./mL","4/25/2001","LIBRA CHILE S.A.","EPOETINA ALFA",""
"","B-2957/22","EPOETINA ALFA HUMANA RECOMBINANTE SOLUCIÓN INYECTABLE 4000 U.I./mL","10/6/2022","LIBRA CHILE S.A.","EPOETINA ALFA",""
"","B-1851/25","EPOETINA ALFA RECOMBINANTE HUMANA SOLUCIÓN INYECTABLE 2.000 U.I./1 mL","2/14/2005","BPH S.A.","EPOETINA ALFA",""
"","B-1852/25","EPOETINA ALFA RECOMBINANTE HUMANA SOLUCIÓN INYECTABLE 4000 UI/1 mL","2/14/2005","BPH S.A.","EPOETINA ALFA",""
"","F-19099/21","EPRAL LIOFILIZADO PARA SOLUCIÓN INYECTABLE 40 mg","11/23/2011 1:10","LABORATORIO CHILE S.A.","ESOMEPRAZOL",""
"","F-14878/20","EQUORAL CÁPSULAS BLANDAS 100 mg (CICLOSPORINA)","7/11/2005","LABORATORIO CHILE S.A.","CICLOSPORINA",""
"","F-14876/20","EQUORAL CÁPSULAS BLANDAS 25 mg (CICLOSPORINA-A)","7/11/2005","LABORATORIO CHILE S.A.","CICLOSPORINA",""
"","F-14877/20","EQUORAL CÁPSULAS BLANDAS 50 mg (CICLOSPORINA-A)","7/11/2005","LABORATORIO CHILE S.A.","CICLOSPORINA",""
"","F-14875/20","EQUORAL SOLUCIÓN ORAL 100 mg/mL","7/11/2005","LABORATORIO CHILE S.A.","CICLOSPORINA",""
"","F-23634/22","ERATROP AEROSOL PARA INHALACIÓN 20 mcg/DOSIS (BROMURO DE IPATROPIO)","11/7/2017","LABORATORIOS D & M PHARMA LTDA.","Bromuro De Ipratropio",""
"","B-2350/23","ERBITUX SOLUCIÓN PARA PERFUSIÓN 5 mg/mL (CETUXIMAB)","11/20/2013","MERCK S.A.","CETUXIMAB",""
"","B-2923/22","ERELZI SOLUCIÓN INYECTABLE 50 mg/1 mL (ETANERCEPT)","3/9/2022","SANDOZ CHILE S.p.A.","ETANERCEPT",""
"","F-3036/25","ERGOMETRINA MALEATO SOLUCIÓN INYECTABLE 0,2 mg/mL","2/27/1989 2:10","LABORATORIO BIOSANO S.A.","ERGOMETRINA",""
"","F-24679/24","ERITROFER COMPLEX COMPRIMIDOS RECUBIERTOS","3/4/2019","DEUTSCHE PHARMA S.A.","ACIDO FOLICO//CIANOCOBALAMINA//HIERRO HIDROXIDO",""
"","F-20208/23","ERITROFER COMPRIMIDOS RECUBIERTOS 100 mg","8/10/2013","DEUTSCHE PHARMA S.A.","HIERRO HIDROXIDO-POLIMALTOSA",""
"","F-20209/23","ERITROFER SOLUCIÓN PARA GOTAS ORALES 50 mg/mL","8/10/2013","DEUTSCHE PHARMA S.A.","HIERRO HIDROXIDO-POLIMALTOSA",""
"","B-2205/21","ERITROMAX SOLUCIÓN INYECTABLE 2.000 U.I./1 mL (EPOETINA ALFA)","11/17/2011","BLAU FARMACEUTICA CHILE S.p.A.","EPOETINA ALFA",""
"","B-2207/21","ERITROMAX SOLUCIÓN INYECTABLE 4.000 U.I./1 mL (EPOETINA ALFA)","11/17/2011","BLAU FARMACEUTICA CHILE S.p.A.","EPOETINA ALFA",""
"","B-1016/25","ERITROMICINA COMPRIMIDOS RECUBIERTOS 500 mg","5/23/1989","MINTLAB Co. S.A.","ERITROMICINA",""
"","B-2499/25","ERITROMICINA GEL TÓPICO 4%","4/15/2015","LABORATORIO HOSPIFARMA CHILE LTDA.","ERITROMICINA",""
"","F-21332/24","ERIVEDGE CÁPSULAS 150 mg","8/19/2014","ROCHE CHILE LTDA.","VISMODEGIB",""
"","F-24971/24","ERLEADA COMPRIMIDOS RECUBIERTOS 60 mg","8/16/2019","JOHNSON & JOHNSON DE CHILE S.A.","APALUTAMIDA",""
"","F-28881/25","ERLEADA COMPRIMIDOS RECUBIERTOS 60 mg","5/19/2025","JOHNSON & JOHNSON DE CHILE S.A.","APALUTAMIDA",""
"","F-28882/25","ERLEADA COMPRIMIDOS RECUBIERTOS 60 mg","5/22/2025","JOHNSON & JOHNSON DE CHILE S.A.","APALUTAMIDA",""
"","F-29393/26","ERLEADA COMPRIMIDOS RECUBIERTOS 60 mg","1/13/2026","JOHNSON & JOHNSON DE CHILE S.A.","APALUTAMIDA",""
"","F-29392/26","ERLEADA COMPRIMIDOS RECUBIERTOS 60 mg","1/13/2026","JOHNSON & JOHNSON DE CHILE S.A.","APALUTAMIDA",""
"","F-27268/23","ERLOTINIB COMPRIMIDOS RECUBIERTOS 100 mg","1/9/2023","MSN LABS CHILE S.p.A.","ERLOTINIB",""
"","F-27251/23","ERLOTINIB COMPRIMIDOS RECUBIERTOS 150 mg","1/3/2023","LABORATORIOS BOCELI SpA","ERLOTINIB",""
"","F-27306/23","ERLOTINIB COMPRIMIDOS RECUBIERTOS 150 mg","1/31/2023","MSN LABS CHILE S.p.A.","ERLOTINIB",""
"","F-26616/22","ERLOTINIB COMPRIMIDOS RECUBIERTOS 150 mg","2/1/2022","BIOENFA LIFESCIENCES S.p.A.","ERLOTINIB",""
"","F-27269/23","ERLOTINIB COMPRIMIDOS RECUBIERTOS 25 mg","1/9/2023","MSN LABS CHILE S.p.A.","ERLOTINIB",""
"","F-23570/22","ERLOVEN COMPRIMIDOS RECUBIERTOS 150 mg (ERLOTINIB)","8/4/2017","SEVEN PHARMA CHILE S.p.A.","ERLOTINIB",""
"","F-28725/25","ERTAPENEM LIOFILIZADO PARA SOLUCIÓN INYECTABLE 1 g","2/19/2025","DIFEM LABORATORIOS S.A.","ERTAPENEM SÓDICO",""
"","F-23691/23","ERTAPENEM POLVO LIOFILIZADO PARA SOLUCIÓN INYECTABLE 1 g","2/5/2018","FRESENIUS KABI CHILE LTDA.","ERTAPENEM",""
"","F-25045/24","ERVASTIN 10/10 COMPRIMIDOS","9/12/2019","LABORATORIO CHILE S.A.","EZETIMIBA//ROSUVASTATINA",""
"","F-25046/24","ERVASTIN 10/20 COMPRIMIDOS","9/12/2019","LABORATORIO CHILE S.A.","EZETIMIBA//ROSUVASTATINA",""
"","F-25044/24","ERVASTIN 10/5 COMPRIMIDOS","9/12/2019","LABORATORIO CHILE S.A.","EZETIMIBA//ROSUVASTATINA",""
"","F-24274/23","ERXYA COMPRIMIDOS RECUBIERTOS 20 mg (TADALAFILO)","11/14/2018","ASCEND LABORATORIES S.p.A.","TADALAFILO",""
"","F-24323/23","ERXYA COMPRIMIDOS RECUBIERTOS 5 mg (TADALAFILO)","11/19/2018","ASCEND LABORATORIES S.p.A.","TADALAFILO",""
"","B-1900/25","ERYLIK GEL TÓPICO","9/14/2005","LABORATORIOS D & M PHARMA LTDA.","ERITROMICINA//TRETINOINA",""
"","F-9289/21","ESAMISOL COMPUESTO COMPRIMIDOS RECUBIERTOS","3/18/1993","FARMACÉUTICA PORTOPHARMA S.p.A.","CLORFENAMINA//PARACETAMOL//PSEUDOEFEDRINA",""
"","F-9288/21","ESAMISOL COMPUESTO JARABE","3/18/1993","FARMACÉUTICA PORTOPHARMA S.p.A.","CLORFENAMINA//PARACETAMOL//PSEUDOEFEDRINA",""
"","F-9290/21","ESANCOL COMPRIMIDOS","3/17/1993","FARMACÉUTICA PORTOPHARMA S.p.A.","FTALILSULFATIAZOL//NIFUROXAZIDA",""
"","F-25243/25","ESANCORT CREMA TÓPICA (BETAMETASONA DIPROPIONATO)","1/27/2020","FARMACÉUTICA ESAN LTDA.","BETAMETASONA",""
"","F-25242/25","ESANCORT PLUS CREMA TÓPICA","1/27/2020","FARMACÉUTICA ESAN LTDA.","BETAMETASONA//CLOTRIMAZOL",""
"","F-24546/24","ESANDIL COMPUESTO SOLUCIÓN PARA GOTAS ORALES","1/14/2019","FARMACÉUTICA ESAN LTDA.","METAMIZOL MAGNESICO//PARGEVERINA",""
"","F-22595/21","ESANTOP COMPRIMIDOS RECUBIERTOS 50 mg (SILDENAFILO CITRATO)","4/20/2016","FARMACÉUTICA ESAN LTDA.","SILDENAFILO",""
"","F-15716/21","ESANTUSS JARABE ADULTOS","9/29/2006","FARMACÉUTICA PORTOPHARMA S.p.A.","BROMHEXINA//CLOFEDANOL",""
"","F-15717/21","ESANTUSS JARABE INFANTIL","9/29/2006","FARMACÉUTICA PORTOPHARMA S.p.A.","BROMHEXINA//CLOFEDANOL",""
"","F-26480/21","ESC COMPRIMIDOS RECUBIERTOS 10 mg (ESCITALOPRAM)","11/3/2021","EUROFARMA CHILE SpA","ESCITALOPRAM",""
"","F-26203/21","ESC COMPRIMIDOS RECUBIERTOS 15 mg (ESCITALOPRAM)","6/10/2021","EUROFARMA CHILE SpA","ESCITALOPRAM",""
"","F-28570/24","ESC COMPRIMIDOS RECUBIERTOS 15 mg (ESCITALOPRAM)","11/5/2024","EUROFARMA CHILE SpA","ESCITALOPRAM",""
"","F-26481/21","ESC COMPRIMIDOS RECUBIERTOS 20 mg (ESCITALOPRAM)","11/3/2021","EUROFARMA CHILE SpA","ESCITALOPRAM",""
"","F-26653/22","ESCITALOPRAM COMPRIMIDOS RECUBIERTOS 10 mg","2/28/2022","EUROFARMA CHILE SpA","ESCITALOPRAM",""
"","F-27400/23","ESCITALOPRAM COMPRIMIDOS RECUBIERTOS 10 mg","3/22/2023","ASCEND LABORATORIES S.p.A.","ESCITALOPRAM",""
"","F-27033/22","ESCITALOPRAM COMPRIMIDOS RECUBIERTOS 10 mg","9/6/2022","EUROFARMA CHILE SpA","ESCITALOPRAM",""
"","F-24639/24","ESCITALOPRAM COMPRIMIDOS RECUBIERTOS 10 mg","2/12/2019","OPKO CHILE S.A.","ESCITALOPRAM",""
"","F-22744/21","ESCITALOPRAM COMPRIMIDOS RECUBIERTOS 10 mg","5/31/2016 2:10","SEVEN PHARMA CHILE S.p.A.","ESCITALOPRAM",""
"","F-23188/21","ESCITALOPRAM COMPRIMIDOS RECUBIERTOS 10 mg","11/23/2016","ETHON PHARMACEUTICALS S.p.A.","ESCITALOPRAM",""
"","F-17605/24","ESCITALOPRAM COMPRIMIDOS RECUBIERTOS 10 mg","6/9/2009","MINTLAB Co. S.A.","ESCITALOPRAM",""
"","F-18595/21","ESCITALOPRAM COMPRIMIDOS RECUBIERTOS 10 mg","4/19/2011","LABORATORIO CHILE S.A.","ESCITALOPRAM",""
"","F-22524/21","ESCITALOPRAM COMPRIMIDOS RECUBIERTOS 10 mg","3/30/2016","MEDINOVA FARMA LTDA.","ESCITALOPRAM",""
"","F-25236/25","ESCITALOPRAM COMPRIMIDOS RECUBIERTOS 10 mg","1/21/2020","MEGALABS CHILE S.A.","ESCITALOPRAM",""
"","F-22745/21","ESCITALOPRAM COMPRIMIDOS RECUBIERTOS 20 mg","5/31/2016 2:10","SEVEN PHARMA CHILE S.p.A.","ESCITALOPRAM",""
"","F-27042/22","ESCITALOPRAM COMPRIMIDOS RECUBIERTOS 20 mg","9/12/2022","EUROFARMA CHILE SpA","ESCITALOPRAM",""
"","F-27401/23","ESCITALOPRAM COMPRIMIDOS RECUBIERTOS 20 mg","3/22/2023","ASCEND LABORATORIES S.p.A.","ESCITALOPRAM",""
"","F-26623/22","ESCITALOPRAM COMPRIMIDOS RECUBIERTOS 20 mg","2/9/2022","EUROFARMA CHILE SpA","ESCITALOPRAM",""
"","F-26394/21","ESCITAVITAE COMPRIMIDOS RECUBIERTOS 10 mg","9/13/2021","GALENICUM HEALTH CHILE S.p.A.","ESCITALOPRAM",""
"","F-21383/24","ESCITAVITAE COMPRIMIDOS RECUBIERTOS 10 mg","9/24/2014","GALENICUM HEALTH CHILE S.p.A.","ESCITALOPRAM",""
"","F-21382/24","ESCITAVITAE COMPRIMIDOS RECUBIERTOS 20 mg","9/24/2014","GALENICUM HEALTH CHILE S.p.A.","ESCITALOPRAM",""
"","F-26397/21","ESCITAVITAE COMPRIMIDOS RECUBIERTOS 20 mg","9/15/2021","GALENICUM HEALTH CHILE S.p.A.","ESCITALOPRAM",""
"","F-10880/21","ESCOPOLAMINA N-BUTIL BROMURO SOLUCIÓN INYECTABLE 20 mg/1 mL","3/3/1994","LABORATORIO SANDERSON SpA","ESCOPOLAMINA",""
"","F-9575/21","ESCOPOLAMINA N-BUTIL BROMURO SOLUCIÓN PARA GOTAS ORALES 10 mg/mL","10/30/1996","LABORATORIOS SAVAL S.A.","ESCOPOLAMINA",""
"","F-24867/24","ESMARTIA ANILLO VAGINAL","6/5/2019","LABORATORIOS RECALCINE S.A.","ETINILESTRADIOL//ETONOGESTREL",""
"","F-19880/23","ESMERON SOLUCIÓN INYECTABLE 50 mg/5 mL","4/17/2013","MERCK SHARP & DOHME (I.A.) LLC","ROCURONIO BROMURO",""
"","F-21401/24","ESMYA COMPRIMIDOS 5 mg (ACETATO DE ULIPRISTAL)","9/16/2014","GEDEON RICHTER CHILE SPA","ULIPRISTAL",""
"","F-25985/21","ESOFLUX CÁPSULAS CON GRÁNULOS CON RECUBRIMIENTO ENTÉRICO 20 mg (ESOMEPRAZOL)","2/17/2021","ASCEND LABORATORIES S.p.A.","ESOMEPRAZOL",""
"","F-25984/21","ESOFLUX CÁPSULAS CON GRÁNULOS CON RECUBRIMIENTO ENTÉRICO 40 mg (ESOMEPRAZOL)","2/16/2021","ASCEND LABORATORIES S.p.A.","ESOMEPRAZOL",""
"","F-25886/25","ESOMEPRAZOL CÁPSULAS CON GRÁNULOS CON RECUBRIMIENTO ENTÉRICO 20 mg","12/22/2020","SEVEN PHARMA CHILE S.p.A.","ESOMEPRAZOL",""
"","F-27387/23","ESOMEPRAZOL CÁPSULAS CON GRÁNULOS CON RECUBRIMIENTO ENTÉRICO 20 mg","3/17/2023","OPKO CHILE S.A.","ESOMEPRAZOL",""
"","F-24107/23","ESOMEPRAZOL CÁPSULAS CON GRÁNULOS CON RECUBRIMIENTO ENTÉRICO 20 mg ","9/10/2018","ASCEND LABORATORIES S.p.A.","ESOMEPRAZOL",""
"","F-22513/21","ESOMEPRAZOL CÁPSULAS CON GRÁNULOS CON RECUBRIMIENTO ENTÉRICO 20 mg","3/16/2016","SEVEN PHARMA CHILE S.p.A.","ESOMEPRAZOL",""
"","F-28767/25","ESOMEPRAZOL CÁPSULAS CON GRÁNULOS CON RECUBRIMIENTO ENTÉRICO 20 mg","3/24/2025","SEVEN PHARMA CHILE S.p.A.","ESOMEPRAZOL",""
"","F-28766/25","ESOMEPRAZOL CÁPSULAS CON GRÁNULOS CON RECUBRIMIENTO ENTÉRICO 40 mg","3/24/2025","SEVEN PHARMA CHILE S.p.A.","ESOMEPRAZOL",""
"","F-22514/21","ESOMEPRAZOL CÁPSULAS CON GRÁNULOS CON RECUBRIMIENTO ENTÉRICO 40 mg","3/16/2016","SEVEN PHARMA CHILE S.p.A.","ESOMEPRAZOL",""
"","F-24160/23","ESOMEPRAZOL CÁPSULAS CON GRÁNULOS CON RECUBRIMIENTO ENTÉRICO 40 mg ","10/5/2018","ASCEND LABORATORIES S.p.A.","ESOMEPRAZOL",""
"","F-27388/23","ESOMEPRAZOL CÁPSULAS CON GRÁNULOS CON RECUBRIMIENTO ENTÉRICO 40 mg","3/17/2023","OPKO CHILE S.A.","ESOMEPRAZOL",""
"","F-25885/25","ESOMEPRAZOL CÁPSULAS CON GRÁNULOS CON RECUBRIMIENTO ENTÉRICO 40 mg","12/22/2020","SEVEN PHARMA CHILE S.p.A.","ESOMEPRAZOL",""
"","F-24505/23","ESOMEPRAZOL COMPRIMIDOS CON RECUBRIMIENTO ENTÉRICO 20 mg","12/27/2018","OPKO CHILE S.A.","ESOMEPRAZOL",""
"","F-23524/22","ESOMEPRAZOL COMPRIMIDOS CON RECUBRIMIENTO ENTERICO 40 mg","6/23/2017","OPKO CHILE S.A.","ESOMEPRAZOL",""
"","F-27848/23","ESOMEPRAZOL LIOFILIZADO PARA SOLUCIÓN INYECTABLE 40 mg","10/3/2023","LABORATORIO BIOSANO S.A.","ESOMEPRAZOL",""
"","F-25524/25","ESOMEPRAZOL LIOFILIZADO PARA SOLUCIÓN INYECTABLE 40 mg","6/30/2020","EUROFARMA CHILE SpA","ESOMEPRAZOL",""
"","F-25904/26","ESOPOLE CÁPSULAS CON GRÁNULOS CON RECUBRIMIENTO ENTÉRICO 20 mg (ESOMEPRAZOL)","1/5/2021","SEVEN PHARMA CHILE S.p.A.","ESOMEPRAZOL",""
"","F-26077/21","ESOPOLE CÁPSULAS CON GRÁNULOS CON RECUBRIMIENTO ENTÉRICO 40 mg (ESOMEPRAZOL)","4/7/2021","SEVEN PHARMA CHILE S.p.A.","ESOMEPRAZOL",""
"","F-25884/25","ESOZOLE CÁPSULAS CON GRÁNULOS CON RECUBRIMIENTO ENTÉRICO 20 mg (ESOMEPRAZOL)","12/22/2020","SEVEN PHARMA CHILE S.p.A.","ESOMEPRAZOL",""
"","F-25876/25","ESOZOLE CÁPSULAS CON GRÁNULOS CON RECUBRIMIENTO ENTÉRICO 40 mg (ESOMEPRAZOL)","12/22/2020","SEVEN PHARMA CHILE S.p.A.","ESOMEPRAZOL",""
"","F-24089/23","ESOZOLE LIOFILIZADO PARA SOLUCIÓN INYECTABLE 40 mg","9/10/2018","SEVEN PHARMA CHILE S.p.A.","ESOMEPRAZOL",""
"","F-4457/20","ESPERCIL 1000 SOLUCIÓN INYECTABLE 1000 mg/10 mL","8/3/1982 2:10","GRÜNENTHAL CHILENA LTDA.","ACIDO TRANEXAMICO",""
"","F-4458/25","ESPERCIL COMPRIMIDOS RECUBIERTOS 500 mg","3/24/1987 1:10","GRÜNENTHAL CHILENA LTDA.","ACIDO TRANEXAMICO",""
"","F-6546/25","ESPIRONOLACTONA COMPRIMIDOS 25 mg","1/22/1985","LABORATORIOS ANDRÓMACO S.A.","ESPIRONOLACTONA",""
"","F-14103/24","ESPIRONOLACTONA COMPRIMIDOS 25 mg","11/15/1969","LABORATORIO CHILE S.A.","ESPIRONOLACTONA",""
"","F-17668/24","ESTREDOX COMPRIMIDOS RECUBIERTOS","7/24/2009","LABORATORIO CHILE S.A.","DROSPIRENONA//ESTRADIOL",""
"","B-2503/25","ESTREPTOQUINASA LIOFILIZADO PARA SOLUCIÓN INYECTABLE 1.500.000 U.I.","4/24/2015","BPH S.A.","ESTREPTOQUINASA",""
"","F-24508/24","ESTREVA GEL TÓPICO 0,1% (ESTRADIOL)","1/2/2019","DEUTSCHE PHARMA S.A.","ESTRADIOL",""
"","F-28712/25","ESTREVA GEL TÓPICO 0,1% (ESTRADIOL)","2/6/2025","DEUTSCHE PHARMA S.A.","ESTRADIOL",""
"","F-10309/21","ETACONIL COMPRIMIDOS 250 mg","5/23/1994","TECNOFARMA S.A.","FLUTAMIDA",""
"","F-19232/22","ETALOKARE COMPRIMIDOS RECUBIERTOS 10 mg","2/6/2012","DR. REDDYS LABORATORIES CHILE S.p.A.","ESCITALOPRAM",""
"","F-27571/23","ETAPAG COMPRIMIDOS RECUBIERTOS 10 mg (EMPAGLIFLOZINA)","6/6/2023","SEVEN PHARMA CHILE S.p.A.","EMPAGLIFLOZINA",""
"","F-27572/23","ETAPAG COMPRIMIDOS RECUBIERTOS 25 mg (EMPAGLIFLOZINA)","6/6/2023","SEVEN PHARMA CHILE S.p.A.","EMPAGLIFLOZINA",""
"","F-28075/24","ETAPAG DUO 25/5 COMPRIMIDOS RECUBIERTOS","2/1/2024","SEVEN PHARMA CHILE S.p.A.","EMPAGLIFLOZINA//LINAGLIPTINA",""
"","F-23826/23","ETEROVAL COMPRIMIDOS RECUBIERTOS 120 mg (ETORICOXIB)","5/31/2018","LABORATORIOS SAVAL S.A.","ETORICOXIB",""
"","F-23824/23","ETEROVAL COMPRIMIDOS RECUBIERTOS 60 mg (ETORICOXIB)","5/30/2018","LABORATORIOS SAVAL S.A.","ETORICOXIB",""
"","F-23825/23","ETEROVAL COMPRIMIDOS RECUBIERTOS 90 mg (ETORICOXIB)","5/31/2018","LABORATORIOS SAVAL S.A.","ETORICOXIB",""
"","F-28487/24","Ethodorzotim Solución Oftálmica","9/24/2024","DROGUERÍA ETHON PHARMACEUTICALS S.p.A.","DORZOLAMIDA//TIMOLOL",""
"","F-28326/24","ETHONDOL COMPRIMIDOS 1000 mg (PARACETAMOL)","6/18/2024","DROGUERÍA ETHON PHARMACEUTICALS S.p.A.","PARACETAMOL",""
"","F-28468/24","ETHOSCOP SOLUCIÓN OFTÁLMICA 2% (DORZOLAMIDA)","9/10/2024","DROGUERÍA ETHON PHARMACEUTICALS S.p.A.","DORZOLAMIDA",""
"","F-18328/25","ETINILESTRADIOL 30 mcg + LEVONORGESTREL 150 mcg COMPRIMIDOS RECUBIERTOS","10/12/2010","LABORATORIOS ANDRÓMACO S.A.","ETINILESTRADIOL//LEVONORGESTREL",""
"","F-21519/24","ETIONAMIDA COMPRIMIDOS RECUBIERTOS 250 mg","11/5/2014","VESALIUS PHARMA S.A.","ETIONAMIDA",""
"","F-28734/25","ETOMIDATO SOLUCIÓN INYECTABLE 20 mg/10 mL","3/3/2025","NEOETHICALS CHILE S.p.A.","ETOMIDATO",""
"","F-25154/24","ETOPÓSIDO SOLUCIÓN INYECTABLE 100 mg/ 5 mL","12/9/2019","BLAU FARMACEUTICA CHILE S.p.A.","ETOPOSIDO",""
"","F-2064/24","ETOPOSIDO SOLUCIÓN INYECTABLE 100 mg/5 mL","9/16/1999","BPH S.A.","ETOPOSIDO",""
"","F-19547/22","ETOPÓSIDO SOLUCIÓN INYECTABLE 100 mg/5 mL","7/17/2012","FRESENIUS KABI CHILE LTDA.","ETOPOSIDO",""
"","F-27517/23","ETOPÓSIDO SOLUCIÓN INYECTABLE 100 mg/5 mL","5/17/2023","DIFEM LABORATORIOS S.A.","ETOPOSIDO",""
"","F-26868/22","ETORICOXIB COMPRIMIDOS RECUBIERTOS 120 mg","6/28/2022","SEVEN PHARMA CHILE S.p.A.","ETORICOXIB",""
"","F-27375/23","ETORICOXIB COMPRIMIDOS RECUBIERTOS 120 mg","3/10/2023","ALEMBIC PHARMACEUTICALS S.p.A.","ETORICOXIB",""
"","F-27373/23","ETORICOXIB COMPRIMIDOS RECUBIERTOS 60 mg","3/10/2023","ALEMBIC PHARMACEUTICALS S.p.A.","ETORICOXIB",""
"","F-10133/21","ETOSUXIMIDA CÁPSULAS BLANDAS 250 mg","3/6/1997","BPH S.A.","ETOSUXIMIDA",""
"","F-24350/23","ETOVITAE COMPRIMIDOS RECUBIERTOS 120 mg (Etoricoxib)","11/26/2018","GALENICUM HEALTH CHILE S.p.A.","ETORICOXIB",""
"","F-24362/23","ETOVITAE COMPRIMIDOS RECUBIERTOS 60 mg (Etoricoxib)","11/26/2018","GALENICUM HEALTH CHILE S.p.A.","ETORICOXIB",""
"","F-24360/23","ETOVITAE COMPRIMIDOS RECUBIERTOS 90 mg (Etoricoxib)","11/26/2018","GALENICUM HEALTH CHILE S.p.A.","ETORICOXIB",""
"","F-24250/23","ETOX COMPRIMIDOS RECUBIERTOS 120 mg (ETORICOXIB)","10/30/2018","ITF - LABOMED FARMACÉUTICA LTDA.","ETORICOXIB",""
"","F-24249/23","ETOX COMPRIMIDOS RECUBIERTOS 60 mg (ETORICOXIB)","10/30/2018","ITF - LABOMED FARMACÉUTICA LTDA.","ETORICOXIB",""
"","F-19312/22","EUFRENIM COMPRIMIDOS RECUBIERTOS 100 mg","3/19/2012","SANDOZ CHILE S.p.A.","QUETIAPINA",""
"","F-19311/22","EUFRENIM COMPRIMIDOS RECUBIERTOS 25 mg","3/19/2012","SANDOZ CHILE S.p.A.","QUETIAPINA",""
"","F-22212/25","EUROCOR AM 10/10 COMPRIMIDOS RECUBIERTOS","10/16/2015","EUROLAB LTDA.","AMLODIPINO//BISOPROLOL",""
"","F-22197/25","EUROCOR AM 10/5 COMPRIMIDOS RECUBIERTOS","10/14/2015","EUROLAB LTDA.","AMLODIPINO//BISOPROLOL",""
"","F-22196/25","EUROCOR AM 5/10 COMPRIMIDOS RECUBIERTOS","10/14/2015","EUROLAB LTDA.","AMLODIPINO//BISOPROLOL",""
"","F-22213/25","EUROCOR AM 5/5 COMPRIMIDOS RECUBIERTOS","10/16/2015","EUROLAB LTDA.","AMLODIPINO//BISOPROLOL",""
"","F-18881/21","EUROCOR COMPRIMIDOS RECUBIERTOS 1,25 mg (BISOPROLOL)","9/15/2011","EUROLAB LTDA.","BISOPROLOL",""
"","F-18887/21","EUROCOR COMPRIMIDOS RECUBIERTOS 10 mg (BISOPROLOL)","9/20/2011","EUROLAB LTDA.","BISOPROLOL",""
"","F-18880/21","EUROCOR COMPRIMIDOS RECUBIERTOS 2,5 mg (BISOPROLOL)","9/15/2011","EUROLAB LTDA.","BISOPROLOL",""
"","F-18882/21","EUROCOR COMPRIMIDOS RECUBIERTOS 5 mg (BISOPROLOL)","9/20/2011","EUROLAB LTDA.","BISOPROLOL",""
"","F-19911/23","EUROCOR D 2,5/6,25 COMPRIMIDOS RECUBIERTOS","4/23/2013","EUROLAB LTDA.","BISOPROLOL//HIDROCLOROTIAZIDA",""
"","F-19912/23","EUROCOR D 5/6,25 COMPRIMIDOS RECUBIERTOS","4/23/2013","EUROLAB LTDA.","BISOPROLOL//HIDROCLOROTIAZIDA",""
"","F-26382/21","EURODERM CREMA TÓPICA 0,1% (MOMETASONA FUROATO)","9/8/2021","EUROFARMA CHILE SpA","MOMETASONA",""
"","F-9785/21","EUROGESIC ADULTO FORTE COMPRIMIDOS RECUBIERTOS 550 mg","2/14/1995","EUROLAB LTDA.","NAPROXENO",""
"","F-7798/21","EUROGESIC CON MENTOL GEL","5/25/2001","EUROLAB LTDA.","MENTOL//NAPROXENO",""
"","F-16297/22","EUROGREL COMPRIMIDOS RECUBIERTOS 75 mg (CLOPIDOGREL) ","9/3/2007","EUROLAB LTDA.","CLOPIDOGREL",""
"","F-9788/21","EUROMICINA COMPRIMIDOS RECUBIERTOS 500 mg","3/20/1997","EUROLAB LTDA.","CLARITROMICINA",""
"","F-14420/24","EUROMICINA GRÁNULOS PARA SUSPENSIÓN ORAL 250 mg/5 mL CON SOLVENTE.","8/30/1999","EUROLAB LTDA.","CLARITROMICINA",""
"","F-9789/21","EUROVIR COMPRIMIDOS 400 mg","5/8/1996","EUROLAB LTDA.","Aciclovir",""
"","F-9791/21","EUROVIR COMPRIMIDOS 800 mg","4/10/1990","EUROLAB LTDA.","ACICLOVIR",""
"","F-9792/21","EUROVIR CREMA TÓPICA 5%","5/8/1996","EUROLAB LTDA.","ACICLOVIR",""
"","F-12913/23","EUROVIR FORTE SUSPENSIÓN ORAL 400 mg/5 mL","6/20/2003","EUROLAB LTDA.","ACICLOVIR",""
"","F-9794/21","EUROVIR SUSPENSIÓN ORAL 200 mg/5 mL","5/20/1996","EUROLAB LTDA.","ACICLOVIR",""
"","F-13641/24","EUTEBROL COMPRIMIDOS 10 mg","4/8/2004","TECNOFARMA S.A.","MEMANTINA",""
"","F-19348/22","EUTEBROL COMPRIMIDOS 20 mg","4/3/2012","TECNOFARMA S.A.","MEMANTINA",""
"","F-26822/22","EUTEBROL DUO 14/10 CÁPSULAS CON COMPRIMIDO DE LIBERACIÓN PROLONGADA Y GRANULADO","6/8/2022","TECNOFARMA S.A.","DONEPEZILO//MEMANTINA",""
"","F-26823/22","EUTEBROL DUO 28/10 CÁPSULAS CON COMPRIMIDO RECUBIERTO DE LIBERACIÓN PROLONGADA Y GRANULADO","6/8/2022","TECNOFARMA S.A.","DONEPEZILO//MEMANTINA",""
"","F-20858/24","EUTIROX COMPRIMIDOS 100 mcg (LEVOTIROXINA SÓDICA)","1/28/2014 1:10","MERCK S.A.","LEVOTIROXINA SODICA",""
"","F-20859/24","EUTIROX COMPRIMIDOS 112 mcg (LEVOTIROXINA SÓDICA)","1/28/2014 2:10","MERCK S.A.","LEVOTIROXINA SODICA",""
"","F-20869/24","EUTIROX COMPRIMIDOS 125 mcg (LEVOTIROXINA SÓDICA)","1/29/2014","MERCK S.A.","LEVOTIROXINA SODICA",""
"","F-20870/24","EUTIROX COMPRIMIDOS 137 mcg (LEVOTIROXINA SÓDICA)","1/29/2014","MERCK S.A.","LEVOTIROXINA SODICA",""
"","F-20871/24","EUTIROX COMPRIMIDOS 150 mcg (LEVOTIROXINA SÓDICA)","1/29/2014","MERCK S.A.","LEVOTIROXINA SODICA",""
"","F-20872/24","EUTIROX COMPRIMIDOS 175 mcg (LEVOTIROXINA SÓDICA)","1/29/2014","MERCK S.A.","LEVOTIROXINA SODICA",""
"","F-20873/24","EUTIROX COMPRIMIDOS 200 mcg (LEVOTIROXINA SÓDICA)","1/29/2014","MERCK S.A.","LEVOTIROXINA SODICA",""
"","F-20856/24","EUTIROX COMPRIMIDOS 25 mcg (LEVOTIROXINA SÓDICA)","1/28/2014","MERCK S.A.","LEVOTIROXINA SODICA",""
"","F-20860/24","EUTIROX COMPRIMIDOS 50 mcg (LEVOTIROXINA SÓDICA)","1/28/2014 2:10","MERCK S.A.","LEVOTIROXINA SODICA",""
"","F-20861/24","EUTIROX COMPRIMIDOS 75 mcg (LEVOTIROXINA SÓDICA)","1/28/2014","MERCK S.A.","LEVOTIROXINA SODICA",""
"","F-20857/24","EUTIROX COMPRIMIDOS 88 mcg (LEVOTIROXINA SÓDICA)","1/28/2014","MERCK S.A.","LEVOTIROXINA SODICA",""
"","F-19955/23","EVAFEM 20 COMPRIMIDOS RECUBIERTOS (CLORMADINONA/ETINILESTRADIOL)","5/17/2013","GRÜNENTHAL CHILENA LTDA.","CLORMADINONA//ETINILESTRADIOL",""
"","F-26735/22","EVERMEDET SOLUCIÓN INYECTABLE 1000 mcg/ 10 mL (DEXMEDETOMIDINA)","4/21/2022","EXELTIS CHILE S.p.A.","DEXMEDETOMIDINA",""
"","F-26734/22","EVERMEDET SOLUCIÓN INYECTABLE 400 mcg/ 4 mL (DEXMEDETOMIDINA)","4/21/2022","EXELTIS CHILE S.p.A.","DEXMEDETOMIDINA",""
"","F-29350/25","EVEROLIMUS COMPRIMIDOS 10 mg","11/24/2025","LABORATORIO CHILE S.A.","EVEROLIMUS",""
"","F-24978/24","EVERPRESSIN SOLUCIÓN INYECTABLE 1 mg/5mL","8/5/2019","EXELTIS CHILE S.p.A.","TERLIPRESINA",""
"","F-28363/24","EVERPRESSIN SOLUCIÓN INYECTABLE 1 mg/5mL (TERLIPRESINA ACETATO)","7/9/2024","EXELTIS CHILE S.p.A.","TERLIPRESINA",""
"","F-26140/21","EVESCEND COMPRIMIDOS 0,25 mg (EVEROLIMUS)","5/5/2021","ASCEND LABORATORIES S.p.A.","EVEROLIMUS",""
"","F-26138/21","EVESCEND COMPRIMIDOS 0,5 mg (EVEROLIMUS)","5/5/2021","ASCEND LABORATORIES S.p.A.","EVEROLIMUS",""
"","F-26039/21","EVESCEND COMPRIMIDOS 0,75 mg (EVEROLIMUS)","3/17/2021","ASCEND LABORATORIES S.p.A.","EVEROLIMUS",""
"","F-12081/22","EVIMAL COMPRIMIDOS RECUBIERTOS 10 mg","5/17/2002","LABORATORIOS ANDRÓMACO S.A.","DONEPEZILO",""
"","F-22768/21","EVOCAZ CD COMPRIMIDOS DISPERSABLES 10 mg (DONEPEZILO CLORHIDRATO )","6/10/2016","LABORATORIOS SAVAL S.A.","DONEPEZILO",""
"","F-22769/21","EVOCAZ CD COMPRIMIDOS DISPERSABLES 5 mg (DONEPEZILO CLORHIDRATO)","6/10/2016","LABORATORIOS SAVAL S.A.","DONEPEZILO",""
"","F-13785/24","EVRA SISTEMA TERAPÉUTICO TRANSDÉRMICO","6/8/2004","GEDEON RICHTER CHILE SPA","ETINILESTRADIOL//NORETISTERONA",""
"","F-25709/25","EVRYSDI POLVO PARA SOLUCIÓN ORAL 0,75 mg/mL (RISDIPLAM)","10/7/2020","ROCHE CHILE LTDA.","RISDIPLAM",""
"","F-28558/24","EVRYSDI POLVO PARA SOLUCIÓN ORAL 0,75 mg/mL (RISDIPLAM)","10/30/2024","ROCHE CHILE LTDA.","RISDIPLAM",""
"","F-16305/22","EXELON 10 PARCHES SISTEMA TERAPÉUTICO TRANSDÉRMICO 9,5 mg /24 HRS (RIVASTIGMINA)","9/7/2007","LABORATORIO BIOTOSCANA FARMA S.p.A.","RIVASTIGMINA",""
"","F-19848/23","EXELON 15 PARCHES SISTEMA TERAPÉUTICO TRANSDÉRMICO 13,3 mg/24 HRS (RIVASTIGMINA)","3/27/2013","LABORATORIO BIOTOSCANA FARMA S.p.A.","RIVASTIGMINA",""
"","F-16304/22","EXELON 5 PARCHES SISTEMA TERAPÉUTICO TRANSDÉRMICO 4,6 mg/24 HRS (RIVASTIGMINA)","9/7/2007","LABORATORIO BIOTOSCANA FARMA S.p.A.","RIVASTIGMINA",""
"","F-24167/23","EXELRING ANILLO VAGINAL 0,120 mg/0,015 mg CADA 24 HORAS","10/16/2018","EXELTIS CHILE S.p.A.","ETONOGESTREL//ETINILESTRADIOL",""
"","F-21392/24","EXEVITAE COMPRIMIDOS RECUBIERTOS 25 mg","9/10/2014","GALENICUM HEALTH CHILE S.p.A.","EXEMESTANO",""
"","F-26407/21","EXFORGE 10/160 COMPRIMIDOS RECUBIERTOS","9/21/2021","NOVARTIS CHILE S.A.","AMLODIPINO//VALSARTAN",""
"","F-25444/25","EXFORGE 10/320 COMPRIMIDOS RECUBIERTOS (AMLODIPINO/VALSARTÁN)","5/26/2020","NOVARTIS CHILE S.A.","AMLODIPINO//VALSARTAN",""
"","F-26405/21","EXFORGE 5/160 COMPRIMIDOS RECUBIERTOS","9/21/2021","NOVARTIS CHILE S.A.","AMLODIPINO//VALSARTAN",""
"","F-25445/25","EXFORGE 5/320 COMPRIMIDOS RECUBIERTOS (AMLODIPINO/VALSARTÁN)","5/29/2020","NOVARTIS CHILE S.A.","AMLODIPINO//VALSARTAN",""
"","F-26402/21","EXFORGE 5/80 COMPRIMIDOS RECUBIERTOS","9/21/2021","NOVARTIS CHILE S.A.","AMLODIPINO//VALSARTAN",""
"","F-19746/23","EXFORGE D 10/160/12,5 COMPRIMIDOS RECUBIERTOS","1/17/2013","NOVARTIS CHILE S.A.","AMLODIPINO//HIDROCLOROTIAZIDA//VALSARTAN",""
"","F-19858/23","EXFORGE D 10/320/25 COMPRIMIDOS RECUBIERTOS","4/4/2013","NOVARTIS CHILE S.A.","AMLODIPINO//HIDROCLOROTIAZIDA//VALSARTAN",""
"","F-19745/23","EXFORGE D 5/160/12,5 COMPRIMIDOS RECUBIERTOS (AMLODIPINO/HIDROCLOROTIAZIDA/VALSARTÁN)","1/17/2013","NOVARTIS CHILE S.A.","AMLODIPINO//HIDROCLOROTIAZIDA//VALSARTAN",""
"","F-26698/22","EXIM COMPRIMIDOS RECUBIERTOS 20 mg","3/27/2022","LABORATORIO CHILE S.A.","TADALAFILO",""
"","F-23651/22","EXIM COMPRIMIDOS RECUBIERTOS 20 mg (TADALAFILO)","11/29/2017","LABORATORIO CHILE S.A.","Tadalafilo",""
"","F-26895/22","EXIM COMPRIMIDOS RECUBIERTOS 5 mg (TADALAFILO)","7/12/2022","LABORATORIO CHILE S.A.","TADALAFILO",""
"","F-23639/22","EXIM COMPRIMIDOS RECUBIERTOS 5 mg (TADALAFILO)","11/16/2017","LABORATORIO CHILE S.A.","Tadalafilo",""
"","F-26806/22","EXJADE COMPRIMIDOS DISPERSABLES 500 mg","5/17/2022","NOVARTIS CHILE S.A.","DEFERASIROX",""
"","F-28575/24","EXOBOZAN COMPRIMIDOS RECUBIERTOS 20 mg (CABOZANTINIB)","11/5/2024","LABORATORIOS ELEA CHILE S.p.A.","CABOZANTINIB MALATO",""
"","F-28579/24","EXOBOZAN COMPRIMIDOS RECUBIERTOS 40 mg (CABOZANTINIB)","11/5/2024","LABORATORIOS ELEA CHILE S.p.A.","CABOZANTINIB",""
"","F-28576/24","EXOBOZAN COMPRIMIDOS RECUBIERTOS 60 mg (CABOZANTINIB)","11/5/2024","LABORATORIOS ELEA CHILE S.p.A.","CABOZANTINIB",""
"","F-8950/21","EXTOSEN JARABE","7/13/1990","INSTITUTO SANITAS S.A.","CLORFENAMINA//CODEINA//PSEUDOEFEDRINA","Estupefaciente"
"","F-17776/24","EXTRANEAL SOLUCIÓN PARA DIÁLISIS PERITONEAL","10/27/2009","INDUSTRIAL Y COMERCIAL BAXTER DE CHILE LTDA.","ICODEXTRINA",""
"","B-2275/22","EYLIA (AFLIBERCEPT) SOLUCIÓN PARA INYECCIÓN INTRAVÍTREA 40 mg/mL","10/10/2012","BAYER S.A.","AFLIBERCEPT",""
"","F-23419/22","EZETIMIBA / SIMVASTATINA 10/10 COMPRIMIDOS","4/6/2017","ASCEND LABORATORIES S.p.A.","EZETIMIBA//SIMVASTATINA",""
"","F-28386/24","EZETIMIBA COMPRIMIDOS 10 mg","7/18/2024","SEVEN PHARMA CHILE S.p.A.","EZETIMIBA",""
"","F-23302/22","EZETIMIBA/SIMVASTATINA 10/20 COMPRIMIDOS","1/16/2017","ASCEND LABORATORIES S.p.A.","EZETIMIBA//SIMVASTATINA",""
"","F-13215/23","EZETROL COMPRIMIDOS 10 mg","11/3/2003","ORGANON CHILE S.p.A.","EZETIMIBA",""
"","F-24326/23","EZTIM COMPRIMIDOS 10 mg","11/20/2018","SEVEN PHARMA CHILE S.p.A.","EZETIMIBA",""
"","F-26743/22","EZUGRAS 10/10 COMPRIMIDOS RECUBIERTOS ","4/21/2022","LABORATORIOS RAFFO S.A.","EZETIMIBA//ROSUVASTATINA",""
"","F-26742/22","EZUGRAS 20/10 COMPRIMIDOS RECUBIERTOS ","4/21/2022","LABORATORIOS RAFFO S.A.","EZETIMIBA//ROSUVASTATINA",""
"","B-2821/25","FABRAZYME LIOFILIZADO PARA CONCENTRADO PARA SOLUCIÓN PARA PERFUSIÓN 5 mg (AGALSIDASA BETA)","6/9/2020","SANOFI-AVENTIS DE CHILE S.A.","AGALSIDASA BETA",""
"","B-2712/23","FABRAZYME LIOFILIZADO PARA PERFUSIÓN 35 mg (AGALSIDASA BETA)","9/14/2018","SANOFI-AVENTIS DE CHILE S.A.","AGALSIDASA BETA",""
"","F-12765/23","FACIMIN SOLUCIÓN NASAL 0,5 mg/mL","2/13/2003","MINTLAB Co. S.A.","OXIMETAZOLINA",""
"","F-26035/21","FAMIDAL CREMA VAGINAL","3/17/2021","LABORATORIOS ANDRÓMACO S.A.","MICONAZOL//TINIDAZOL",""
"","F-26844/22","FAMIDAL ÓVULOS VAGINALES","6/13/2022","LABORATORIOS ANDRÓMACO S.A.","MICONAZOL//TINIDAZOL",""
"","F-27532/23","FAMOTIDINA COMPRIMIDOS RECUBIERTOS 20 mg","5/24/2023","SEVEN PHARMA CHILE S.p.A.","FAMOTIDINA",""
"","F-27729/23","FAMOTIDINA COMPRIMIDOS RECUBIERTOS 20 mg","8/9/2023","ASCEND LABORATORIES S.p.A.","FAMOTIDINA",""
"","F-3931/25","FAMOTIDINA COMPRIMIDOS RECUBIERTOS 20 mg","5/17/1988 2:10","LABORATORIO CHILE S.A.","FAMOTIDINA",""
"","F-3932/25","FAMOTIDINA COMPRIMIDOS RECUBIERTOS 40 mg","5/17/1988 2:10","LABORATORIO CHILE S.A.","FAMOTIDINA",""
"","F-27730/23","FAMOTIDINA COMPRIMIDOS RECUBIERTOS 40 mg","8/9/2023","ASCEND LABORATORIES S.p.A.","FAMOTIDINA",""
"","F-27700/23","FAMOTIDINA COMPRIMIDOS RECUBIERTOS 40 mg","8/2/2023","ALEMBIC PHARMACEUTICALS S.p.A.","FAMOTIDINA",""
"","F-29357/25","FAMOTIDINA COMPRIMIDOS RECUBIERTOS 40 mg","12/3/2025","PINNACLE CHILE SpA","FAMOTIDINA",""
"","F-27533/23","FAMOTIDINA COMPRIMIDOS RECUBIERTOS 40 mg","5/24/2023","SEVEN PHARMA CHILE S.p.A.","FAMOTIDINA",""
"","F-24601/24","FAMOTIDINA COMPRIMIDOS RECUBIERTOS 40 mg","1/29/2019","OPKO CHILE S.A.","FAMOTIDINA",""
"","F-18679/21","FAMOTIDINA COMPRIMIDOS RECUBIERTOS 40 mg","6/21/2011","OPKO CHILE S.A.","FAMOTIDINA",""
"","F-10881/26","FAMOTIDINA SOLUCIÓN INYECTABLE 20 mg/2 mL","1/13/1993","LABORATORIO SANDERSON SpA","FAMOTIDINA",""
"","F-7648/21","FAMOTIDINA SOLUCIÓN INYECTABLE 20 mg/2 mL","4/17/1990 1:10","LABORATORIO BIOSANO S.A.","FAMOTIDINA",""
"","B-1046/26","FANHDI 1000/1200 LIOFILIZADO PARA SOLUCIÓN INYECTABLE, CON SOLVENTE","1/13/1993","GRIFOLS CHILE S.A.","FACTOR DE VON WILLEBRAND//FACTOR VIII DE COAGULACION HUMANO",""
"","B-1902/25","FANHDI 1500/1800 LIOFILIZADO PARA SOLUCIÓN INYECTABLE, CON SOLVENTE","10/27/2005","GRIFOLS CHILE S.A.","ALBUMINA HUMANA",""
"","B-1044/26","FANHDI 250/300 LIOFILIZADO PARA SOLUCIÓN INYECTABLE, CON SOLVENTE","1/13/1993","GRIFOLS CHILE S.A.","ALBUMINA HUMANA",""
"","B-1045/26","FANHDI 500/600 LIOFILIZADO PARA SOLUCIÓN INYECTABLE, CON SOLVENTE","1/14/1993","GRIFOLS CHILE S.A.","FACTOR DE VON WILLEBRAND//FACTOR VIII DE COAGULACION HUMANO",""
"","F-25649/25","FAPRIS COMPRIMIDOS RECUBIERTOS DE LIBERACIÓN PROLONGADA 100 mg (DESVENLAFAXINA)","8/21/2020 2:10","TECNOFARMA S.A.","Desvenlafaxina",""
"","F-25648/25","FAPRIS COMPRIMIDOS RECUBIERTOS DE LIBERACIÓN PROLONGADA 50 mg (DESVENLAFAXINA)","8/21/2020 2:10","TECNOFARMA S.A.","Desvenlafaxina",""
"","F-4195/25","FASARAX COMPRIMIDOS 20 mg (HIDROXIZINA)","4/15/1987 1:10","LABORATORIOS PRATER S.A.","HIDROXIZINA",""
"","F-4193/25","FASARAX JARABE 10 mg/5 mL","3/16/1987 2:10","LABORATORIOS PRATER S.A.","HIDROXIZINA",""
"","B-2936/22","FASENRA SOLUCIÓN INYECTABLE 30 mg/ 1 mL (BENRALIZUMAB)","4/27/2022","ASTRAZENECA S.A.","BENRALIZUMAB",""
"","F-17316/23","FASLODEX SOLUCIÓN INYECTABLE 250 mg/5 mL","12/30/2008","ASTRAZENECA S.A.","FULVESTRANT",""
"","F-23231/21","FAXIM CAPSULAS 0,5 mg (FINGOLIMOD)","12/9/2016","LABORATORIOS RECALCINE S.A.","FINGOLIMOD",""
"","F-16172/22","FD SOLUCIÓN INYECTABLE PARA USO DENTAL (LIDOCAINA CLOHIDRATO /EPINEFRINA)","7/10/2007","IMPORTADORA SURDENT LTDA.","EPINEFRINA//LIDOCAINA",""
"","F-27698/23","FEDONAX COMPRIMIDOS RECUBIERTOS 267 mg (PIRFENIDONA)","7/28/2023","EXELTIS CHILE S.p.A.","PIRFENIDONA",""
"","F-27557/23","FEDONAX COMPRIMIDOS RECUBIERTOS 801 mg (PIRFENIDONA)","6/7/2023","EXELTIS CHILE S.p.A.","PIRFENIDONA",""
"","B-1019/21","FEIBA 1000 (COMPLEJO COAGULANTE ANTI-INHIBIDOR DEL FACTOR VIII), POLVO LIOFILIZADO PARA SOLUCIÓN INYECTABLE 1000 U CON SOLVENTE","1/26/2001","TAKEDA CHILE S.P.A.","",""
"","F-7116/25","FELSOL CÁPSULAS 150 mg (FLUCONAZOL)","10/18/2000","LABORATORIO PASTEUR S.A.","FLUCONAZOL",""
"","F-26656/22","FEMALVI COMPRIMIDOS RECUBIERTOS","2/28/2022","TECNOFARMA S.A.","ESTRADIOL//NOMEGESTROL",""
"","F-25978/21","FEMARA COMPRIMIDOS RECUBIERTOS 2,5 mg (LETROZOL)","2/12/2021","NOVARTIS CHILE S.A.","LETROZOL",""
"","F-28162/24","FEMAX 20 COMPRIMIDOS RECUBIERTOS","3/19/2024","LABORATORIO CHILE S.A.","CLORMADINONA//ETINILESTRADIOL",""
"","F-27156/22","FEMAX CD COMPRIMIDOS RECUBIERTOS","11/16/2022","LABORATORIO CHILE S.A.","CLORMADINONA//ETINILESTRADIOL",""
"","F-27165/22","FEMAX COMPRIMIDOS RECUBIERTOS","11/16/2022","LABORATORIO CHILE S.A.","CLORMADINONA//ETINILESTRADIOL",""
"","F-15373/21","FEMELLE 20 COMPRIMIDOS RECUBIERTOS","1/31/2006","LABORATORIOS RECALCINE S.A.","DROSPIRENONA//ETINILESTRADIOL",""
"","F-19509/22","FEMELLE 20 FOL COMPRIMIDOS RECUBIERTOS","6/26/2012 2:10","LABORATORIOS RECALCINE S.A.","DROSPIRENONA//ETINILESTRADIOL",""
"","F-13324/23","FEMELLE COMPRIMIDOS RECUBIERTOS","11/26/2003","LABORATORIOS RECALCINE S.A.","DROSPIRENONA//ETINILESTRADIOL",""
"","F-19504/22","FEMELLE FLEX COMPRIMIDOS RECUBIERTOS","6/25/2012","LABORATORIOS RECALCINE S.A.","DROSPIRENONA//ETINILESTRADIOL",""
"","F-19595/22","FEMELLE FOL COMPRIMIDOS RECUBIERTOS","9/14/2012 1:10","LABORATORIOS RECALCINE S.A.","ACIDO LEVOMEFOLICO//DROSPIRENONA//ETINILESTRADIOL",""
"","F-21853/25","FEMINOL 20 CD COMPRIMIDOS RECUBIERTOS","5/12/2015","LABORATORIO CHILE S.A.","ETINILESTRADIOL//GESTODENO",""
"","F-21852/25","FEMINOL 20 COMPRIMIDOS RECUBIERTOS","5/12/2015","LABORATORIO CHILE S.A.","ETINILESTRADIOL//GESTODENO",""
"","F-23887/23","FEMINOL 20 COMPRIMIDOS RECUBIERTOS","6/21/2018","LABORATORIO CHILE S.A.","ETINILESTRADIOL//GESTODENO",""
"","F-23886/23","FEMINOL COMPRIMIDOS RECUBIERTOS","6/21/2018","LABORATORIO CHILE S.A.","ETINILESTRADIOL//GESTODENO",""
"","F-23395/22","FEMINOL COMPRIMIDOS RECUBIERTOS","3/23/2017","LABORATORIO CHILE S.A.","ETINILESTRADIOL//GESTODENO",""
"","F-1219/23","FEMINOSAN COMPRIMIDOS","3/2/1942","LABORATORIO PASTEUR S.A.","CAFEINA//PROPIFENAZONA",""
"","F-26826/22","FEMIPLUS 20 CD COMPRIMIDOS RECUBIERTOS ","5/31/2022","EUROFARMA CHILE SpA","DROSPIRENONA//ETINILESTRADIOL",""
"","F-26827/22","FEMIPLUS CD COMPRIMIDOS RECUBIERTOS","5/31/2022","EUROFARMA CHILE SpA","DROSPIRENONA//ETINILESTRADIOL",""
"","F-11942/22","FEMOSTON 1/10 COMPRIMIDOS RECUBIERTOS","3/26/2002","ABBOTT LABORATORIES DE CHILE LTDA.","DIDROGESTERONA//ESTRADIOL",""
"","F-11943/22","FEMOSTON CONTI COMPRIMIDOS RECUBIERTOS","3/26/2002","ABBOTT LABORATORIES DE CHILE LTDA.","DIDROGESTERONA//ESTRADIOL",""
"","F-23156/21","FENATEN SOLUCIÓN INYECTABLE 250 mg/5 mL (FENITOINA SÓDICA)","10/27/2016","PISA FARMACÉUTICA DE CHILE S.p.A.","FENITOINA",""
"","F-28323/24","FENEBRA COMPRIMIDOS DISPERSABLES 100 mg (LAMOTRIGINA)","6/18/2024","PISA FARMACÉUTICA DE CHILE S.p.A.","LAMOTRIGINA",""
"","F-23221/21","FENILEFRINA CLORHIDRATO SOLUCIÓN INYECTABLE 10 mg/1 mL","12/2/2016","LABORATORIO HOSPIFARMA CHILE LTDA.","FENILEFRINA",""
"","F-26999/22","FENILEFRINA CLORHIDRATO SOLUCIÓN INYECTABLE 10 mg/1 mL","8/22/2022","NEOETHICALS CHILE S.p.A.","FENILEFRINA",""
"","F-27098/22","FENILEFRINA CLORHIDRATO SOLUCIÓN INYECTABLE 10 mg/1 mL","10/18/2022","BPH S.A.","FENILEFRINA",""
"","F-1371/23","FENITOÍNA SÓDICA COMPRIMIDOS DE LIBERACIÓN RÁPIDA (PROMPT) 100 mg","12/30/1968","LABORATORIO CHILE S.A.","FENITOINA",""
"","F-23328/22","FENITOÍNA SÓDICA SOLUCIÓN INYECTABLE 250 mg/ 5 mL","1/31/2017","LABORATORIO HOSPIFARMA CHILE LTDA.","FENITOINA",""
"","F-19303/22","FENITOINA SÓDICA SOLUCIÓN INYECTABLE 250 mg/5 mL","3/13/2012","LABVITALIS S.A.","FENITOINA",""
"","F-12433/22","FENITOINA SÓDICA SOLUCIÓN INYECTABLE 250 mg/5 mL.","10/17/2002","LABORATORIO BIOSANO S.A.","FENITOINA",""
"","F-27060/22","FENITOINA SÓDICA SOLUCIÓN INYECTABLE 250mg/5mL","9/28/2022","NEOETHICALS CHILE S.p.A.","FENITOINA",""
"","F-28916/25","FENOFIBRATO MICRONIZADO CÁPSULAS 200 mg","6/11/2025","ALEMBIC PHARMACEUTICALS S.p.A.","FENOFIBRATO",""
"","F-3519/25","FENOKOMP 39 COMPRIMIDOS","1/25/1985","KNOP LABORATORIOS S.A.","ACIDO CITRICO//EXTRACTO BELLADONA//EXTRACTO NUX VOMICA//FENOLFTALEINA",""
"","F-7650/21","FENOTEROL BROMHIDRATO SOLUCIÓN INYECTABLE 0,5 mg/10 mL","3/7/1990","LABORATORIO BIOSANO S.A.","FENOTEROL",""
"","F-25227/25","FENOTEROL BROMHIDRATO/BROMURO DE IPRATROPIO 0,5/0,25 SOLUCIÓN PARA INHALAR","1/14/2020","BPH S.A.","BROMURO DE IPRATROPIO//FENOTEROL",""
"","F-26650/22","FENOTEROL BROMHIDRATO/BROMURO DE IPRATROPIO 50/20 AEROSOL PARA INHALACIÓN","2/22/2022","BPH S.A.","BROMURO DE IPRATROPIO//FENOTEROL",""
"","F-15745/21","FENOXIMETILPENICILINA COMPRIMIDOS 1.000.000 U.I.","11/28/2006","MINTLAB Co. S.A.","FENOXIMETILPENICILINA",""
"","F-23846/23","Ferasiro Comprimidos dispersables 125 mg (DEFERASIROX)","6/5/2018","MSN LABS CHILE S.p.A.","DEFERASIROX",""
"","F-23847/23","Ferasiro Comprimidos dispersables 250 mg (DEFERASIROX)","6/5/2018","MSN LABS CHILE S.p.A.","DEFERASIROX",""
"","F-23848/23","Ferasiro Comprimidos dispersables 500 mg (DEFERASIROX)","6/5/2018","MSN LABS CHILE S.p.A.","DEFERASIROX",""
"","F-23464/22","FERBEX CÁPSULAS 200 mg (FENOFIBRATO)","5/23/2017","LABORATORIO CHILE S.A.","FENOFIBRATO",""
"","F-20175/23","FERINJECT SOLUCIÓN INYECTABLE 500 mg/10 mL","7/31/2013","GRÜNENTHAL CHILENA LTDA.","CARBOXIMALTOSA FERRICA",""
"","F-13492/24","FERIUM COMPRIMIDOS 100 mg","1/30/2004","LABORATORIO PASTEUR S.A.","HIERRO HIDROXIDO",""
"","F-13493/24","FERIUM SOLUCIÓN ORAL 50 mg/5 mL","1/30/2004","LABORATORIO PASTEUR S.A.","HIERRO POLIMALTOSA",""
"","F-13477/24","FERIUM SOLUCIÓN ORAL PARA GOTAS 50 mg/mL","1/30/2004","LABORATORIO PASTEUR S.A.","HIERRO POLIMALTOSA",""
"","F-27559/23","FERODI COMPRIMIDOS RECUBIERTOS 40 mg (FEBUXOSTAT)","6/5/2023","SEVEN PHARMA CHILE S.p.A.","FEBUXOSTAT",""
"","F-25437/25","FERRAFOL COMPRIMIDOS RECUBIERTOS","5/18/2020","SOCIEDAD FARMACÉUTICA TERVIS PHARMA LTDA.","ACIDO FOLICO//GLICINATO FERROSO",""
"","F-22037/25","FERRANEM CÁPSULAS","7/30/2015 2:10","CHEMOPHARMA S.A.","ACIDO ASCORBICO//ACIDO FOLICO//CIANOCOBALAMINA//HIERRO FUMARATO",""
"","F-8730/21","FERRANEM CÁPSULAS CON MICROGRÁNULOS DE LIBERACIÓN PROLONGADA","3/14/1990","CHEMOPHARMA S.A.","ACIDO ASCORBICO//ACIDO FOLICO//CIANOCOBALAMINA//HIERRO SULFATO",""
"","F-8951/21","FERRANIM CÁPSULAS BLANDAS","4/8/1993","INSTITUTO SANITAS S.A.","ACIDO ASCORBICO//ACIDO FOLICO//CIANOCOBALAMINA//HIERRO FUMARATO",""
"","F-23457/22","FERRANIM CÁPSULAS BLANDAS","5/12/2017","INSTITUTO SANITAS S.A.","ACIDO ASCORBICO//ACIDO FOLICO//CIANOCOBALAMINA//HIERRO FUMARATO",""
"","F-24529/24","FERRI-FC CÁPSULAS CON GRÁNULOS RECUBIERTOS","1/16/2019","LABORATORIO PASTEUR S.A.","ACIDO ASCORBICO//ACIDO FOLICO//CIANOCOBALAMINA//HIERRO FUMARATO",""
"","F-6417/25","FERRIGOT COMPRIMIDOS 200 mg","8/11/1986 1:10","LABORATORIO PASTEUR S.A.","HIERRO SULFATO",""
"","F-6416/25","FERRIGOT JARABE 200 mg/5 mL","7/1/1986 2:10","LABORATORIO PASTEUR S.A.","HIERRO SULFATO",""
"","F-6393/25","FERRIGOT SOLUCIÓN GOTAS ORALES","4/20/1982","LABORATORIO PASTEUR S.A.","HIERRO SULFATO",""
"","F-3512/25","FERROMALT JARABE","2/7/1986 2:10","KNOP LABORATORIOS S.A.","EXTRACTO MALTA//HIERRO SULFATO",""
"","F-19243/22","FERROPROTINA GRANULADO PARA SOLUCIÓN ORAL 40 mg","2/20/2012 2:10","FAES FARMA CHILE, SALUD Y NUTRICIÓN SpA","OVOALBUMINA",""
"","F-24963/24","FERROPURUM SOLUCIÓN INYECTABLE 100 mg/ 5 mL (HIERRO)","7/25/2019","BLAU FARMACEUTICA CHILE S.p.A.","HIERRO SACARATO",""
"","F-24075/23","FESANIL JARABE 30 mg/5 mL (LEVODROPROPIZINA)","9/4/2018","EUROFARMA CHILE SpA","LEVODROPROPIZINA",""
"","F-28509/24","FESATEROX COMPRIMIDOS RECUBIERTOS DE LIBERACIÓN PROLONGADA 4 mg (FESOTERODINA FUMARATO)","10/2/2024","EXELTIS CHILE S.p.A.","FESOTERODINA",""
"","F-28510/24","FESATEROX COMPRIMIDOS RECUBIERTOS DE LIBERACIÓN PROLONGADA 8 mg (FESOTERODINA FUMARATO)","10/2/2024","EXELTIS CHILE S.p.A.","FESOTERODINA",""
"","F-2714/24","FESEMA LF AEROSOL PARA INHALACIÓN 100 mcg/dosis (SALBUTAMOL)","12/30/1999 2:10","ETEX FARMACÉUTICA LTDA.","SALBUTAMOL",""
"","F-28438/24","FEXOFENADINA CLORHIDRATO COMPRIMIDOS RECUBIERTOS 180mg","8/21/2024","SEVEN PHARMA CHILE S.p.A.","FEXOFENADINA",""
"","F-25872/25","FEXOFENADINA CLORHIDRATO SUSPENSIÓN ORAL 30 mg/5 mL","12/18/2020","NEOETHICALS CHILE S.p.A.","FEXOFENADINA",""
"","F-27347/23","FEXUCLUE COMPRIMIDOS RECUBIERTOS 40 mg (FEXUPRAZAN CLORHIDRATO)","2/20/2023","LABORATORIOS BIOPAS S.A.","FEXUPRAZAN",""
"","F-19424/22","FEXURIX COMPRIMIDOS RECUBIERTOS 120 mg","5/16/2012","LABORATORIOS RECALCINE S.A.","FEBUXOSTAT",""
"","F-18693/21","FEXURIX COMPRIMIDOS RECUBIERTOS 40 mg","6/20/2011","LABORATORIOS RECALCINE S.A.","FEBUXOSTAT",""
"","F-18694/21","FEXURIX COMPRIMIDOS RECUBIERTOS 80 mg","6/20/2011","LABORATORIOS RECALCINE S.A.","FEBUXOSTAT",""
"","B-2920/22","FIASP SOLUCIÓN INYECTABLE 100 U/mL (INSULINA ASPARTA)","2/23/2022","NOVO NORDISK FARMACÉUTICA LTDA.","INSULINA",""
"","B-2985/23","FIASP SOLUCIÓN INYECTABLE 100 U/mL (INSULINA ASPARTA)","7/4/2023","NOVO NORDISK FARMACÉUTICA LTDA.","INSULINA",""
"","F-22686/21","FIBORAN CÁPSULAS 267 mg (PIRFENIDONA)","5/13/2016","LABORATORIOS RECALCINE S.A.","PIRFENIDONA",""
"","F-22667/21","FIBROLOW LIDOSE CÁPSULAS 160 mg (FENOFIBRATO)","5/11/2016","LABORATORIOS SAVAL S.A.","FENOFIBRATO",""
"","F-22665/21","FIBROLOW LIDOSE CÁPSULAS 200 mg (FENOFIBRATO)","5/11/2016","LABORATORIOS SAVAL S.A.","FENOFIBRATO",""
"","F-23075/21","FIBROTINA LIDOSE 160/40 CÁPSULAS","9/20/2016 1:10","LABORATORIOS SAVAL S.A.","FENOFIBRATO//PRAVASTATINA",""
"","F-17134/23","FIBROX XR COMPRIMIDOS RECUBIERTOS DE LIBERACIÓN PROLONGADA 10 mg","10/20/2008","LABORATORIOS SAVAL S.A.","CICLOBENZAPRINA",""
"","B-2788/25","FIBRYGA LIOFILIZADO PARA SOLUCIÓN PARA PERFUSIÓN 1 g, CON SOLVENTE","2/7/2020","LABORATORIO BAGÓ DE CHILE S.A.","FIBRINÓGENO HUMANO",""
"","B-2789/25","FIBRYGA LIOFILIZADO PARA SOLUCIÓN PARA PERFUSIÓN 1 g, CON SOLVENTE","2/7/2020","LABORATORIO BAGÓ DE CHILE S.A.","FIBRINÓGENO HUMANO",""
"","F-27481/23","FIGOMS CÁPSULAS 0,5 mg (FINGOLIMOD)","5/5/2023","MSN LABS CHILE S.p.A.","FINGOLIMOD",""
"","F-25031/24","FILCOS COMPRIMIDOS RECUBIERTOS 120 mg (ETORICOXIB)","9/4/2019","LABORATORIOS RAFFO S.A.","Etoricoxib",""
"","F-25029/24","FILCOS COMPRIMIDOS RECUBIERTOS 90 mg (ETORICOXIB)","9/4/2019","LABORATORIOS RAFFO S.A.","Etoricoxib",""
"","B-1904/25","FILGRASTIM SOLUCIÓN INYECTABLE 300 mcg/1 mL","11/21/2005","BPH S.A.","FILGRASTIM",""
"","B-3189/26","FILGRASTIM SOLUCIÓN INYECTABLE 300 mcg/1 mL","","LIBRA CHILE S.A.","FILGRASTIM",""
"","B-1759/23","FILGRASTIM SOLUCIÓN INYECTABLE 300 mcg/1 mL","7/15/2003","LIBRA CHILE S.A.","FILGRASTIM",""
"","F-27660/23","FILZOCAR LIOFILIZADO PARA SOLUCIÓN INYECTABLE 60 mg (CARFILZOMIB)","7/17/2023","ASKENY CHILE S.p.A.","CARFILZOMIB",""
"","F-23068/21","FINAFLUX COMPRIMIDOS RECUBIERTOS 1 mg","9/15/2016","ASCEND LABORATORIES S.p.A.","FINASTERIDA",""
"","F-21444/24","FINAFLUX COMPRIMIDOS RECUBIERTOS 5 mg (FINASTERIDA)","10/8/2014","ASCEND LABORATORIES S.p.A.","FINASTERIDA",""
"","F-22808/21","FINAGRIP COMPRIMIDOS RECUBIERTOS","6/24/2016","INTERPHARMA S.A.","CLORFENAMINA//IBUPROFENO//PSEUDOEFEDRINA",""
"","F-17762/24","FINAGRIP SUSPENSIÓN ORAL","10/1/2009","INTERPHARMA S.A.","CLORFENAMINA//IBUPROFENO//PSEUDOEFEDRINA",""
"","F-24603/24","FINAPROST CÁPSULAS CON CÁPSULA BLANDA Y GRÁNULOS RECUBIERTOS DE LIBERACIÓN SOSTENIDA (DUTASTERIDA/TAMSULOSINA CLORHIDRATO)","1/30/2019","LABORATORIO CHILE S.A.","DUTASTERIDA//TAMSULOSINA",""
"","F-23276/21","FINASTERIDA COMPRIMIDOS RECUBIERTOS 5 mg","12/28/2016","SEVEN PHARMA CHILE S.p.A.","FINASTERIDA",""
"","F-21819/25","FINDALER COMPRIMIDOS RECUBIERTOS 10 mg (CETIRIZINA)","4/20/2015","EUROFARMA CHILE SpA","CETIRIZINA",""
"","F-25748/25","FINDALER JARABE 5 mg/5 mL (CETIRIZINA DICLORHIDRATO)","10/19/2020","EUROFARMA CHILE SpA","CETIRIZINA",""
"","F-25775/25","FINDER SHAMPOO 2% (KETOCONAZOL)","11/9/2020","EUROFARMA CHILE SpA","KETOCONAZOL",""
"","F-2478/24","FINEX COMPRIMIDOS 250 mg","11/25/1999","EUROLAB LTDA.","TERBINAFINA",""
"","F-2479/24","FINEX CREMA DÉRMICA 1%","11/25/1999","EUROLAB LTDA.","TERBINAFINA",""
"","F-26753/22","FINGOLIMOD CAPSULAS 0,5 mg","4/21/2022","VESALIUS PHARMA S.A.","FINGOLIMOD",""
"","F-27064/22","FINGOLIMOD CÁPSULAS 0,5 mg","10/3/2022","EMCURE PHARMA CHILE S.p.A.","FINGOLIMOD",""
"","F-22987/21","FINGOLIMOD CÁPSULAS 0,5 mg","8/18/2016","LABORATORIO CHILE S.A.","FINGOLIMOD",""
"","F-26767/22","FINHAIR COMPRIMIDOS RECUBIERTOS 1 mg (FINASTERIDA)","4/27/2022","LABORATORIO D & M PHARMA LTDA.","FINASTERIDA",""
"","F-24052/23","FINLIM CÁPSULAS 0,5 mg","8/22/2018","SEVEN PHARMA CHILE S.p.A.","FINGOLIMOD",""
"","F-26662/22","FIRIALTA COMPRIMIDOS RECUBIERTOS 10 mg","3/8/2022","BAYER S.A.","FINERENONA",""
"","F-26664/22","FIRIALTA COMPRIMIDOS RECUBIERTOS 20 mg (FINERENONA)","3/8/2022","BAYER S.A.","FINERENONA",""
"","F-24285/23","FIRMAGON LIOFILIZADO PARA SOLUCIÓN INYECTABLE 120 mg CON SOLVENTE (Degarelix)","11/7/2018","FERRING PRODUCTOS FARMACÉUTICOS SpA","DEGARELIX",""
"","F-24286/23","FIRMAGON LIOFILIZADO PARA SOLUCIÓN INYECTABLE 80 mg CON SOLVENTE (DEGARELIX)","11/7/2018","FERRING PRODUCTOS FARMACÉUTICOS SpA","DEGARELIX",""
"","F-536/23","FISIOFER FOL SOLUCIÓN ORAL","5/28/1998","ITF - LABOMED FARMACÉUTICA LTDA.","CALCIO FOLINATO//HIERRO PROTEINSUCCILINATO",""
"","F-224/22","FISIOFER SOLUCIÓN ORAL 40 mg/15 mL (PROTEINSUCCINILATO DE HIERRO)","10/31/1997","ITF - LABOMED FARMACÉUTICA LTDA.","PROTEINSUCCINILATO DE HIERRO",""
"","F-10789/21","FISIOFER SOLUCIÓN ORAL 800 mg/15 mL","11/8/1990","ITF - LABOMED FARMACÉUTICA LTDA.","HIERRO",""
"","F-6154/25","FITOMENADIONA SOLUCIÓN INYECTABLE 1 mg/mL","2/1/1985","LABORATORIO SANDERSON SPA","FITOMENADIONA",""
"","F-7652/21","FITOMENADIONA SOLUCIÓN INYECTABLE 1 mg/mL","6/1/1990","LABORATORIO BIOSANO S.A.","FITOMENADIONA",""
"","F-6155/25","FITOMENADIONA SOLUCIÓN INYECTABLE 10 mg/1 mL","7/27/1984 2:10","LABORATORIO SANDERSON SpA","FITOMENADIONA",""
"","F-3038/25","FITOMENADIONA SOLUCIÓN INYECTABLE 10 mg/mL","12/22/1988 2:10","LABORATORIO BIOSANO S.A.","FITOMENADIONA",""
"","F-19306/22","FLAMIR GEL DÉRMICO 0,3%","3/14/2012","LABORATORIO BAGÓ DE CHILE S.A.","ADAPALENO",""
"","F-17609/24","FLAMIR GEL DÉRMICO AL 0,1 %","6/9/2009","LABORATORIO BAGÓ DE CHILE S.A.","ADAPALENO",""
"","F-19568/22","FLARINA-35 COMPRIMIDOS RECUBIERTOS","8/6/2012","DEUTSCHE PHARMA S.A.","CIPROTERONA//ETINILESTRADIOL",""
"","B-2229/21","FLEBOGAMMA 10% DIF SOLUCIÓN PARA PERFUSIÓN 10 g/100 mL","12/22/2011","GRIFOLS CHILE S.A.","INMUNOGLOBULINA HUMANA",""
"","B-2230/21","FLEBOGAMMA 10% DIF SOLUCIÓN PARA PERFUSIÓN 20 g/200 mL","12/22/2011","GRIFOLS CHILE S.A.","INMUNOGLOBULINA HUMANA",""
"","B-2228/21","FLEBOGAMMA 10% DIF SOLUCIÓN PARA PERFUSIÓN 5 g/50 mL","12/22/2011","GRIFOLS CHILE S.A.","INMUNOGLOBULINA HUMANA",""
"","B-2136/25","FLEBOGAMMA 5% DIF SOLUCIÓN PARA PERFUSIÓN 0,5 g/10 mL","4/26/2010","GRIFOLS CHILE S.A.","INMUNOGLOBULINA HUMANA",""
"","B-2139/25","FLEBOGAMMA 5% DIF SOLUCIÓN PARA PERFUSIÓN 10 g/200 mL","4/26/2010","GRIFOLS CHILE S.A.","INMUNOGLOBULINA HUMANA",""
"","B-2137/25","FLEBOGAMMA 5% DIF SOLUCIÓN PARA PERFUSIÓN 2,5 g/50 mL","4/26/2010","GRIFOLS CHILE S.A.","INMUNOGLOBULINA HUMANA",""
"","B-2140/25","FLEBOGAMMA 5% DIF SOLUCIÓN PARA PERFUSIÓN 20 g/400 mL","4/26/2010","GRIFOLS CHILE S.A.","INMUNOGLOBULINA HUMANA",""
"","B-2138/25","FLEBOGAMMA 5% DIF SOLUCIÓN PARA PERFUSIÓN 5 g/100 mL","4/26/2010","GRIFOLS CHILE S.A.","INMUNOGLOBULINA HUMANA",""
"","F-10950/21","FLECTADOL CÁPSULAS BLANDAS","1/28/1991","LABORATORIOS LAFI LTDA.","CLORZOXAZONA//PARACETAMOL",""
"","F-23577/22","FLECTANE 500/20 COMPRIMIDOS CON RECUBRIMIENTO ENTERICO","8/16/2017","INSTITUTO SANITAS S.A.","Naproxeno",""
"","F-26060/21","FLECTOR GRANULADO PARA SOLUCIÓN ORAL EN SOBRES 50 mg","3/30/2021","ITF - LABOMED FARMACÉUTICA LTDA.","DICLOFENACO",""
"","F-7424/21","FLEMEX JAT FORTE JARABE","4/10/2001","LABORATORIOS RECALCINE S.A.","CLORFENAMINA//CODEINA//PSEUDOEFEDRINA","Estupefaciente"
"","F-2743/24","FLEMEX JAT JARABE","12/19/1979","LABORATORIOS RECALCINE S.A.","CLORFENAMINA//CODEINA//PSEUDOEFEDRINA","Estupefaciente"
"","F-9287/21","FLEMIBRON JARABE","1/25/1993","FARMACÉUTICA PORTOPHARMA S.p.A.","CLORFENAMINA//CODEINA//PSEUDOEFEDRINA","Estupefaciente"
"","F-20247/23","FLENAC 75 SOLUCIÓN INYECTABLE 75 mg/3mL","8/24/2013","PHARMABRAND CHILE LTDA.","DICLOFENACO",""
"","B-2413/24","FLEXBUMIN SOLUCIÓN INYECTABLE 20% (ALBUMINA HUMANA)","8/1/2014","TAKEDA CHILE S.P.A.","ALBUMINA HUMANA",""
"","F-26529/21","FLOGOCOX COMPRIMIDOS RECUBIERTOS 120 mg (ETORICOXIB)","12/10/2021","LABORATORIO BAGÓ DE CHILE S.A.","ETORICOXIB",""
"","F-26528/21","FLOGOCOX COMPRIMIDOS RECUBIERTOS 90 mg (ETORICOXIB)","12/10/2021","LABORATORIO BAGÓ DE CHILE S.A.","ETORICOXIB",""
"","F-9387/21","FLOGOTONE FORTE COMPRIMIDOS RECUBIERTOS 550 mg","8/18/1994 1:10","INTERPHARMA S.A.","NAPROXENO",""
"","F-22894/21","FLOXAMOP COMPRIMIDOS RECUBIERTOS 500 mg (CIPROFLOXACINO)","7/20/2016","OPKO CHILE S.A.","CIPROFLOXACINO",""
"","F-11502/21","FLUANXOL COMPRIMIDOS RECUBIERTOS","9/10/1994","LUNDBECK CHILE FARMACÉUTICA LTDA.","FLUPENTIXOL",""
"","F-11498/21","FLUANXOL DEPOT SOLUCIÓN INYECTABLE 20 mg/mL","9/10/1994","LUNDBECK CHILE FARMACÉUTICA LTDA.","FLUPENTIXOL",""
"","F-26244/21","FLUCLOXACILINA CÁPSULAS 500 mg","7/6/2021","MDC HEALTH S.p.A.","FLUCLOXACILINA",""
"","F-9891/21","FLUCLOXACILINA POLVO PARA JARABE 250 mg/5 mL","12/5/1995","MINTLAB Co. S.A.","FLUCLOXACILINA",""
"","F-4322/25","FLUCONAZOL CÁPSULAS 150 mg","6/28/2000 2:10","INTERPHARMA S.A.","FLUCONAZOL",""
"","F-23230/21","FLUCONAZOL CÁPSULAS 150 mg","12/7/2016","ETHON PHARMACEUTICALS S.p.A.","FLUCONAZOL",""
"","F-24177/23","FLUCONAZOL CÁPSULAS 150 mg","10/12/2018","DIFEM LABORATORIOS S.A.","FLUCONAZOL",""
"","F-25573/25","FLUCONAZOL CÁPSULAS 150 MG","7/21/2020","OPKO CHILE S.A.","FLUCONAZOL",""
"","F-13967/24","FLUCONAZOL CÁPSULAS 150 mg","7/16/2004","LABORATORIO CHILE S.A.","FLUCONAZOL",""
"","F-15909/22","FLUCONAZOL SOLUCIÓN INYECTABLE 2 mg/mL","2/1/2007","LABORATORIO SANDERSON SpA","FLUCONAZOL",""
"","F-20117/23","FLUCONAZOL SOLUCIÓN INYECTABLE 200 mg/100 mL","7/13/2013","LABVITALIS S.A.","FLUCONAZOL",""
"","F-28086/24","FLUCONAZOL SOLUCIÓN INYECTABLE 200 mg/100 mL","2/7/2024","COMERCIAL APOTECARE S.p.A.","FLUCONAZOL",""
"","F-28168/24","FLUCONAZOL SOLUCIÓN INYECTABLE PARA PERFUSIÓN 200 mg/100 mL","3/25/2024","LABORATORIO BIOSANO S.A.","FLUCONAZOL",""
"","F-26541/21","FLUDARABINA FOSFATO SOLUCIÓN CONCENTRADA PARA SOLUCIÓN INYECTABLE 50 mg/2 mL","12/14/2021","SANDOZ CHILE S.p.A.","FLUDARABINA",""
"","F-28222/24","FLUDAVEN 25/125 AEROSOL PARA INHALACIÓN ORAL","4/10/2024","SEVEN PHARMA CHILE S.p.A.","FLUTICASONA PROPIONATO//SALMETEROL",""
"","F-28223/24","FLUDAVEN 25/250 AEROSOL PARA INHALACIÓN ORAL","4/10/2024","SEVEN PHARMA CHILE S.p.A.","FLUTICASONA PROPIONATO//SALMETEROL",""
"","F-27908/23","FLUDESOXIGLUCOSA (18F) SOLUCIÓN INYECTABLE","12/1/2023 0:00","POSITRONPHARMA S.A.","FLUDESOXIGLUCOSA (18F)",""
"","F-23323/22","FLUFENAZINA DECANOATO SOLUCIÓN INYECTABLE 25 mg/ 1mL","1/26/2017","LABORATORIO HOSPIFARMA CHILE LTDA.","FLUFENAZINA DECANOATO",""
"","F-27197/22","FLUFENAZINA DECANOATO SOLUCIÓN INYECTABLE 25 mg/ 1mL","12/1/2022","NEOETHICALS CHILE S.p.A.","FLUFENAZINA DECANOATO",""
"","F-3712/25","FLUFENAZINA DECANOATO SOLUCIÓN INYECTABLE 25 mg/mL","9/8/1989","BPH S.A.","FLUFENAZINA DECANOATO",""
"","F-28021/24","FLUFENAZINA DECANOATO SOLUCIÓN INYECTABLE 250 mg/10 mL","1/4/2024 0:00","DIFEM LABORATORIOS S.A.","FLUFENAZINA DECANOATO",""
"","F-21521/24","FLUFENAZINA DECANOATO SOLUCIÓN INYECTABLE 250 mg/10 mL","11/10/2014","ETHON PHARMACEUTICALS S.p.A.","FLUFENAZINA DECANOATO",""
"","F-16311/22","FLUMAZENIL SOLUCIÓN INYECTABLE 0,5 mg/5 mL","9/28/2007","LABORATORIO BIOSANO S.A.","FLUMAZENIL",""
"","F-15337/25","FLUMAZENIL SOLUCIÓN INYECTABLE 0,5 mg/5 mL","12/26/2005","LABORATORIO SANDERSON SpA","FLUMAZENIL",""
"","F-26804/22","FLUMAZENIL SOLUCIÓN INYECTABLE 0,5 mg/5 mL","5/18/2022","NEOETHICALS CHILE S.p.A.","FLUMAZENIL",""
"","F-25320/25","FLUNARIZINA COMPRIMIDOS 10 mg","2/25/2020","LABORATORIO PASTEUR S.A.","FLUNARIZINA",""
"","F-11623/21","FLUNARIZINA DICLORHIDRATO COMPRIMIDOS 5 mg","5/27/1993","LABORATORIO PASTEUR S.A.","FLUNARIZINA",""
"","F-18714/21","FLUNUTRAC CREMA TÓPICA 0,05%","7/1/2011","ISDIN CHILE LTDA.","FLUTICASONA PROPIONATO",""
"","F-24743/24","FLUOMIZIN COMPRIMIDOS VAGINALES 10 mg (CLORURO DE DECUALINIO)","4/1/2019","EXELTIS CHILE S.p.A.","DECUALINIO CLORURO",""
"","F-23630/22","FLUORESCEÍNA SÓDICA SOLUCIÓN INYECTABLE 500 mg/ 5 mL","10/30/2017","REUTTER S.A.","FLUORESCEINA",""
"","F-29312/25","FLUORESCEÍNA SÓDICA SOLUCIÓN INYECTABLE 500 mg/5 mL","11/5/2025","SERVICIOS Y COMERCIALIZADORA DE INSUMOS MÉDICOS LTDA. MEDICAL CHOICE","FLUORESCEÍNA SÓDICA",""
"","F-22776/21","FLUOROURACILO SOLUCIÓN CONCENTRADA PARA PERFUSION 1000 mg/ 20 mL","6/14/2016","SANDOZ CHILE S.p.A.","FLUOROURACILO",""
"","F-24548/24","FLUOROURACILO SOLUCION CONCENTRADA PARA PERFUSION 5000 mg/100 mL","1/14/2019","SANDOZ CHILE S.p.A.","FLUOROURACILO",""
"","F-24513/24","FLUOROURACILO SOLUCIÓN INYECTABLE 1000 mg/ 20 mL","1/3/2019","FARMACÉUTICA XENIUS SPA","FLUOROURACILO",""
"","F-23168/21","FLUOROURACILO SOLUCIÓN INYECTABLE 1000 mg/20 mL","11/14/2016","FRESENIUS KABI CHILE LTDA.","FLUOROURACILO",""
"","F-27358/23","FLUOROURACILO SOLUCIÓN INYECTABLE 1000 mg/20 mL","2/28/2023","SEVEN PHARMA CHILE S.p.A.","FLUOROURACILO",""
"","F-23173/21","FLUOROURACILO SOLUCIÓN INYECTABLE 2500 mg/50 mL","11/14/2016","FRESENIUS KABI CHILE LTDA.","FLUOROURACILO",""
"","F-27364/23","FLUOROURACILO SOLUCION INYECTABLE 500 mg/10 mL","3/6/2023","SEVEN PHARMA CHILE S.p.A.","FLUOROURACILO",""
"","F-27847/23","FLUOROURACILO SOLUCIÓN INYECTABLE 500 mg/10 mL","9/26/2023","DIFEM LABORATORIOS S.A.","FLUOROURACILO",""
"","F-23091/21","FLUOROURACILO SOLUCIÓN INYECTABLE 5000 mg/100 mL","9/27/2016","FRESENIUS KABI CHILE LTDA.","FLUOROURACILO",""
"","F-24512/24","FLUOROURACILO SOLUCIÓN INYECTABLE 5000 mg/100 mL","1/3/2019","FARMACÉUTICA XENIUS SPA","FLUOROURACILO",""
"","F-23654/22","FLUOXETINA CÁPSULAS 20 mg","12/11/2017","OPKO CHILE S.A.","FLUOXETINA",""
"","F-9892/21","FLUOXETINA COMPRIMIDOS 20 mg","12/18/1996 1:10","MINTLAB Co. S.A.","FLUOXETINA",""
"","F-467/23","FLUOXETINA COMPRIMIDOS 20 mg","5/12/1998","INSTITUTO SANITAS S.A.","FLUOXETINA",""
"","F-8411/21","FLUOXETINA COMPRIMIDOS 20 mg","5/30/1996","LABORATORIO CHILE S.A.","FLUOXETINA",""
"","F-23942/23","FLUSACORT 25/125 AEROSOL PARA INHALACIÓN ORAL","7/17/2018","SEVEN PHARMA CHILE S.p.A.","FLUTICASONA PROPIONATO//SALMETEROL",""
"","F-23941/23","FLUSACORT 25/250 AEROSOL PARA INHALACIÓN ORAL.","7/17/2018","SEVEN PHARMA CHILE S.p.A.","FLUTICASONA PROPIONATO//SALMETEROL",""
"","F-12931/23","FLUSONA CREMA TÓPICA 0,05% (FLUTICASONA PROPIONATO)","6/24/2003","LABORATORIOS LAFI LTDA.","FLUTICASONA PROPIONATO",""
"","F-19551/22","FLUSONA LOCIÓN TÓPICA 0,05%","7/25/2012","LABORATORIOS LAFI LTDA.","FLUTICASONA PROPIONATO",""
"","F-25280/25","FLUTAMIDA COMPRIMIDOS 250 mg","2/7/2020","BLAU FARMACEUTICA CHILE S.p.A.","FLUTAMIDA",""
"","F-24349/23","FLUTICASONA CREMA TÓPICA 0,05%","11/22/2018","LABORATORIO HOSPIFARMA CHILE LTDA.","FLUTICASONA PROPIONATO",""
"","F-25973/21","FLUTICASONA PROPIONATO CREMA TÓPICA 0,05 %","2/8/2021","DROGUERÍA GLOBAL PHARMA S.p.A.","FLUTICASONA PROPIONATO",""
"","F-10665/21","FLUTIVATE CREMA TÓPICA 0,05% (FLUTICASONA)","7/1/1993","GLAXOSMITHKLINE CHILE FARMACÉUTICA LTDA.","FLUTICASONA PROPIONATO",""
"","F-5591/25","FLUXUS COMPRIMIDOS 10 mg","7/24/1986 2:10","TECNOFARMA S.A.","FLUNARIZINA",""
"","F-19061/21","FOLACID COMPRIMIDOS 1 mg","11/9/2011 2:10","ITF - LABOMED FARMACÉUTICA LTDA.","ACIDO FOLICO",""
"","F-2871/25","FOLACID COMPRIMIDOS 5 mg","2/9/2000","ITF - LABOMED FARMACÉUTICA LTDA.","ACIDO FOLICO",""
"","F-8558/21","FOLIFER CÁPSULAS CON GRÁNULOS CON HIERRO DE LIBERACIÓN PROLONGADA","11/2/1992","SYNTHON CHILE LTDA.","ACIDO ASCORBICO//ACIDO FOLICO//CIANOCOBALAMINA//HIERRO FUMARATO",""
"","F-15588/21","FOLIPIL COMPRIMIDOS RECUBIERTOS 1 mg","6/23/2006","MEGALABS CHILE S.A.","FINASTERIDA",""
"","F-16651/22","FOLISANIN COMPRIMIDOS 0,4 mg","12/31/2007","INSTITUTO SANITAS S.A.","ACIDO FOLICO",""
"","F-8958/26","FOLISANIN COMPRIMIDOS 1 mg","1/16/1990 2:10","INSTITUTO SANITAS S.A.","ACIDO FOLICO",""
"","F-7505/21","FOLISANIN COMPRIMIDOS 5 mg","3/23/2001","INSTITUTO SANITAS S.A.","ACIDO FOLICO",""
"","B-1907/25","FOLTRAN SOLUCIÓN INYECTABLE 300 mcg/1 mL (FILGRASTIM)","12/5/2005","MEGALABS CHILE S.A.","FILGRASTIM",""
"","F-21285/24","FORFLOW SOLUCIÓN PARA ENEMA","7/28/2014 2:10","FAES FARMA CHILE, SALUD Y NUTRICIÓN SpA","SODIO FOSFATO",""
"","F-24462/23","FORLIP COMPRIMIDOS RECUBIERTOS 10 mg (ROSUVASTATINA)","12/17/2018","ASCEND LABORATORIES S.p.A.","ROSUVASTATINA",""
"","F-24463/23","FORLIP COMPRIMIDOS RECUBIERTOS 20 mg (ROSUVASTATINA)","12/17/2018","ASCEND LABORATORIES S.p.A.","ROSUVASTATINA",""
"","F-8959/21","FORTAVIL CÁPSULAS BLANDAS","4/21/1995","INSTITUTO SANITAS S.A.","ACIDO ASCORBICO//CALCIO CARBONATO//CALCIO PANTOTENATO//CIANOCOBALAMINA//COBALTO SULFATO//COBRE SULFATO//COLECALCIFEROL//DEANOL//EXTRACTO GINSENG//HIERRO FUMARATO//MAGNESIO SULFATO//MANGANESO SULFATO//NICOTINAMIDA//PIRIDOXINA//POTASIO SULFATO//RETINOL//RIBOFLAVINA//RUTINA//SODIO FLUORURO//TIAMINA//TOCOFEROL//ZINC SULFATO",""
"","B-1773/24","FORTEO SOLUCIÓN INYECTABLE 250 mcg/mL (TERIPARATIDA RECOMBINANTE) ","1/27/2004","TECNOFARMA S.A.","TERIPARATIDA",""
"","F-23946/23","FORXIGA COMPRIMIDOS RECUBIERTOS 10 mg (DAPAGLIFLOZIN)","7/18/2018","ASTRAZENECA S.A.","DAPAGLIFLOZINA",""
"","F-24002/23","FOSCARNET SÓDICO HEXAHIDRATO SOLUCIÓN INYECTABLE 24 mg/ml","8/3/2018","REPRESENTACIONES BIOTEC S.p.A.","FOSCARNET",""
"","F-27647/23","FOSCARNET SÓDICO HEXAHIDRATO SOLUCIÓN INYECTABLE 24 mg/mL","7/10/2023","REPRESENTACIONES BIOTEC S.p.A.","FOSCARNET",""
"","F-27735/23","FOSCARNET SÓDICO HEXAHIDRATO SOLUCIÓN INYECTABLE 24 mg/mL","8/9/2023","FARMEDICAL S.p.A.","FOSCARNET",""
"","F-3037/25","FOSFATO MONOPOTÁSICO SOLUCIÓN INYECTABLE 1,5 g/10 mL","8/13/1984 1:10","LABORATORIO BIOSANO S.A.","POTASIO FOSFATO",""
"","F-13020/23","FOSFO-DOM SOLUCIÓN ORAL (SODIO FOSFATO MONOBÁSICO MONOHIDRATADO/SODIO FOSFATO DIBÁSICO HEPTAHIDRATO)","7/31/2003","BPH S.A.","SODIO FOSFATO",""
"","F-26478/21","FOSFOMICINA GRÁNULOS PARA SOLUCIÓN ORAL 3 g, EN SOBRES","11/2/2021","NEOETHICALS CHILE S.p.A.","FOSFOMICINA",""
"","F-25295/25","FOSFOMICINA LUAR POLVO PARA SOLUCIÓN INYECTABLE 1 g (FOSFOMICINA)","2/7/2020","REPRESENTACIONES BIOTEC S.p.A.","FOSFOMICINA",""
"","F-22845/21","FOSFOSODA SOLUCIÓN ORAL","7/14/2016 2:10","SYNTHON CHILE LTDA.","FOSFATO DISODICO//SODIO FOSFATO",""
"","B-2782/24","FRAGMIN SOLUCIÓN INYECTABLE 10.000 U.I. antiXa /1 mL (dalteparina sódica)","11/18/2019","PFIZER CHILE S.A.","DALTEPARINA SODICA",""
"","B-2779/24","FRAGMIN SOLUCIÓN INYECTABLE 2500 U.I. antiXa / 0,2 mL (DALTEPARINA SÓDICA)","11/18/2019","PFIZER CHILE S.A.","DALTEPARINA SODICA",""
"","B-2780/24","FRAGMIN SOLUCIÓN INYECTABLE 5.000 U.I. antiXa / 0,2 mL (DALTEPARINA SODICA)","11/18/2019","PFIZER CHILE S.A.","DALTEPARINA SODICA",""
"","B-2781/24","FRAGMIN SOLUCIÓN INYECTABLE 7.500 U.I. antiXa / 0,3 mL (DALTEPARINA SÓDICA)","11/18/2019","PFIZER CHILE S.A.","DALTEPARINA SODICA",""
"","F-22752/21","FRENALER D CÁPSULAS CON GRÁNULOS DE LIBERACIÓN SOSTENIDA","6/1/2016","LABORATORIO CHILE S.A.","LORATADINA//PSEUDOEFEDRINA",""
"","F-8415/21","FRENALER-D JARABE INFANTIL","3/1/1997","LABORATORIO CHILE S.A.","LORATADINA//PSEUDOEFEDRINA",""
"","F-19393/22","FRENOTOS CÁPSULAS","4/26/2012","LABORATORIOS RECALCINE S.A.","CLOFEDANOL//CLORFENAMINA//FENILEFRINA",""
"","F-19195/22","FRENOTOS JARABE","1/10/2012","LABORATORIOS RECALCINE S.A.","CLOFEDANOL//CLORFENAMINA//FENILEFRINA",""
"","F-3479/25","FTALILSULFACETAMIDA + NIFUROXAZIDA COMPRIMIDOS","11/18/1952 2:10","INSTITUTO SANITAS S.A.","FTALILSULFATIAZOL//NIFUROXAZIDA",""
"","F-11389/21","FUCICORT CREMA DÉRMICA","5/2/1991","LABORATORIOS BIOPAS S.A.","ACIDO FUSIDICO//BETAMETASONA",""
"","F-6653/25","FUCIDIN CREMA DÉRMICA 2%","2/17/1988 2:10","LABORATORIOS BIOPAS S.A.","ACIDO FUSIDICO",""
"","F-24201/23","FULVESTRANT SOLUCIÓN INYECTABLE 250 mg/ 5 mL","10/22/2018","SANDOZ CHILE S.p.A.","FULVESTRANT",""
"","F-26863/22","FULVESTRANT SOLUCIÓN INYECTABLE 250 mg/ 5 mL","6/22/2022","SEVEN PHARMA CHILE S.p.A.","FULVESTRANT",""
"","F-27556/23","FULVESTRANT SOLUCIÓN INYECTABLE 250 mg/5 mL","6/2/2023","ALEMBIC PHARMACEUTICALS S.p.A.","FULVESTRANT",""
"","F-21754/25","FULVESTRANT SOLUCIÓN INYECTABLE 250 mg/5 mL","3/17/2015 2:10","LABORATORIO LKM CHILE S.p.A.","FULVESTRANT",""
"","F-28299/24","FULVESTRANT SOLUCIÓN INYECTABLE 250 mg/5 mL","5/22/2024","KAMPAR S.A.","FULVESTRANT",""
"","F-5457/25","FUNGIUM CREMA TÓPICA 2%","7/22/1985 2:10","EUROLAB LTDA.","KETOCONAZOL",""
"","F-27766/23","FUNGODERM CREMA TÓPICA 2%","8/22/2023","LABORATORIO SCL LIMITADA","KETOCONAZOL",""
"","F-16817/23","FUNGOS 500 ÓVULOS 500 mg","5/20/2008","LABORATORIO PASTEUR S.A.","CLOTRIMAZOL",""
"","F-16818/23","FUNGOS ÓVULOS 100 mg","5/20/2008","LABORATORIO PASTEUR S.A.","CLOTRIMAZOL",""
"","F-27093/22","FUNGRA COMPRIMIDOS 250 mg (TERBINAFINA)","10/18/2022","NETWORK SOLUTION MEDICAL S.p.A.","TERBINAFINA",""
"","F-25753/25","FUNOMID COMPRIMIDOS RECUBIERTOS 14 mg (TERIFLUNOMIDA)","10/26/2020","VARIFARMA CHILE S.p.A.","TERIFLUNOMIDA",""
"","F-8962/21","FURAZOLIDONA FORTE SUSPENSIÓN ORAL","4/25/1996","INSTITUTO SANITAS S.A.","CAOLIN//FURAZOLIDONA//PECTINA",""
"","F-8961/21","FURAZOLIDONA INFANTIL SUSPENSIÓN ORAL","4/25/1996","INSTITUTO SANITAS S.A.","CAOLIN//FURAZOLIDONA//PECTINA",""
"","F-2274/24","FUROSEMIDA COMPRIMIDOS 40 mg","3/18/1971","LABORATORIO CHILE S.A.","FUROSEMIDA",""
"","F-11274/21","FUROSEMIDA COMPRIMIDOS 40 mg","12/2/1992","LABORATORIOS ANDRÓMACO S.A.","FUROSEMIDA",""
"","F-24498/23","FUROSEMIDA SOLUCIÓN INYECTABLE 20 mg/ 2 mL","12/26/2018","DIFEM LABORATORIOS S.A.","FUROSEMIDA",""
"","F-10110/21","FUROSEMIDA SOLUCIÓN INYECTABLE 20 mg/1 mL","12/13/2001","LABORATORIO BIOSANO S.A.","FUROSEMIDA",""
"","F-6156/25","FUROSEMIDA SOLUCIÓN INYECTABLE 20 mg/1 mL","8/3/1983 2:10","LABORATORIO SANDERSON SpA","FUROSEMIDA",""
"","F-7654/21","FUROSEMIDA SOLUCIÓN INYECTABLE 20 mg/2 mL","9/15/1992","LABORATORIO BIOSANO S.A.","FUROSEMIDA",""
"","F-25336/25","FUROSEMIDA SOLUCIÓN INYECTABLE 20 mg/2 mL","3/17/2020","BLAU FARMACEUTICA CHILE S.p.A.","FUROSEMIDA",""
"","F-25370/25","FUROSEMIDA SOLUCIÓN INYECTABLE 20 mg/2 mL","4/7/2020","SEVEN PHARMA CHILE S.p.A.","FUROSEMIDA",""
"","F-17881/24","FUSIMED CREMA TÓPICA 2%","12/31/2009","LABORATORIOS D & M PHARMA LTDA.","ACIDO FUSIDICO",""
"","F-17880/24","FUSIMED-B EMULSIÓN TÓPICA","12/31/2009","LABORATORIOS D & M PHARMA LTDA.","ACIDO FUSIDICO//BETAMETASONA",""
"","F-22353/25","FUSITOP COMPRIMIDOS RECUBIERTOS 200 mg (VORICONAZOL)","12/17/2015 2:10","PHARMATECH CHILE S.p.A.","VORICONAZOL",""
"","F-22354/25","FUSITOP LIOFILIZADO PARA SOLUCIÓN INYECTABLE 200 mg (VORICONAZOL)","12/17/2015 2:10","PHARMATECH CHILE S.p.A.","VORICONAZOL",""
"","F-25103/24","FYCOMPA COMPRIMIDOS RECUBIERTOS 2 mg (PERAMPANEL)","11/4/2019","LABORATORIO BIOTOSCANA FARMA S.p.A.","PERAMPANEL",""
"","F-25104/24","FYCOMPA COMPRIMIDOS RECUBIERTOS 4 mg (PERAMPANEL)","11/4/2019","LABORATORIO BIOTOSCANA FARMA S.p.A.","PERAMPANEL",""
"","F-25105/24","FYCOMPA COMPRIMIDOS RECUBIERTOS 6 mg (PERAMPANEL)","11/4/2019","LABORATORIO BIOTOSCANA FARMA S.p.A.","PERAMPANEL",""
"","F-25106/24","FYCOMPA COMPRIMIDOS RECUBIERTOS 8 mg (PERAMPANEL)","11/4/2019","LABORATORIO BIOTOSCANA FARMA S.p.A.","PERAMPANEL",""
"","F-24272/23","GAAP OFTENO PF SOLUCIÓN OFTÁLMICA 0,005% (LATANOPROST)","11/15/2018","GLOBAL MERCURY CHILE S.A.","LATANOPROST",""
"","F-15625/21","GAAP OFTENO SOLUCIÓN OFTÁLMICA 0,005% (LATANOPROST)","7/21/2006","GLOBAL MERCURY CHILE S.A.","LATANOPROST",""
"","F-23007/21","GABAPENTINA CÁPSULAS 300 mg","8/24/2016","ASCEND LABORATORIES S.p.A.","GABAPENTINA",""
"","F-26878/22","GABAPENTINA CÁPSULAS 300 mg","7/4/2022","SEVEN PHARMA CHILE S.p.A.","GABAPENTINA",""
"","F-26800/22","GABAPENTINA CÁPSULAS 400 mg","5/17/2022","SEVEN PHARMA CHILE S.p.A.","GABAPENTINA",""
"","F-23006/21","GABAPENTINA CÁPSULAS 400 mg","8/24/2016","ASCEND LABORATORIES S.p.A.","GABAPENTINA",""
"","F-25090/24","GABATA CÁPSULAS 300 mg ","10/18/2019","ASCEND LABORATORIES S.p.A.","GABAPENTINA",""
"","F-25471/25","GABATA CÁPSULAS 400 mg ","6/10/2020","ASCEND LABORATORIES S.p.A.","GABAPENTINA",""
"","F-13190/23","GABEX CÁPSULAS 300 mg","10/9/2003","LABORATORIOS ANDRÓMACO S.A.","GABAPENTINA",""
"","F-13189/23","GABEX CÁPSULAS 400 mg","10/9/2003","LABORATORIOS ANDRÓMACO S.A.","GABAPENTINA",""
"","F-14163/24","GABEX COMPRIMIDOS RECUBIERTOS 600 mg","9/24/2004","LABORATORIOS ANDRÓMACO S.A.","GABAPENTINA",""
"","F-14089/24","GABICTAL COMPRIMIDOS RECUBIERTOS 300 mg","9/16/2004","TECNOFARMA S.A.","GABAPENTINA",""
"","F-14090/24","GABICTAL COMPRIMIDOS RECUBIERTOS 400 mg","9/16/2004","TECNOFARMA S.A.","GABAPENTINA",""
"","F-27508/23","GADOFEROL CB 100000 CÁPSULAS BLANDAS 100.000 U.I. (COLECALCIFEROL)","5/15/2023","GADOR LTDA.","Colecalciferol",""
"","F-27507/23","GADOFEROL CB 50000 CÁPSULAS BLANDAS 50.000 U.I. (COLECALCIFEROL)","5/15/2023","GADOR LTDA.","Colecalciferol",""
"","F-20316/23","GADOVIST SOLUCIÓN INYECTABLE 1 mmol/mL","9/5/2013","BAYER S.A.","GADOBUTROL",""
"","F-21478/24","GALVUS COMPRIMIDOS 50 mg (VILDAGLIPTINA)","10/23/2014","NOVARTIS CHILE S.A.","VILDAGLIPTINA",""
"","F-27368/23","GALVUS COMPRIMIDOS 50 mg (Vildagliptina)","3/8/2023","NOVARTIS CHILE S.A.","VILDAGLIPTINA",""
"","F-25267/25","GALVUS MET 50/1000 COMPRIMIDOS RECUBIERTOS","2/5/2020","NOVARTIS CHILE S.A.","METFORMINA//VILDAGLIPTINA",""
"","F-27933/23","GALVUS MET 50/1000 COMPRIMIDOS RECUBIERTOS","11/17/2023","NOVARTIS CHILE S.A.","METFORMINA//VILDAGLIPTINA",""
"","F-27931/23","GALVUS MET 50/500 COMPRIMIDOS RECUBIERTOS","11/17/2023","NOVARTIS CHILE S.A.","METFORMINA//VILDAGLIPTINA",""
"","F-25263/25","GALVUS MET 50/500 COMPRIMIDOS RECUBIERTOS","2/5/2020","NOVARTIS CHILE S.A.","METFORMINA//VILDAGLIPTINA",""
"","F-25264/25","GALVUS MET 50/850 COMPRIMIDOS RECUBIERTOS","2/5/2020","NOVARTIS CHILE S.A.","METFORMINA//VILDAGLIPTINA",""
"","F-27932/23","GALVUS MET 50/850 COMPRIMIDOS RECUBIERTOS","11/17/2023","NOVARTIS CHILE S.A.","METFORMINA//VILDAGLIPTINA",""
"","F-20356/23","GAMALATE B6 COMPRIMIDOS RECUBIERTOS","9/10/2013","LABORATORIOS ANDRÓMACO S.A.","ACIDO GAMA AMINO BETA HIDROXI BUTIRICO//ACIDO GAMA AMINO BUTIRICO//BROMO GLUTAMATO MAGNESIO//PIRIDOXINA",""
"","F-19307/22","GAMALATE FORTE COMPRIMIDOS RECUBIERTOS","3/15/2012","LABORATORIOS ANDRÓMACO S.A.","ACIDO GAMA AMINO BETA HIDROXI BUTIRICO//ACIDO GAMA AMINO BUTIRICO//BROMO GLUTAMATO MAGNESIO//PIRIDOXINA",""
"","B-2193/21","GAMUNEX C 10% SOLUCIÓN PARA PERFUSIÓN","8/10/2011","GRIFOLS CHILE S.A.","INMUNOGLOBULINA HUMANA",""
"","F-23497/22","GANCICLOVIR LIOFILIZADO PARA SOLUCIÓN INYECTABLE 500 mg","6/22/2017","NEOETHICALS CHILE S.p.A.","Ganciclovir",""
"","F-27010/22","GANCICLOVIR LIOFILIZADO PARA SOLUCIÓN INYECTABLE 500 mg","8/24/2022","NEOETHICALS CHILE S.p.A.","GANCICLOVIR",""
"","F-25963/21","GANCICLOVIR LIOFILIZADO PARA SOLUCIÓN INYECTABLE 500 mg","2/1/2021","PHARMATECH CHILE S.p.A.","GANCICLOVIR",""
"","F-25682/25","GANCICLOVIR LIOFILIZADO PARA SOLUCIÓN INYECTABLE 500 mg","9/11/2020","REPRESENTACIONES BIOTEC S.p.A.","GANCICLOVIR",""
"","F-26376/21","GANCICLOVIR LIOFILIZADO PARA SOLUCIÓN INYECTABLE 500 mg, CON SOLVENTE","9/7/2021","LABVITALIS S.A.","GANCICLOVIR",""
"","F-16196/22","GANFORT SOLUCIÓN OFTÁLMICA","7/19/2007","ABBVIE PRODUCTOS FARMACÉUTICOS LTDA.","BIMATOPROST//TIMOLOL",""
"","F-23760/23","GANOCIP COMPRIMIDOS RECUBIERTOS 450 mg (VALGANCICLOVIR)","4/9/2018","INDOPHARMA S.A.","VALGANCICLOVIR",""
"","B-2554/25","GARDASIL 9 VACUNA NONAVALENTE ANTIVIRUS PAPILOMA HUMANO RECOMBINANTE ADSORBIDA, SUSPENSIÓN INYECTABLE","11/6/2015","MERCK SHARP & DOHME (I.A.) LLC","",""
"","B-1970/22","GARDASIL VACUNA TETRAVALENTE ANTI VIRUS PAPILOMA HUMANO (TIPOS 6, 11, 16, 18) RECOMBINANTE ADSORBIDA, SUSPENSIÓN INYECTABLE","3/21/2007","MERCK SHARP & DOHME (I.A.) LLC","",""
"","F-23245/21","GASTERINA SOLUCIÓN INYECTABLE 0,1 mg/1 mL (OCTREOTIDA ACETATO)","12/13/2016","GADOR LTDA.","OCTREOTIDA",""
"","F-27338/23","GASTREZOL 20 CÁPSULAS CON GRÁNULOS CON RECUBRIMIENTO ENTÉRICO 20 mg (ESOMEPRAZOL)","2/14/2023","OPKO CHILE S.A.","ESOMEPRAZOL",""
"","F-24598/24","GASTREZOL 20 COMPRIMIDOS CON RECUBRIMIENTO ENTÉRICO 20 mg","1/29/2019","OPKO CHILE S.A.","ESOMEPRAZOL",""
"","F-27339/23","GASTREZOL 40 CÁPSULAS CON GRÁNULOS CON RECUBRIMIENTO ENTÉRICO 40 mg","2/14/2023","OPKO CHILE S.A.","ESOMEPRAZOL",""
"","F-23525/22","GASTREZOL 40 COMPRIMIDOS CON RECUBRIMIENTO ENTÉRICO 40 mg","6/23/2017","OPKO CHILE S.A.","ESOMEPRAZOL",""
"","F-29301/25","GASTROLEN CÁPSULAS","9/16/2025","CHEMOPHARMA S.A.","BROMURO DE CLIDINIO;CLORDIAZEPOXIDO (CLORHIDRATO)",""
"","F-8732/21","GASTROLEN COMPRIMIDOS RECUBIERTOS","8/1/1995","CHEMOPHARMA S.A.","CLIDINIO BROMURO//CLORDIAZEPOXIDO","Psicotrópico"
"","F-25716/25","GATREL CÁPSULAS 12,5 mg (SUNITINIB)","10/7/2020","SYNTHON CHILE LTDA.","SUNITINIB",""
"","F-25881/25","GATREL CÁPSULAS 25 mg (SUNITINIB)","12/22/2020","SYNTHON CHILE LTDA.","SUNITINIB",""
"","F-25880/25","GATREL CÁPSULAS 50 mg (SUNITINIB)","12/22/2020","SYNTHON CHILE LTDA.","SUNITINIB",""
"","B-2402/24","GAZYVA RECOMBINANTE CONCENTRADO PARA SOLUCIÓN PARA PERFUSIÓN 1000 mg/40 mL","7/24/2014","ROCHE CHILE LTDA.","OBINUTUZUMAB",""
"","F-27544/23","GECLIX LIOFILIZADO PARA SOLUCIÓN INYECTABLE 50 mg","5/29/2023","PHARMATECH CHILE S.p.A.","TIGECICLINA",""
"","F-27595/23","GEFITERO CÁPSULAS 300 mg (GABAPENTINA )","6/23/2023","SEVEN PHARMA CHILE S.p.A.","GABAPENTINA",""
"","F-27594/23","GEFITERO CÁPSULAS 400 mg (GABAPENTINA )","6/23/2023","SEVEN PHARMA CHILE S.p.A.","GABAPENTINA",""
"","F-26727/22","GEFITINIB COMPRIMIDOS RECUBIERTOS 250 mg","4/6/2022","SIRON PHARMA S.p.A.","GEFITINIB",""
"","F-29406/26","GEFITINIB COMPRIMIDOS RECUBIERTOS 250 mg","1/19/2026","SOCIEDAD CONSULTORA IN HOUSE LTDA.","GEFITINIB",""
"","F-26388/21","GEFITINIB COMPRIMIDOS RECUBIERTOS 250 mg","9/13/2021","SEVEN PHARMA CHILE S.p.A.","GEFITINIB",""
"","F-25520/25","GEFITINIB COMPRIMIDOS RECUBIERTOS 250 mg (GEFITINIB)","6/30/2020","INDOPHARMA S.A.","GEFITINIB",""
"","F-23396/22","GEFTRA COMPRIMIDOS RECUBIERTOS 250 mg","3/27/2017","SEVEN PHARMA CHILE S.p.A.","GEFITINIB",""
"","F-23728/23","GELACNÉ GEL TÓPICO","3/9/2018","DEUTSCHE PHARMA S.A.","ADAPALENO//PEROXIDO DE BENZOILO",""
"","F-18781/21","GELASPAN SOLUCIÓN PARA PERFUSIÓN 4%","7/27/2011 2:10","B. BRAUN MEDICAL SpA","CALCIO CLORURO//GELATINA//MAGNESIO CLORURO//POTASIO CLORURO//SODIO ACETATO//SODIO CLORURO",""
"","F-14200/24","GELCAIN GEL BUCAL 2%","9/27/2004","LABORATORIO VALMA SPA","LIDOCAINA",""
"","F-649/23","GELODERM CREMA DÉRMICA 0,75%","7/29/1998","LABORATORIOS SMB FARMA S.A.","METRONIDAZOL",""
"","F-10234/21","GELODERM GEL TÓPICO 0,75%","5/29/1992","LABORATORIOS SMB FARMA S.A.","METRONIDAZOL",""
"","B-2845/25","GEMAPAXANE SOLUCIÓN INYECTABLE 100 mg/1mL (ENOXAPARINA SÓDICA)","11/13/2020","ITF - LABOMED FARMACÉUTICA LTDA.","ENOXAPARINA",""
"","B-2848/25","GEMAPAXANE SOLUCIÓN INYECTABLE 40 mg/0,4 mL (ENOXAPARINA SÓDICA)","11/13/2020","ITF - LABOMED FARMACÉUTICA LTDA.","ENOXAPARINA",""
"","B-2846/25","GEMAPAXANE SOLUCIÓN INYECTABLE 60 mg/0,6 mL (ENOXAPARINA SÓDICA)","11/13/2020","ITF - LABOMED FARMACÉUTICA LTDA.","ENOXAPARINA",""
"","B-2847/25","GEMAPAXANE SOLUCION INYECTABLE 80 mg/0,8mL (ENOXAPARINA SODICA)","11/13/2020","ITF - LABOMED FARMACÉUTICA LTDA.","ENOXAPARINA",""
"","F-22882/21","GEMCITABINA CONCENTRADO PARA SOLUCIÓN PARA INFUSIÓN 1000 mg/25 mL","7/19/2016 2:10","SANDOZ CHILE S.p.A.","GEMCITABINA",""
"","F-21277/24","GEMCITABINA CONCENTRADO PARA SOLUCIÓN PARA PERFUSIÓN 1 g/26,3 mL","7/28/2014","FRESENIUS KABI CHILE LTDA.","GEMCITABINA",""
"","F-22876/21","GEMCITABINA CONCENTRADO PARA SOLUCIÓN PARA PERFUSIÓN 200 mg/5 mL","7/19/2016 2:10","SANDOZ CHILE S.p.A.","GEMCITABINA",""
"","F-21278/24","GEMCITABINA CONCENTRADO PARA SOLUCIÓN PARA PERFUSIÓN 200 mg/5,26 mL","7/28/2014","FRESENIUS KABI CHILE LTDA.","GEMCITABINA",""
"","F-18755/21","GEMCITABINA LIOFILIZADO PARA SOLUCIÓN INYECTABLE 1 g","8/11/2011 2:10","LABORATORIO SANDERSON SpA","GEMCITABINA",""
"","F-18828/21","GEMCITABINA LIOFILIZADO PARA SOLUCIÓN INYECTABLE 1000 mg","8/16/2011","VARIFARMA CHILE S.p.A.","GEMCITABINA",""
"","F-24861/24","GEMCITABINA LIOFILIZADO PARA SOLUCIÓN INYECTABLE 1000 mg","5/30/2019","ALEMBIC PHARMACEUTICALS S.p.A.","GEMCITABINA",""
"","F-24005/23","GEMCITABINA LIOFILIZADO PARA SOLUCIÓN INYECTABLE 1g","8/6/2018","LABORATORIOS RAFFO S.A.","GEMCITABINA",""
"","F-23992/23","GEMCITABINA LIOFILIZADO PARA SOLUCION INYECTABLE 200 mg","8/7/2018","LABORATORIOS RAFFO S.A.","GEMCITABINA",""
"","F-18756/21","GEMCITABINA LIOFILIZADO PARA SOLUCIÓN INYECTABLE 200 mg","8/11/2011 2:10","LABORATORIO SANDERSON SpA","GEMCITABINA",""
"","F-28515/24","GEMCITABINA SOLUCIÓN CONCENTRADA PARA PERFUSIÓN 2g/52,6 mL","10/22/2024","FRESENIUS KABI CHILE LTDA.","GEMCITABINA",""
"","F-18626/21","GEMFIBROZILO COMPRIMIDOS 300 mg","5/9/2011","MINTLAB Co. S.A.","GEMFIBROZILO",""
"","F-18627/21","GEMFIBROZILO COMPRIMIDOS 600 mg","5/9/2011","MINTLAB Co. S.A.","GEMFIBROZILO",""
"","F-15121/25","GEMFIBROZILO COMPRIMIDOS 600 mg","9/20/2005","LABORATORIO PASTEUR S.A.","GEMFIBROZILO",""
"","F-23640/22","GEMFIBROZILO COMPRIMIDOS RECUBIERTOS 300 mg","11/16/2017","LABORATORIO CHILE S.A.","Gemfibrozilo",""
"","F-8422/26","GEMFIBROZILO COMPRIMIDOS RECUBIERTOS 600 mg","1/23/1992 2:10","LABORATORIO CHILE S.A.","GEMFIBROZILO",""
"","F-22355/25","GEMTERO LIOFILIZADO PARA SOLUCIÓN INYECTABLE 1000 mg","12/18/2015 2:10","SEVEN PHARMA CHILE S.p.A.","GEMCITABINA",""
"","F-22330/25","GEMTERO LIOFILIZADO PARA SOLUCIÓN INYECTABLE 200 mg","12/28/2015 2:10","SEVEN PHARMA CHILE S.p.A.","GEMCITABINA",""
"","F-23179/21","GEMZAR LIOFILIZADO PARA SOLUCIÓN INYECTABLE 1000 mg (GEMCITABINA)","11/18/2016","TECNOFARMA S.A.","GEMCITABINA",""
"","F-23180/21","GEMZAR LIOFILIZADO PARA SOLUCIÓN INYECTABLE 200 mg (GEMCITABINA)","11/18/2016","TECNOFARMA S.A.","GEMCITABINA",""
"","F-28143/24","GENCIA COMPRIMIDOS RECUBIERTOS 2,5 mg","3/13/2024","LABORATORIOS ELEA CHILE S.p.A.","APIXABAN",""
"","F-28144/24","GENCIA COMPRIMIDOS RECUBIERTOS 5 mg","3/13/2024","LABORATORIOS ELEA CHILE S.p.A.","APIXABAN",""
"","F-29303/25","GENERADOR Mo99/Tc99m DE COLUMNA SECA 100-3000 mCi","11/4/2025","POSITRONPHARMA S.A.","GENERADOR Mo99/Tc99M DE COLUMNA SECA",""
"","F-13966/24","GENIOL FLU COMPRIMIDOS RECUBIERTOS","7/16/2004","MINTLAB Co. S.A.","CLORFENAMINA//PARACETAMOL//PSEUDOEFEDRINA",""
"","F-15098/25","GENIOL FLU DN COMPRIMIDOS RECUBIERTOS","9/1/2005","MINTLAB Co. S.A.","CLORFENAMINA//PARACETAMOL//PSEUDOEFEDRINA",""
"","F-13927/24","GENIOL FLU JARABE","7/16/2004","MINTLAB Co. S.A.","CLORFENAMINA//PARACETAMOL//PSEUDOEFEDRINA//SACARINA",""
"","B-2690/23","GENOTROPIN LIOFILIZADO PARA SOLUCIÓN INYECTABLE 16 U.I./mL CON SOLVENTE (SOMATROPINA)","3/9/2018","PFIZER CHILE S.A.","SOMATROPINA",""
"","B-2691/23","GENOTROPIN LIOFILIZADO PARA SOLUCIÓN INYECTABLE 36 U.I./mL CON SOLVENTE (SOMATROPINA) ","3/9/2018","PFIZER CHILE S.A.","SOMATROPINA",""
"","B-2519/20","GENTABRAND UNGÜENTO OFTÁLMICO 0,3% (GENTAMICINA)","7/1/2015","PHARMABRAND CHILE LTDA.","GENTAMICINA",""
"","B-1802/24","GENTAMICINA CREMA DÉRMICA 0,1%","6/8/2004","MINTLAB Co. S.A.","GENTAMICINA",""
"","B-872/25","GENTAMICINA CREMA TÓPICA 0,1%","5/30/1989","LABORATORIO CHILE S.A.","GENTAMICINA",""
"","B-1988/22","GENTAMICINA SOLUCIÓN INYECTABLE 80 mg/2 mL","8/28/2007","LABVITALIS S.A.","GENTAMICINA",""
"","B-2632/21","GENTAMICINA SOLUCIÓN OFTÁLMICA 0,3 %","7/1/2016","LABORATORIO HOSPIFARMA CHILE LTDA.","GENTAMICINA",""
"","B-2654/21","GENTAMICINA SOLUCIÓN OFTÁLMICA 0,3%","10/14/2016","ASCEND LABORATORIES S.p.A.","GENTAMICINA",""
"","B-2638/21","GENTAMICINA SOLUCIÓN OFTÁLMICA 0,3%","7/18/2016","OPKO CHILE S.A.","GENTAMICINA",""
"","B-2250/22","GENTAMICINA UNGÜENTO OFTÁLMICO 0,3%","4/3/2012","ETHON PHARMACEUTICALS S.p.A.","GENTAMICINA",""
"","B-1243/21","GENTISAL SOLUCIÓN OFTÁLMICA 0,3%","3/25/1991","INSTITUTO SANITAS S.A.","GENTAMICINA",""
"","F-23383/22","GENVOYA COMPRIMIDOS RECUBIERTOS","3/14/2017","GADOR LTDA.","COBICISTAT//ELVITEGRAVIR//EMTRICITABINA//TENOFOVIR",""
"","F-21435/24","GESIX CÁPSULAS 200 mg (CELECOXIB)","10/2/2014","LABORATORIOS SAVAL S.A.","CELECOXIB",""
"","F-11097/21","GESTAVIT CÁPSULAS BLANDAS","3/20/1997","LABORATORIOS LAFI LTDA.","ACIDO ASCORBICO//ACIDO FOLICO//CALCIO FOSFATO//CALCIO PANTOTENATO//CIANOCOBALAMINA//COLECALCIFEROL//HIERRO GLUCONATO//NICOTINAMIDA//RETINOL//RIBOFLAVINA//TIAMINA//TOCOFEROL",""
"","F-22535/21","GESTEL CÁPSULAS BLANDAS 100 mg (PROGESTERONA)","3/21/2016 1:10","EXELTIS CHILE S.p.A.","PROGESTERONA",""
"","F-22580/21","GESTEL CÁPSULAS BLANDAS 200 mg (PROGESTERONA)","4/18/2016","EXELTIS CHILE S.p.A.","PROGESTERONA",""
"","F-25613/25","GESTROKEM-E 28 COMPRIMIDOS RECUBIERTOS ","8/4/2020","ASCEND LABORATORIES S.p.A.","ETINILESTRADIOL//LEVONORGESTREL",""
"","F-23150/21","GEZT LIOFILIZADO PARA SOLUCIÓN INYECTABLE 1000 mg","10/25/2016","LABORATORIOS RICHMOND CHILE LIMITADA","GEMCITABINA",""
"","F-23149/21","GEZT LIOFILIZADO PARA SOLUCIÓN INYECTABLE 200 mg (GEMCITABINA)","10/25/2016","LABORATORIOS RICHMOND CHILE LIMITADA","GEMCITABINA",""
"","F-18484/21","GIABRI COMPRIMIDOS 100 mg (CIPROFIBRATO)","1/25/2011","MERCK S.A.","CIPROFIBRATO",""
"","F-21589/24","GIANDA CD COMPRIMIDOS RECUBIERTOS (DIENOGEST / ETINILESTRADIOL MICRONIZADO)","12/9/2014 1:10","GRÜNENTHAL CHILENA LTDA.","DIENOGEST//ETINILESTRADIOL MICRONIZADO",""
"","F-17545/24","GIANDA COMPRIMIDOS RECUBIERTOS (DIENOGEST/ETINILESTRADIOL)","5/8/2009","GRÜNENTHAL CHILENA LTDA.","DIENOGEST//ETINILESTRADIOL",""
"","F-18557/21","GILENYA CÁPSULAS 0,5 mg","4/5/2011","NOVARTIS CHILE S.A.","FINGOLIMOD",""
"","F-2141/24","GINECOPAST DUAL ÓVULOS Y CREMA VAGINAL","10/21/1999 1:10","LABORATORIO PASTEUR S.A.","MICONAZOL//TINIDAZOL",""
"","F-15055/25","GINECOPAST ÓVULOS","8/18/2005","LABORATORIO PASTEUR S.A.","MICONAZOL//TINIDAZOL",""
"","F-8423/21","GINEDAZOL DUAL ÓVULOS Y CREMA VAGINAL","10/13/1992","LABORATORIO CHILE S.A.","MICONAZOL//TINIDAZOL",""
"","F-3946/25","GINEDAZOL ÓVULOS","8/2/1983 2:10","LABORATORIO CHILE S.A.","MICONAZOL//TINIDAZOL",""
"","N-399/25","GINEMAXIM COMPRIMIDOS 40 mg","5/3/2000","KNOP LABORATORIOS S.A.","",""
"","F-23521/22","GINESSE COMPRIMIDOS RECUBIERTOS (ETINILESTRADIOL MICRONIZADO / GESTODENO MICRONIZADO)","6/22/2017","DEUTSCHE PHARMA S.A.","ETINILESTRADIOL//GESTODENO",""
"","N-127/22","GINKGO BILOBA CÁPSULAS 40 mg","2/21/2002","KNOP LABORATORIOS S.A.","",""
"","N-552/25","GINKGO BILOBA CAPSULAS BLANDAS 40 mg","1/27/2015 2:10","MINTLAB Co. S.A.","",""
"","H-1001/21","GINKGO BILOBA T.M. SOLUCIÓN PARA GOTAS ORALES","12/5/1994","KNOP LABORATORIOS S.A.","",""
"","H-1131/23","GINKGO BILOBA TM SOLUCIÓN PARA GOTAS ORALES","6/4/2008","LAURA XIMENA POLANCO GONZÁLEZ","",""
"","N-450/22","GINKOMAX CÁPSULAS 80 mg","7/10/2007","MEGALABS CHILE S.A.","",""
"","F-26676/22","GINNA CREMA VAGINAL 2% (FENTICONAZOL NITRATO)","3/14/2022","EUROFARMA CHILE SpA","FENTICONAZOL",""
"","F-17800/24","GINODERM GEL 0,06%","10/21/1999","LABORATORIOS LAFI LTDA.","ESTRADIOL",""
"","F-24098/23","GINODERM GEL 0,5 mg/pulsación","9/10/2018","LABORATORIOS LAFI LTDA.","ESTRADIOL",""
"","F-22425/21","GINODIEST COMPRIMIDOS RECUBIERTOS","1/27/2016","ITF - LABOMED FARMACÉUTICA LTDA.","DIENOGEST//ETINILESTRADIOL",""
"","F-20364/23","GIOTRIF COMPRIMIDOS RECUBIERTOS 30 mg (AFATINIB)","9/12/2013","BOEHRINGER INGELHEIM LTDA.","AFATINIB",""
"","F-20365/23","GIOTRIF COMPRIMIDOS RECUBIERTOS 40 mg (AFATINIB)","9/12/2013","BOEHRINGER INGELHEIM LTDA.","AFATINIB",""
"","F-20363/23","GIOTRIF COMPRIMIDOS RECURBIERTOS 20 mg (AFATINIB)","9/12/2013","BOEHRINGER INGELHEIM LTDA.","AFATINIB",""
"","F-10050/21","GLAFORNIL 1000 COMPRIMIDOS RECUBIERTOS 1000 mg (METFORMINA CLORHIDRATO)","12/13/2001","MERCK S.A.","METFORMINA",""
"","F-122/22","GLAFORNIL 500 COMPRIMIDOS RECUBIERTOS 500 mg (METFORMINA CLORHIDRATO)","8/21/1997","MERCK S.A.","METFORMINA",""
"","F-10495/21","GLAFORNIL 850 COMPRIMIDOS RECUBIERTOS 850 mg (METFORMINA CLORHIDRATO)","8/30/1993","MERCK S.A.","METFORMINA",""
"","F-21095/24","GLAFORNIL XR 1000 COMPRIMIDOS DE LIBERACIÓN PROLONGADA 1000 mg (METFORMINA)","5/12/2014","MERCK S.A.","METFORMINA",""
"","F-20048/23","GLAFORNIL XR 500 COMPRIMIDOS DE LIBERACIÓN PROLONGADA 500 mg (METFORMINA CLORHIDRATO)","6/21/2013 2:10","MERCK S.A.","Metformina Clorhidrato",""
"","F-21094/24","GLAFORNIL XR 750 COMPRIMIDOS DE LIBERACIÓN PROLONGADA 750 mg","5/22/2014","MERCK S.A.","METFORMINA",""
"","F-26531/21","GLAFORNIL XR 850 COMPRIMIDOS DE LIBERACIÓN PROLONGADA 850 mg (METFORMINA CLORHIDRATO)","12/9/2021","MERCK S.A.","METFORMINA",""
"","F-28765/25","GLAMERAX COMPRIMIDOS RECUBIERTOS 10 mg (DAPAGLIFLOZINA)","3/25/2025","SRS LIFE SCIENCES CHILE S.p.A.","DAPAGLIFLOZINA PROPANODIOL",""
"","M-10/23","GLATIRAMER ACETATO SOLUCIÓN INYECTABLE 20 mg/1 mL","5/8/2018","SYNTHON PHARMA CHILE S.p.A.","GLATIRAMER",""
"","M-12/24","GLATIRAMER ACETATO SOLUCIÓN INYECTABLE 40 mg / 1 mL","4/2/2019","SYNTHON CHILE LTDA.","GLATIRAMER",""
"","M-11/23","GLATIRAMER ACETATO SOLUCIÓN INYECTABLE 40 mg/1 mL","5/9/2018","SYNTHON PHARMA CHILE S.p.A.","GLATIRAMER",""
"","F-22887/21","GLAUCOGESIC FREE SOLUCIÓN OFTÁLMICA 0,005% (LATANOPROST)","7/20/2016","LABORATORIOS RECALCINE S.A.","LATANOPROST",""
"","F-22892/21","GLAUCOGESIC T FREE SOLUCIÓN OFTÁLMICA","7/20/2016","LABORATORIOS RECALCINE S.A.","LATANOPROST//TIMOLOL",""
"","F-22122/25","GLAUCOPROST SOLUCIÓN OFTÁLMICA 0,004% (TRAVOPROST)","9/11/2015","MEGALABS CHILE S.A.","TRAVOPROST",""
"","F-11896/22","GLAUCOTENSIL SOLUCIÓN OFTÁLMICA 2% (DORZOLAMIDA)","2/1/2002","MEGALABS CHILE S.A.","DORZOLAMIDA",""
"","F-28211/24","GLAUCOTENSIL T SOLUCIÓN OFTÁLMICA","4/8/2024","MEGALABS CHILE S.A.","DORZOLAMIDA//TIMOLOL",""
"","F-11829/22","GLAUCOTENSIL-T SOLUCIÓN OFTÁLMICA","2/1/2002","MEGALABS CHILE S.A.","DORZOLAMIDA//TIMOLOL",""
"","F-22956/21","GLAUPAX 1000 XR COMPRIMIDOS DE LIBERACIÓN PROLONGADA 1000 mg (METFORMINA CLORHIDRATO)","8/5/2016","LABORATORIO PASTEUR S.A.","METFORMINA",""
"","F-16926/23","GLAUPAX 500 COMPRIMIDOS RECUBIERTOS 500 mg","8/1/2008","LABORATORIO PASTEUR S.A.","METFORMINA",""
"","F-22954/21","GLAUPAX 500 XR COMPRIMIDOS DE LIBERACIÓN PROLONGADA 500 mg (METFORMINA CLORHIDRATO)","8/5/2016","LABORATORIO PASTEUR S.A.","METFORMINA",""
"","F-22955/21","GLAUPAX 750 XR COMPRIMIDOS RECUBIERTOS DE LIBERACIÓN PROLONGADA 750 mg (METFORMINA CLORHIDRATO)","8/4/2016","LABORATORIO PASTEUR S.A.","METFORMINA",""
"","F-16925/23","GLAUPAX 850 COMPRIMIDOS RECUBIERTOS 850 mg","8/1/2008","LABORATORIO PASTEUR S.A.","METFORMINA",""
"","F-27284/23","GLAUPAX COMPRIMIDOS RECUBIERTOS 500 mg","1/16/2023","LABORATORIO PASTEUR S.A.","METFORMINA",""
"","F-27008/22","GLAUPAX COMPRIMIDOS RECUBIERTOS 850 mg","8/24/2022","LABORATORIO PASTEUR S.A.","METFORMINA",""
"","F-26526/21","GLAUSOLETS ADVANCED SOLUCIÓN OFTÁLMICA","12/6/2021","LABORATORIOS SMB FARMA S.A.","DORZOLAMIDA//TIMOLOL",""
"","F-14275/24","GLAUSOLETS PLUS SOLUCIÓN OFTÁLMICA","11/4/2004","LABORATORIOS SMB FARMA S.A.","DORZOLAMIDA//TIMOLOL",""
"","F-28064/24","GLEMAZ COMPRIMIDOS 4 mg (GLIMEPIRIDA)","1/24/2024","LABORATORIO BAGÓ DE CHILE S.A.","GLIMEPIRIDA",""
"","F-3947/25","GLIBENCLAMIDA COMPRIMIDOS 5 mg","6/23/1988 2:10","LABORATORIO CHILE S.A.","GLIBENCLAMIDA",""
"","F-9896/21","GLIBENCLAMIDA COMPRIMIDOS 5 mg","5/19/1993","MINTLAB Co. S.A.","GLIBENCLAMIDA",""
"","F-15406/21","GLICENEX COMPRIMIDOS RECUBIERTOS 500 mg","2/1/2006","LABORATORIO BAGÓ DE CHILE S.A.","METFORMINA",""
"","F-14047/24","GLICENEX COMPRIMIDOS RECUBIERTOS 850 mg","8/9/2004","LABORATORIO BAGÓ DE CHILE S.A.","METFORMINA",""
"","F-23947/23","GLICENEX SR COMPRIMIDOS DE LIBERACIÓN PROLONGADA 1000 mg (METFORMINA CLORHIDRATO)","7/18/2018","LABORATORIO BAGÓ DE CHILE S.A.","METFORMINA",""
"","F-17102/23","GLICENEX SR COMPRIMIDOS DE LIBERACIÓN PROLONGADA 500 mg","10/12/2008","LABORATORIO BAGÓ DE CHILE S.A.","METFORMINA",""
"","F-17224/23","GLICENEX SR COMPRIMIDOS DE LIBERACIÓN PROLONGADA 750 mg (METFORMINA)","12/30/2008","LABORATORIO BAGÓ DE CHILE S.A.","METFORMINA",""
"","F-509/23","GLICINA SOLUCIÓN PARA IRRIGACIÓN UROLÓGICA 1,5%","5/12/1998","INDUSTRIAL Y COMERCIAL BAXTER DE CHILE LTDA.","GLICINA",""
"","F-28822/25","GLICOPIRRONIO/FORMOTEROL FUMARATO 12,5/12,0 POLVO PARA INHALACIÓN EN CÁPSULAS","4/28/2025","GLENMARK FARMACEUTICA S.p.A.","FORMOTEROL FUMARATO (DIHIDRATO);GLICOPIRRONIO BROMHIDRATO",""
"","F-25167/24","GLICOSOL 1000 XR COMPRIMIDOS DE LIBERACION PROLONGADA 1.000 mg (METFORMINA CLORHIDRATO)","12/16/2019","OPKO CHILE S.A.","METFORMINA",""
"","F-25165/24","GLICOSOL 500 XR COMPRIMIDOS DE LIBERACION PROLONGADA 500 mg (METFORMINA CLORHIDRATO)","12/16/2019","OPKO CHILE S.A.","METFORMINA",""
"","F-25166/24","GLICOSOL 750 XR COMPRIMIDOS DE LIBERACION PROLONGADA 750 mg (METFORMINA CLORHIDRATO)","12/16/2019","OPKO CHILE S.A.","METFORMINA",""
"","F-21588/24","GLICOSOL COMPRIMIDOS RECUBIERTOS 850 mg","12/10/2014","OPKO CHILE S.A.","METFORMINA",""
"","F-23951/23","GLICOSOL COMPRIMIDOS RECUBIERTOS 850 mg (METFORMINA CLORHIDRATO)","7/23/2018","OPKO CHILE S.A.","METFORMINA",""
"","F-25909/26","GLICOSOL COMPRIMIDOS RECUBIERTOS 850 mg (METFORMINA CLORHIDRATO)","1/12/2021","OPKO CHILE S.A.","METFORMINA",""
"","F-28564/24","GLICOSOL HIPO 50/1000 COMPRIMIDOS RECUBIERTOS","11/5/2024","OPKO CHILE S.A.","METFORMINA//VILDAGLIPTINA",""
"","F-28563/24","GLICOSOL HIPO 50/850 COMPRIMIDOS RECUBIERTOS","11/5/2024","OPKO CHILE S.A.","METFORMINA//VILDAGLIPTINA",""
"","F-7151/25","GLIFORTEX COMPRIMIDOS RECUBIERTOS 850 mg","11/9/2000","LABORATORIOS ANDRÓMACO S.A.","METFORMINA",""
"","F-24097/23","GLIFORTEX XR 1000 COMPRIMIDOS RECUBIERTOS DE LIBERACIÓN PROLONGADA 1000 mg (METFORMINA CLORHIDRATO)","9/10/2018","LABORATORIOS ANDRÓMACO S.A.","METFORMINA",""
"","F-16216/22","GLIFORTEX XR 500 COMPRIMIDOS RECUBIERTOS DE LIBERACIÓN PROLONGADA 500 mg","7/31/2007","LABORATORIOS ANDRÓMACO S.A.","METFORMINA",""
"","F-20012/23","GLIFORTEX XR COMPRIMIDOS RECUBIERTOS DE LIBERACION PROLONGADA 750 mg (METFORMINA CLORHIDRATO GRÁNULOS CD 95% / METFORMINA CLORHIDRATO 95,0%)","6/11/2013","LABORATORIOS ANDRÓMACO S.A.","METFORMINA",""
"","F-12968/23","GLIFORTEX-G 500/5,0 COMPRIMIDOS RECUBIERTOS","6/24/2003","LABORATORIOS ANDRÓMACO S.A.","GLIBENCLAMIDA//METFORMINA",""
"","F-25911/26","GLIKEM COMPRIMIDOS DE LIBERACIÓN PROLONGADA 60 mg (GLICLAZIDA)","1/12/2021","ASCEND LABORATORIES S.p.A.","GLICLAZIDA",""
"","F-23018/21","Glimefor Comprimidos Recubiertos 1000 mg","8/26/2016","ASCEND LABORATORIES S.p.A.","METFORMINA",""
"","F-23097/21","GLIMEFOR COMPRIMIDOS RECUBIERTOS 850 mg","9/28/2016","ASCEND LABORATORIES S.p.A.","METFORMINA",""
"","F-25084/24","GLIMEFOR XR 1000 mg COMPRIMIDOS DE LIBERACIÓN PROLONGADA ","10/9/2019","ASCEND LABORATORIES S.p.A.","METFORMINA",""
"","F-23720/23","GLIMEFOR XR 500 mg","2/13/2018","ASCEND LABORATORIES S.p.A.","METFORMINA",""
"","F-25856/25","GLIMEFOR XR COMPRIMIDOS DE LIBERACIÓN PROLONGADA 1000 mg ( METFORMINA CLORHIDRATO)","12/9/2020","ASCEND LABORATORIES S.p.A.","METFORMINA",""
"","F-23889/23","GLIMEFOR XR COMPRIMIDOS DE LIBERACIÓN PROLONGADA 750 mg","6/22/2018","ASCEND LABORATORIES S.p.A.","METFORMINA",""
"","F-25541/25","GLIMEKEM COMPRIMIDOS 4 mg","7/7/2020","ASCEND LABORATORIES S.p.A.","GLIMEPIRIDA",""
"","F-26078/21","GLIOLAN LIOFILIZADO PARA SOLUCIÓN ORAL 1,5 g (ÁCIDO 5-AMINO LEVULÍNICO)","4/15/2021","KAMPAR S.A.","ACIDO AMINOLEVULINICO",""
"","F-26853/22","GLIRRON SOLUCIÓN INYECTABLE 100 mg/ 5 mL (HIERRO)","6/15/2022","PISA FARMACÉUTICA DE CHILE S.p.A.","HIERRO SACARATO",""
"","F-26027/21","GLIVEC COMPRIMIDOS RECUBIERTOS 100 mg (IMATINIB)","3/15/2021","NOVARTIS CHILE S.A.","IMATINIB",""
"","F-26146/21","GLIVEC COMPRIMIDOS RECUBIERTOS 400 mg (IMATINIB)","5/10/2021","NOVARTIS CHILE S.A.","IMATINIB",""
"","F-26100/21","GLUAMET 50/850 COMPRIMIDOS RECUBIERTOS","4/21/2021","MERCK S.A.","METFORMINA//VILDAGLIPTINA",""
"","B-2706/23","GLUCAGEN HYPOKIT LIOFILIZADO PARA SOLUCIÓN INYECTABLE 1 mg CON SOLVENTE (GLUCAGON CLORHIDRATO)","7/30/2018","NOVO NORDISK FARMACÉUTICA LTDA.","GLUCAGON",""
"","B-2914/21","GLUCAGEN HYPOKIT LIOFILIZADO PARA SOLUCIÓN INYECTABLE 1 mg CON SOLVENTE (GLUCAGÓN CLORHIDRATO)","2/3/2022","NOVO NORDISK FARMACÉUTICA LTDA.","GLUCAGON",""
"","F-10607/21","GLUCOFERROK JARABE","11/28/1994","KNOP LABORATORIOS S.A.","HIERRO GLUCONATO",""
"","H-967/21","GLUCOFERROK SOLUCIÓN PARA GOTAS ORALES","11/28/1994","KNOP LABORATORIOS S.A.","",""
"","F-22097/25","GLUCONATO DE CALCIO SOLUCION INYECTABLE 10%","8/26/2015 1:10","FRESENIUS KABI CHILE LTDA.","CALCIO GLUCONATO",""
"","F-29373/25","GLUCONATO DE CALCIO SOLUCION INYECTABLE 10%","12/19/2025","DIFEM LABORATORIOS S.A.","GLUCONATO DE CALCIO",""
"","F-6157/25","GLUCONATO DE CALCIO SOLUCIÓN INYECTABLE 10%","11/25/1982 2:10","LABORATORIO SANDERSON SpA","GLUCONATO DE CALCIO//SACARATO DE CALCIO",""
"","F-3362/25","GLUCONATO DE CALCIO SOLUCIÓN INYECTABLE 10%","4/17/2000 1:10","LABORATORIO BIOSANO S.A.","CALCIO GLUCONATO",""
"","F-26319/21","GLUCONATO DE CALCIO SOLUCIÓN INYECTABLE 10%","8/9/2021","PISA FARMACÉUTICA DE CHILE S.p.A.","CALCIO GLUCONATO",""
"","F-25235/25","GLUCONATO DE CALCIO SOLUCIÓN INYECTABLE 10%","1/21/2020","DIFEM LABORATORIOS S.A.","CALCIO GLUCONATO",""
"","F-23969/23","GLUCOPHAGE 1000 COMPRIMIDOS RECUBIERTOS 1000 mg (METFORMINA CLORHIDRATO)","7/24/2018","MERCK S.A.","METFORMINA",""
"","F-23968/23","GLUCOPHAGE 500 COMPRIMIDOS RECUBIERTOS 500 mg (METFORMINA CLORHIDRATO)","7/24/2018","MERCK S.A.","METFORMINA",""
"","F-23967/23","GLUCOPHAGE 850 COMPRIMIDOS RECUBIERTOS 850 mg (METFORMINA CLORHIDRATO)","7/24/2018","MERCK S.A.","METFORMINA",""
"","F-13664/24","GLUCOSA HIPERTÓNICA SOLUCIÓN INYECTABLE 10%","4/19/2004","LABORATORIO SANDERSON SpA","GLUCOSA",""
"","F-13488/24","GLUCOSA HIPERTÓNICA SOLUCIÓN INYECTABLE 30%","1/30/2004","LABORATORIO SANDERSON SpA","GLUCOSA",""
"","F-29365/25","GLUCOSA HIPERTÓNICA SOLUCIÓN INYECTABLE 30% ","12/15/2025","DIFEM LABORATORIOS S.A.","GLUCOSA",""
"","F-28392/24","GLUCOSA HIPERTÓNICA SOLUCIÓN INYECTABLE 30%","7/23/2024","BPH S.A.","GLUCOSA",""
"","F-2492/24","GLUCOSA HIPERTÓNICA SOLUCIÓN INYECTABLE 50%","11/27/1975","LABORATORIO SANDERSON SpA","GLUCOSA",""
"","F-13693/24","GLUCOSA ISOTÓNICA SOLUCIÓN INYECTABLE 5%","4/28/2004","LABORATORIO SANDERSON SpA","GLUCOSA",""
"","F-19759/23","GLUCOSA SOLUCIÓN INYECTABLE 5%","2/7/2013","EUROFARMA CHILE SpA","GLUCOSA",""
"","F-26343/21","GLUCOSA SOLUCIÓN PARA PERFUSIÓN 5%","8/17/2021","COMERCIAL APOTECARE S.p.A.","GLUCOSA",""
"","F-28784/25","GLUCOSALINO ISOTÓNICO SOLUCIÓN INYECTABLE","4/8/2025","VITAFARMA S.A.","CLORURO DE SODIO ;GLUCOSA anhidra",""
"","F-25052/24","GLUCOSAN 1000 XR COMPRIMIDOS RECUBIERTOS DE LIBERACIÓN PROLONGADA 1 g (METFORMINA CLORHIDRATO)","9/12/2019","INSTITUTO SANITAS S.A.","METFORMINA",""
"","F-25113/24","GLUCOSAN 750 XR COMPRIMIDOS RECUBIERTOS DE LIBERACIÓN PROLONGADA 750 mg (METFORMINA CLORHIDRATO)","11/4/2019","INSTITUTO SANITAS S.A.","METFORMINA",""
"","F-25871/25","GLUCOSAN XR 500 COMPRIMIDOS RECUBIERTOS DE LIBERACIÓN PROLONGADA 500 mg (METFORMINA CLORHIDRATO)","12/18/2020","INSTITUTO SANITAS S.A.","METFORMINA",""
"","F-17838/24","GLUCOVANCE 1000/5 COMPRIMIDOS RECUBIERTOS","11/13/2009","MERCK S.A.","GLIBENCLAMIDA//METFORMINA",""
"","F-9763/21","GLUCOVANCE 500/5 COMPRIMIDOS RECUBIERTOS","11/14/2001 1:10","MERCK S.A.","GLIBENCLAMIDA//METFORMINA",""
"","F-19194/22","GLYCOPHOS SOLUCIÓN CONCENTRADA PARA INFUSIÓN 21,6 %","1/6/2012","FRESENIUS KABI CHILE LTDA.","SODIO GLICEROFOSFATO",""
"","F-20396/24","GLYPRESSIN LIOFILIZADO PARA SOLUCIÓN INYECTABLE 1 mg CON SOLVENTE (TERLIPRESINA ACETATO)","4/26/1999","FERRING PRODUCTOS FARMACÉUTICOS SpA","TERLIPRESINA",""
"","F-23131/21","GLYXAMBI 25/5 COMPRIMIDOS RECUBIERTOS","10/24/2016","BOEHRINGER INGELHEIM LTDA.","EMPAGLIFLOZINA//LINAGLIPTINA",""
"","F-27781/23","GLYXAMBI 25/5 COMPRIMIDOS RECUBIERTOS","8/23/2023","BOEHRINGER INGELHEIM LTDA.","EMPAGLIFLOZINA//LINAGLIPTINA",""
"","F-25116/24","GOBBIFOL EMULSIÓN INYECTABLE 10 mg/ 1 mL (Propofol)","11/6/2019","DIHEMO CHILE S.p.A.","PROPOFOL",""
"","F-16949/23","GOFYL COMPRIMIDOS RECUBIERTOS 100 mg","7/25/2008","AXON PHARMA S.p.A.","QUETIAPINA",""
"","F-16948/23","GOFYL COMPRIMIDOS RECUBIERTOS 200 mg","7/25/2008","AXON PHARMA S.p.A.","QUETIAPINA",""
"","F-16950/23","GOFYL COMPRIMIDOS RECUBIERTOS 25 mg","7/25/2008","AXON PHARMA S.p.A.","QUETIAPINA",""
"","B-1809/24","GONAL-f solución inyectable 300 UI/0,48 mL (folitrofina alfa)","7/15/2004","MERCK S.A.","FOLITROPINA ALFA",""
"","B-1810/24","GONAL-f solución inyectable 450 UI/ 0,72 mL (folitrofina alfa)","7/16/2004","MERCK S.A.","FOLITROPINA ALFA",""
"","B-1811/24","GONAL-f solución inyectable 900 UI/1,44 mL (folitrofina alfa)","7/16/2004","MERCK S.A.","FOLITROPINA ALFA",""
"","B-2135/25","GONAPEPTYL DAILY (TRIPTORELINA ACETATO) SOLUCIÓN INYECTABLE 0,10 mg/1 mL","4/26/2010","FERRING PRODUCTOS FARMACÉUTICOS SpA","TRIPTORELINA",""
"","F-23252/21","GOTELY – DUO 0,5/0,4 CÁPSULAS (CÁPSULA Y GRÁNULOS CON RECUBRIMIENTO ENTERICO) DE LIBERACIÓN SOSTENIDA","12/23/2016","TECNOFARMA S.A.","DUTASTERIDA//TAMSULOSINA",""
"","F-26195/21","GOTELY CÁPSULAS CON GRÁNULOS RECUBIERTOS DE LIBERACIÓN PROLONGADA 0,4 mg","6/2/2021","TECNOFARMA S.A.","TAMSULOSINA",""
"","F-28866/25","GOTELY DUO 0,5/0,4 CÁPSULAS (CON CÁPSULA BLANDA Y GRÁNULOS CON RECUBRIMIENTO ENTÉRICOS DE LIBERACIÓN SOSTENIDA)","5/15/2025","TECNOFARMA S.A.","DUTASTERIDA;TAMSULOSINA CLORHIDRATO",""
"","F-28287/24","GOTELY SOLI 0,4/6 COMPRIMIDOS RECUBIERTOS DE LIBERACIÓN MODIFICADA","5/13/2024","TECNOFARMA S.A.","SOLIFENACINA//TAMSULOSINA",""
"","F-24938/24","GOVAL 3 COMPRIMIDOS RECUBIERTOS 3 mg (RISPERIDONA) ","7/15/2019","MEGALABS CHILE S.A.","RISPERIDONA",""
"","F-24931/24","GOVOLYX IMPLANTE SUBCUTÁNEO DE LIBERACIÓN PROLONGADA 10,8 mg","7/17/2019","EUROFARMA CHILE SpA","GOSERELINA",""
"","F-26628/22","GRANISETRON SOLUCIÓN INYECTABLE 1 mg/mL","2/8/2022","NEOETHICALS CHILE S.p.A.","GRANISETRON",""
"","F-18884/21","GRANISETRON SOLUCIÓN INYECTABLE 1 mg/mL","9/15/2011","FRESENIUS KABI CHILE LTDA.","GRANISETRON",""
"","F-26663/22","GRANISETRÓN SOLUCIÓN INYECTABLE 3 mg /3 mL","3/7/2022","NEOETHICALS CHILE S.p.A.","GRANISETRON",""
"","F-27050/22","GRANISETRÓN SOLUCIÓN INYECTABLE 3 mg/3 mL","9/20/2022","LABVITALIS S.A.","GRANISETRON",""
"","F-3958/25","GRIFODILZEM COMPRIMIDOS 60 mg (DILTIAZEM CLORHIDRATO)","4/18/1988","LABORATORIO CHILE S.A.","DILTIAZEM",""
"","F-3963/25","GRIFOPARKIN COMPRIMIDOS","12/12/1988 2:10","LABORATORIO CHILE S.A.","CARBIDOPA//LEVODOPA",""
"","F-23859/23","GRINTEROL CÁPSULAS 250 mg (ÁCIDO URSODESOXICÓLICO)","6/11/2018","IMPORTADORA Y COMERCIALIZADORA MEDTRADE E.I.R.L","ACIDO URSODEOXICOLICO",""
"","F-28029/24","GROVERINE COMPRIMIDOS 100 mg (ETRAVIRINA)","1/9/2024","LIBRA CHILE S.A.","ETRAVIRINA",""
"","F-28030/24","GROVERINE COMPRIMIDOS 200 mg (Etravirina)","1/9/2024","LIBRA CHILE S.A.","ETRAVIRINA",""
"","F-1202/23","GRUBEN JARABE","7/28/1944","LABORATORIO PASTEUR S.A.","CODEINA","Estupefaciente"
"","F-11510/26","GUTRON COMPRIMIDOS 2,5 mg (MIDODRINA CLORHIDRATO)","1/20/1997","LABORATORIOS SILESIA S.A.","MIDODRINA CLORHIDRATO",""
"","F-11511/26","GUTRON COMPRIMIDOS 5 mg (MIDODRINA CLORHIDRATO)","1/20/1997","LABORATORIOS SILESIA S.A.","MIDODRINA CLORHIDRATO",""
"","F-10626/26","GYNERA 75/20 GRAGEAS","1/8/1997","TECNOFARMA S.A.","ETINILESTRADIOL//GESTODENO",""
"","F-29405/26","GYNO-ONE 1000/600/100 ÓVULOS","1/14/2026","EXELTIS CHILE S.p.A.","FENTICONAZOL//TINIDAZOL//LIDOCAÍNA",""
"","F-28896/25","GYNOMAX XL 300/200/100 ÓVULOS","5/30/2025","EXELTIS CHILE S.p.A.","LIDOCAÍNA;TINIDAZOL;TIOCONAZOL",""
"","F-17360/24","GYNORELLE COMPRIMIDOS RECUBIERTOS","1/30/2009","LABORATORIOS RECALCINE S.A.","CLORMADINONA//ETINILESTRADIOL",""
"","B-2908/21","HAEGARDA 2000 LIOFILIZADO PARA SOLUCIÓN INYECTABLE 2000 UI CON SOLVENTE (INHIBIDOR DE LA ESTERASA C1 HUMANA)","10/14/2021","CSL BEHRING S.p.A.","INHIBIDOR DE C1 ESTERASA",""
"","B-2909/21","HAEGARDA 3000 LIOFILIZADO PARA SOLUCIÓN INYECTABLE 3000 UI CON SOLVENTE (INHIBIDOR DE LA ESTERASA C1 HUMANO)","10/14/2021","CSL BEHRING S.p.A.","Inhibidor De La Esterasa C1 Humano",""
"","F-26059/21","HAEMACCEL SOLUCIÓN PARA PERFUSIÓN POLIGELINA/CLORURO DE SODIO/CLORURO DE POTASIO/CLORURO DE CALCIO DIHIDRATO 3,5/0,85/0,038/0,07","5/31/2021","LIBRA CHILE S.A.","CALCIO (CLORURO DIHIDRATO);POLIGELINA;POTASIO (CLORURO);SODIO (CLORURO DE SODIO)",""
"","B-2867/21","HAEMATE P 1000/2400, LIOFILIZADO PARA SOLUCIÓN INYECTABLE, CON SOLVENTE","3/30/2021","CSL BEHRING S.p.A.","FACTOR DE VON WILLEBRAND//FACTOR VIII DE COAGULACION HUMANO",""
"","B-2865/21","HAEMATE P 250/600, LIOFILIZADO PARA SOLUCIÓN INYECTABLE, CON SOLVENTE","3/30/2021","CSL BEHRING S.p.A.","FACTOR DE VON WILLEBRAND//FACTOR VIII DE COAGULACION HUMANO",""
"","B-2866/21","HAEMATE P 500/1200, LIOFILIZADO PARA SOLUCIÓN INYECTABLE, CON SOLVENTE","3/30/2021","CSL BEHRING S.p.A.","FACTOR DE VON WILLEBRAND//FACTOR VIII DE COAGULACION HUMANO",""
"","F-25067/24","HALAVEN SOLUCIÓN INYECTABLE 0,88 mg/ 2mL (ERIBULINA)","9/27/2019","LABORATORIO BIOTOSCANA FARMA S.p.A.","MESILATO DE ERIBULINA",""
"","F-28047/24","HALOPERIDOL COMPRIMIDOS 1 mg","1/17/2024","ALEMBIC PHARMACEUTICALS S.p.A.","HALOPERIDOL",""
"","F-4182/25","HALOPERIDOL COMPRIMIDOS 1 mg","6/11/1985 2:10","SYNTHON CHILE LTDA.","HALOPERIDOL",""
"","F-4183/25","HALOPERIDOL COMPRIMIDOS 5 mg","6/11/1985","SYNTHON CHILE LTDA.","HALOPERIDOL",""
"","F-28048/24","HALOPERIDOL COMPRIMIDOS 5 mg","1/17/2024","ALEMBIC PHARMACEUTICALS S.p.A.","HALOPERIDOL",""
"","F-28163/24","HALOPERIDOL SOLUCIÓN INYECTABLE 5 mg/1 mL","3/19/2024","NEOETHICALS CHILE S.p.A.","HALOPERIDOL",""
"","F-26679/22","HALOPERIDOL SOLUCIÓN INYECTABLE 100 mg/1 mL","3/15/2022","NEOETHICALS CHILE S.p.A.","HALOPERIDOL",""
"","F-23507/22","HALOPERIDOL SOLUCIÓN INYECTABLE 5 mg/ 1 mL","6/14/2017","NEOETHICALS CHILE S.p.A.","HALOPERIDOL",""
"","F-6158/25","HALOPERIDOL SOLUCIÓN INYECTABLE 5 mg/1 mL","11/28/1983","LABORATORIO SANDERSON SpA","HALOPERIDOL",""
"","F-7658/21","HALOPERIDOL SOLUCIÓN INYECTABLE 5 mg/mL","1/29/1990","LABORATORIO BIOSANO S.A.","HALOPERIDOL",""
"","F-26678/22","HALOPERIDOL SOLUCIÓN INYECTABLE 50 mg/1 mL","3/15/2022","NEOETHICALS CHILE S.p.A.","HALOPERIDOL",""
"","F-26677/22","HALOPERIDOL SOLUCIÓN INYECTABLE 500 mg/5 mL ","3/15/2022","NEOETHICALS CHILE S.p.A.","HALOPERIDOL",""
"","F-22844/21","HARVONI COMPRIMIDOS RECUBIERTOS","7/21/2016","GADOR LTDA.","LEDIPASVIR//SOFOSBUVIR",""
"","B-2617/21","HAVRIX PEDIÁTRICO VACUNA ANTIHEPATITIS A INACTIVADA ADSORBIDA SUSPENSIÓN INYECTABLE 720 U.E./0,5 mL","5/11/2016","GLAXOSMITHKLINE CHILE FARMACÉUTICA LTDA.","Antigeno Virus Hepatitis A",""
"","B-3034/24","HEALIVE PEDIÁTRICO suspensión inyectable 250 U/0,5 mL (vacuna hepatitis A inactivada, adsorbida)","6/24/2024","SINOVAC BIOTECH (CHILE) S.p.A.","*ANTÍGENO DE SUPERFICIE DEL VIRUS HEPATITIS A ;INACTIVADO;CEPA TZ84 (ADN RECOMBINANTE)",""
"","B-3033/24","HEALIVE suspensión inyectable 500 U/1,0 mL (vacuna hepatitis A inactivada, adsorbida)","6/24/2024","SINOVAC BIOTECH (CHILE) S.p.A.","*ANTÍGENO DE SUPERFICIE DEL VIRUS HEPATITIS A ;INACTIVADO;CEPA TZ84 (ADN RECOMBINANTE)",""
"","B-1332/21","HEBERBIOVAC HB VACUNA ANTIHEPATITIS B DNA RECOMBINANTE SUSPENSIÓN INYECTABLE 20 mcg/dosis","8/14/1996","LABORATORIO BAGÓ DE CHILE S.A.","",""
"","F-19853/23","HELIOFOL COMPRIMIDOS 1 mg","3/29/2013 1:10","SYNTHON CHILE LTDA.","ACIDO FOLICO",""
"","F-19852/23","HELIOFOL COMPRIMIDOS 5 mg (ÁCIDO FÓLIDO)","3/29/2013 1:10","SYNTHON CHILE LTDA.","ACIDO FOLICO",""
"","N-547/24","HELIXOR A SOLUCIÓN INYECTABLE 100 mg / 2 mL","12/2/2014","FARMACÉUTICA XENIUS SPA","",""
"","N-543/24","HELIXOR A SOLUCION INYECTABLE 1 mg/1 mL","12/2/2014","FARMACÉUTICA XENIUS SPA","",""
"","N-544/24","HELIXOR A SOLUCIÓN INYECTABLE 5 mg/ 1 mL (EXTRACTO ACUOSO DE MUÉRDAGO SPP, ABIETIS)","12/2/2014","FARMACÉUTICA XENIUS SPA","",""
"","N-546/24","HELIXOR A SOLUCIÓN INYECTABLE 50 mg / 1 mL","12/2/2014","FARMACÉUTICA XENIUS SPA","",""
"","N-600/24","HELIXOR M SOLUCIÓN INYECTABLE 1 mg/1mL","1/28/2019","FARMACÉUTICA XENIUS SPA","",""
"","N-601/24","HELIXOR M SOLUCIÓN INYECTABLE 20 mg/1 mL (Extracto acuoso de Viscum album spp)","1/28/2019","FARMACÉUTICA XENIUS SPA","",""
"","N-602/24","HELIXOR M SOLUCIÓN INYECTABLE 50 mg/ 1 mL (Extracto acuoso de Viscum album spp)","1/28/2019","FARMACÉUTICA XENIUS SPA","",""
"","N-599/24","HELIXOR M solución inyectable 5 mg/ 1mL","1/28/2019","FARMACÉUTICA XENIUS SPA","",""
"","N-603/24","HELIXOR M solución inyectable 100 mg/2 mL (Extracto acuoso de Viscum album spp)","1/28/2019","FARMACÉUTICA XENIUS SPA","",""
"","N-605/24","HELIXOR P SOLUCIÓN INYECTABLE 5 Mg/ 1 ML (EXTRACTO ACUOSO DE VISCUM ALBUM L SPP)","2/8/2019","FARMACÉUTICA XENIUS SPA","",""
"","N-608/24","HELIXOR P solución inyectable 1 mg/ 1 mL ( Extracto acuoso de Viscum album L spp)","2/11/2019","FARMACÉUTICA XENIUS SPA","",""
"","N-607/24","HELIXOR P SOLUCIÓN INYECTABLE 20 mg/ 1 mL (EXTRACTO ACUOSO DE VISCUM ALBUM L SPP) ","2/8/2019","FARMACÉUTICA XENIUS SPA","",""
"","N-604/24","HELIXOR P SOLUCIÓN INYECTABLE 100 mg/2 mL (EXTRACTO ACUOSO DE VISCUM ALBUM SPP AUSTRIACUM)","2/8/2019","FARMACÉUTICA XENIUS SPA","",""
"","N-606/24","HELIXOR P SOLUCIÓN INYECTABLE 50 mg/1 mL (EXTRACTO ACUOSO DE VISCUM ALBUM L SPP)","2/8/2019","FARMACÉUTICA XENIUS SPA","",""
"","N-545/24","HELIXOR SOLUCIÓN INYECTABLE 20 mg / 1 mL","12/2/2014","FARMACÉUTICA XENIUS SPA","",""
"","B-2717/23","HEMLIBRA SOLUCIÓN INYECTABLE 105 mg/0,7 mL (EMICIZUMAB)","10/4/2018","ROCHE CHILE LTDA.","EMICIZUMAB",""
"","B-2718/23","HEMLIBRA SOLUCIÓN INYECTABLE 150 mg/1 mL (EMICIZUMAB)","10/4/2018","ROCHE CHILE LTDA.","EMICIZUMAB",""
"","B-2715/23","HEMLIBRA SOLUCIÓN INYECTABLE 30 mg/1 mL (EMICIZUMAB)","10/4/2018","ROCHE CHILE LTDA.","EMICIZUMAB",""
"","B-2716/23","HEMLIBRA SOLUCIÓN INYECTABLE 60 mg/0,4 mL (EMICIZUMAB)","10/4/2018","ROCHE CHILE LTDA.","EMICIZUMAB",""
"","B-2242/22","HEMOFAGIN SOLUCIÓN INYECTABLE 100 mg/1 mL (ENOXAPARINA)","1/16/2012","LABORATORIOS RECALCINE S.A.","ENOXAPARINA",""
"","B-2238/22","HEMOFAGIN SOLUCIÓN INYECTABLE 20 mg/0,2 mL","1/16/2012","LABORATORIOS RECALCINE S.A.","ENOXAPARINA",""
"","B-2239/22","HEMOFAGIN SOLUCIÓN INYECTABLE 40 mg/0,4 mL","1/16/2012","LABORATORIOS RECALCINE S.A.","ENOXAPARINA",""
"","B-2240/22","HEMOFAGIN SOLUCIÓN INYECTABLE 60 mg/0,6 mL","1/16/2012","LABORATORIOS RECALCINE S.A.","ENOXAPARINA",""
"","B-2241/22","HEMOFAGIN SOLUCIÓN INYECTABLE 80 mg/0,8 mL","1/16/2012","LABORATORIOS RECALCINE S.A.","ENOXAPARINA",""
"","F-17453/24","HEMOVAL COMPRIMIDOS MASTICABLES 100 mg","4/15/2009","LABORATORIOS SAVAL S.A.","HIERRO HIDROXIDO",""
"","F-16104/22","HEMOVAL SOLUCIÓN ORAL PARA GOTAS 50 mg/mL","6/7/2007","LABORATORIOS SAVAL S.A.","HIERRO HIDROXIDO",""
"","B-2852/26","HEPAMAX-S SOLUCIÓN INYECTABLE 25000 UI/5 mL (HEPARINA SÓDICA)","1/14/2021","BLAU FARMACEUTICA CHILE S.p.A.","HEPARINA",""
"","H-1149/24","HEPAR COMPOSITUM N SOLUCIÓN INYECTABLE","7/17/2009","PRODUCTOS FARMACÉUTICOS HEEL CHILE LTDA.","",""
"","B-1097/21","HEPARINA SÓDICA SOLUCIÓN INYECTABLE 25.000 U.I./5 mL","6/7/1993","BPH S.A.","HEPARINA",""
"","B-2443/24","HEPARINA SÓDICA SOLUCIÓN INYECTABLE 25.000 UI/5 mL","12/29/2014","EXPORTADORA Y COMERCIALIZADORA DE PRODUCTOS FARMACÉUTICOS LTDA.","HEPARINA",""
"","B-2634/21","HEPARINA SÓDICA SOLUCIÓN INYECTABLE 25.000 UI/5 mL","7/20/2016","ASCEND LABORATORIES S.p.A.","HEPARINA",""
"","B-2440/24","HEPARINA SÓDICA SOLUCIÓN INYECTABLE 25000 U.I./5 mL","12/15/2014","LABORATORIO BIOSANO S.A.","HEPARINA",""
"","B-1506/26","HEPARINA SÓDICA SOLUCIÓN INYECTABLE 5.000 U.I./mL","1/17/1992 2:10","LABORATORIO SANDERSON SpA","HEPARINA",""
"","B-2633/21","HEPARINA SÓDICA SOLUCIÓN INYECTABLE 5000 U.I./ 5 mL","7/20/2016","ASCEND LABORATORIES S.p.A.","HEPARINA",""
"","F-28674/25","HEPDAC COMPRIMIDOS RECUBIERTOS 25mg (EPLERENONA)","1/7/2025","SEVEN PHARMA CHILE S.p.A.","EPLERENONA",""
"","F-28675/25","HEPDAC COMPRIMIDOS RECUBIERTOS 50 mg (EPLERENONA)","1/7/2025","SEVEN PHARMA CHILE S.p.A.","EPLERENONA",""
"","B-2130/25","HEPTA RECOMBINANTE SOLUCIÓN INYECTABLE 10000 U.I. / 1 ml (EPOETINA ALFA HUMANA RECOMBINANTE)","3/17/2010","MEGALABS CHILE S.A.","EPOETINA ALFA",""
"","B-1909/25","HEPTA RECOMBINANTE SOLUCIÓN INYECTABLE 2000 U.I./1,0 mL","12/29/2005","MEGALABS CHILE S.A.","EPOETINA ALFA",""
"","B-1908/25","HEPTA RECOMBINANTE SOLUCIÓN INYECTABLE 4000 U.I. / 1,0 mL","12/29/2005","MEGALABS CHILE S.A.","EPOETINA ALFA",""
"","B-2391/24","HERCEPTIN LIOFILIZADO PARA SOLUCIÓN PARA PERFUSIÓN 440 mg, CON SOLVENTE (TRASTUZUMAB)","5/15/2014","ROCHE CHILE LTDA.","TRASTUZUMAB",""
"","B-3179/25","HERCEPTIN LIOFILIZADO PARA SOLUCIÓN PARA PERFUSIÓN 440 mg, CON SOLVENTE (TRASTUZUMAB)","12/15/2025","ROCHE CHILE LTDA.","TRASTUZUMAB",""
"","B-2332/23","HERCEPTIN SOLUCIÓN INYECTABLE 600 mg/5 mL (TRASTUZUMAB)","8/14/2013","ROCHE CHILE LTDA.","TRASTUZUMAB",""
"","B-2849/25","HERZUMA LIOFILIZADO PARA CONCENTRADO PARA SOLUCIÓN PARA PERFUSIÓN 440 mg CON SOLVENTE (TRASTUZUMAB)","12/17/2020","CELLTRION HEALTHCARE CHILE S.p.A.","TRASTUZUMAB",""
"","F-22594/21","HETAGRA COMPRIMIDOS RECUBIERTOS 100 mg","4/20/2016 1:10","SEVEN PHARMA CHILE S.p.A.","SILDENAFILO",""
"","F-22598/21","HETAGRA COMPRIMIDOS RECUBIERTOS 50 mg (SILDENAFILO)","4/20/2016","SEVEN PHARMA CHILE S.p.A.","SILDENAFILO",""
"","F-21824/25","HEXALECTOL COMPRIMIDOS RECUBIERTOS","4/21/2015","SYNTHON CHILE LTDA.","ACIDO GLUTAMICO//PIRIDOXINA",""
"","B-2705/23","HEXAXIM SUSPENSIÓN INYECTABLE (VACUNA DIFTERICA, TÉTANICA, PERTÚSICA (ACELULAR), HEPATITIS B ADNr , POLIOMIELÍTICA (INACTIVADA), HAEMOPHILUS INFLUENZAE TIPO B CONJUGADA (ADSORBIDA))","8/9/2018","SANOFI VACCINES CHILE S.A","",""
"","F-26277/21","HEXVIX LIOFILIZADO PARA SOLUCIÓN INTRAVESICAL 85 mg, CON SOLVENTE (HEXAMINOLEVULINATO)","7/23/2021","GENOTESTS S.p.A.","HEXAMINOLEVULINATO",""
"","F-28124/24","HIDOCORTISONA ACETATO CREMA TOPICA 1%","3/5/2024","DIFEM LABORATORIOS S.A.","HIDROCORTISONA",""
"","F-23576/22","HIDRALAZINA CLORHIDRATO COMPRIMIDOS 50 mg","8/11/2017","SEVEN PHARMA CHILE S.p.A.","Hidralazina",""
"","F-27524/23","HIDRASAN COMPRIMIDOS RECUBIERTOS 10 mg (RIVAROXABÁN)","5/22/2023","MINTLAB Co. S.A.","RIVAROXABAN",""
"","F-27523/23","HIDRASAN COMPRIMIDOS RECUBIERTOS 15 mg (RIVAROXABÁN)","5/22/2023","MINTLAB Co. S.A.","RIVAROXABAN",""
"","F-27525/23","HIDRASAN COMPRIMIDOS RECUBIERTOS 20 mg (RIVAROXABÁN)","5/22/2023","MINTLAB Co. S.A.","RIVAROXABAN",""
"","F-7223/25","HIDRASEC CÁPSULAS 100 mg","12/5/2000 2:10","FERRER CHILE S.A.","RACECADOTRILO",""
"","F-5461/25","HIDRIUM COMPRIMIDOS","4/11/1985 1:10","EUROLAB LTDA.","AMILORIDA//FUROSEMIDA",""
"","F-24661/24","HIDROCLOROTIAZIDA COMPRIMIDOS 50 mg ","2/20/2019","OPKO CHILE S.A.","HIDROCLOROTIAZIDA",""
"","F-1379/23","HIDROCLOROTIAZIDA COMPRIMIDOS 50 mg","11/20/1969","LABORATORIO CHILE S.A.","HIDROCLOROTIAZIDA",""
"","F-25222/25","HIDROCORTISONA ACETATO CREMA 1%","1/13/2020","BPH S.A.","HIDROCORTISONA",""
"","F-24144/23","HIDROCORTISONA ACETATO CREMA 1%","10/2/2018","LABORATORIO HOSPIFARMA CHILE LTDA.","HIDROCORTISONA",""
"","F-28543/24","HIDROCORTISONA ACETATO CREMA TÓPICA 1 %","10/15/2024","LABORATORIO BIOVAL S.p.A.","HIDROCORTISONA",""
"","F-23515/22","HIDROCORTISONA ACETATO CREMA TÓPICA 1%","6/19/2017","DROGUERÍA GLOBAL PHARMA S.p.A.","Hidrocortisona",""
"","F-26507/21","HIDROCORTISONA ACETATO CREMA TÓPICA 1%","11/15/2021","ETHON PHARMACEUTICALS S.p.A.","HIDROCORTISONA",""
"","F-23337/22","HIDROCORTISONA CREMA TOPICA 1%","2/3/2017","LABORATORIO HOSPIFARMA CHILE LTDA.","HIDROCORTISONA",""
"","F-26719/22","HIDROCORTISONA CREMA TÓPICA 1%","4/4/2022","WINPHARM S.p.A.","HIDROCORTISONA",""
"","F-26900/22","HIDROCORTISONA CREMA TÓPICA 1%","7/18/2022","ASCEND LABORATORIES S.p.A.","HIDROCORTISONA",""
"","F-29306/25","HIDROCORTISONA CREMA TÓPICA 1%","11/3/2025","ASCEND LABORATORIES SpA","HIDROCORTISONA ACETATO",""
"","F-24258/23","HIDROFEROL CÁPSULAS BLANDAS 0,266 mg (CALCIFEDIOL)","11/5/2018 2:10","FAES FARMA CHILE, SALUD Y NUTRICIÓN SpA","CALCIFEDIOL",""
"","F-1491/23","HIDRORONOL COMPRIMIDOS 50 mg","4/29/1959","ITF - LABOMED FARMACÉUTICA LTDA.","HIDROCLOROTIAZIDA",""
"","F-1492/23","HIDRORONOL-T COMPRIMIDOS","12/15/1966","ITF - LABOMED FARMACÉUTICA LTDA.","HIDROCLOROTIAZIDA//TRIAMTERENO",""
"","F-27245/23","HIDROSOFT CREMA TÓPICA 0,5% (HIDROCORTISONA)","1/3/2023","LABORATORIO D & M PHARMA LTDA.","HIDROCORTISONA",""
"","F-23333/22","HIDROXICARBAMIDA CÁPSULAS 500 mg","1/31/2017","LABORATORIO LKM CHILE S.p.A.","HIDROXICARBAMIDA",""
"","F-22682/21","HIDROXICARBAMIDA CÁPSULAS 500 mg","5/13/2016","VARIFARMA CHILE S.p.A.","HIDROXICARBAMIDA",""
"","F-2081/24","HIDROXICARBAMIDA CÁPSULAS 500 mg","9/22/1999","BPH S.A.","Hidroxicarbamida",""
"","F-23869/23","HIDROXICLOROQUINA SULFATO COMPRIMIDOS RECUBIERTOS 200 mg","7/9/2018","DIFEM LABORATORIOS S.A.","Hidroxicloroquina",""
"","F-26530/21","HIDROXICLOROQUINA SULFATO COMPRIMIDOS RECUBIERTOS 200 mg","12/7/2021","LABORATORIO CHILE S.A.","HIDROXICLOROQUINA",""
"","F-26183/21","HIDROXICLOROQUINA SULFATO COMPRIMIDOS RECUBIERTOS 200 mg","6/1/2021","SEVEN PHARMA CHILE S.p.A.","HIDROXICLOROQUINA",""
"","F-28636/24","HIDROXICLOROQUINA SULFATO COMPRIMIDOS RECUBIERTOS 200 mg","12/9/2024","MEDINOVA FARMA LTDA.","HIDROXICLOROQUINA",""
"","F-28596/24","HIDROXIUREA CÁPSULAS 500 mg","11/20/2024","BLAU FARMACEUTICA CHILE S.p.A.","HIDROXICARBAMIDA",""
"","F-21344/24","HIERRO (COMPLEJO SACARATO) SOLUCIÓN INYECTABLE 100 mg/5 mL","8/22/2014","LABVITALIS S.A.","HIERRO SACARATO",""
"","F-21460/24","HIERRO SACARATO SOLUCION INYECTABLE 100 mg / 5mL","10/11/2014","LABORATORIO BIOSANO S.A.","HIERRO SACARATO",""
"","F-26276/21","HIERRO SACARATO SOLUCIÓN INYECTABLE 100 mg/5 mL","7/23/2021","NEOETHICALS CHILE S.p.A.","HIERRO SACARATO",""
"","F-26946/22","HIERRO SACARATO SOLUCIÓN INYECTABLE 100 mg/5 mL","8/1/2022","DIFEM LABORATORIOS S.A.","HIERRO SACARATO",""
"","F-21765/25","HIERRO SACAROSA SOLUCIÓN INYECTABLE 100 mg/5 mL","3/26/2015 1:10","ETHON PHARMACEUTICALS S.p.A.","HIERRO HIDROXIDO",""
"","F-10243/21","HIPOGE UNGÜENTO DÉRMICO AL 1%","8/31/1992","LABORATORIOS SMB FARMA S.A.","HIDROCORTISONA",""
"","F-10244/21","HIPOGE-U CREMA DÉRMICA 1%","4/26/1993","LABORATORIOS SMB FARMA S.A.","HIDROCORTISONA",""
"","F-18406/25","HIPOGLUCIN 1000 LP COMPRIMIDOS DE LIBERACIÓN PROLONGADA 1000 mg (METFORMINA CLORHIDRATO)","11/22/2010","LABORATORIO CHILE S.A.","METFORMINA",""
"","F-18851/21","HIPOGLUCIN 500 LP COMPRIMIDOS DE LIBERACIÓN PROLONGADA 500 mg","8/31/2011","LABORATORIO CHILE S.A.","METFORMINA",""
"","F-18226/25","HIPOGLUCIN 750 LP COMPRIMIDOS DE LIBERACIÓN PROLONGADA 750 mg","8/31/2010","LABORATORIO CHILE S.A.","METFORMINA",""
"","F-13583/24","HIPOGLUCIN COMPRIMIDOS RECUBIERTOS 1 g (METFORMINA CLORHIDRATO)","3/26/2004","LABORATORIO CHILE S.A.","METFORMINA",""
"","F-8438/21","HIPOGLUCIN COMPRIMIDOS RECUBIERTOS 850 mg","12/15/1995","LABORATORIO CHILE S.A.","METFORMINA",""
"","F-14549/25","HIPOGLUCIN DA 500/5 COMPRIMIDOS RECUBIERTOS","1/28/2005","LABORATORIO CHILE S.A.","GLIBENCLAMIDA//METFORMINA",""
"","F-3447/25","HIPOLIXAN COMPRIMIDOS RECUBIERTOS 10 mg","5/2/2000","LABORATORIO PASTEUR S.A.","ATORVASTATINA",""
"","F-27983/23","HIPOLIXAN COMPRIMIDOS RECUBIERTOS 20 mg","12/12/2023","LABORATORIO PASTEUR S.A.","ATORVASTATINA",""
"","F-9839/21","HIPOLIXAN COMPRIMIDOS RECUBIERTOS 20 mg","11/28/2001","LABORATORIO PASTEUR S.A.","ATORVASTATINA",""
"","F-13978/24","HIPOLIXAN COMPRIMIDOS RECUBIERTOS 40 mg","7/19/2004","LABORATORIO PASTEUR S.A.","ATORVASTATINA",""
"","F-27155/22","Hipolixan comprimidos recubiertos 40 mg","11/14/2022","LABORATORIO PASTEUR S.A.","ATORVASTATINA",""
"","F-27394/23","HIPOMAX COMPRIMIDOS RECUBIERTOS 5 mg (LINAGLIPTINA)","3/23/2023","LABORATORIO CHILE S.A.","LINAGLIPTINA",""
"","F-26283/21","HIPREX V 12,5 / 160 COMPRIMIDOS RECUBIERTOS","8/18/2021 0:00","LABORATORIO CHILE S.A.","CLORTALIDONA//VALSARTAN",""
"","F-26298/21","HIPREX V 25 / 160 COMPRIMIDOS RECUBIERTOS","8/18/2021 0:00","LABORATORIO CHILE S.A.","CLORTALIDONA//VALSARTAN",""
"","F-11645/21","HISTAPLUS SOLUCIÓN ORAL 5 mg/5 mL","2/14/1995","LABORATORIO PASTEUR S.A.","LORATADINA",""
"","B-2883/21","HIZENTRA SOLUCIÓN INYECTABLE 200 mg/mL (INMUNOGLOBULINA HUMANA NORMAL)","6/4/2021","CSL BEHRING S.p.A.","INMUNOGLOBULINA HUMANA",""
"","B-2420/24","HIZENTRA SOLUCIÓN INYECTABLE 200 mg/mL (INMUNOGLOBULINA HUMANA NORMAL)","9/10/2014","CSL BEHRING S.p.A.","INMUNOGLOBULINA HUMANA",""
"","F-25986/21","HOLMES COMPRIMIDOS RECUBIERTOS 20 mg (OLMESARTÁN MEDOXOMILO)","2/17/2021","EUROFARMA CHILE SpA","OLMESARTAN MEDOXOMILO",""
"","F-25969/21","HOLMES COMPRIMIDOS RECUBIERTOS 40 mg (OLMESARTÁN MEDOXOMILO)","2/4/2021","EUROFARMA CHILE SpA","OLMESARTAN MEDOXOMILO",""
"","F-22026/25","HOLMES H 20/12,5 COMPRIMIDOS RECUBIERTOS","7/24/2015 2:10","EUROFARMA CHILE SpA","HIDROCLOROTIAZIDA//OLMESARTAN MEDOXOMILO",""
"","F-22091/25","HOLMES H 40 / 25 COMPRIMIDOS RECUBIERTOS","8/25/2015 1:10","EUROFARMA CHILE SpA","HIDROCLOROTIAZIDA//OLMESARTAN MEDOXOMILO",""
"","F-24754/24","HOLMES H 40/12,5 COMPRIMIDOS RECUBIERTOS ","4/3/2019","EUROFARMA CHILE SpA","HIDROCLOROTIAZIDA//OLMESARTAN MEDOXOMILO",""
"","F-2475/24","HOLOXAN POLVO PARA SOLUCIÓN INYECTABLE 2 g (IFOSFAMIDA)","12/17/1978","INDUSTRIAL Y COMERCIAL BAXTER DE CHILE LTDA.","IFOSFAMIDA",""
"","F-7439/21","HORMOGEL PUMP GEL TRANSDÉRMICO 0,5 mg/ PULSACIÓN","2/9/2001 1:10","LABORATORIOS SILESIA S.A.","ESTRADIOL",""
"","F-24288/23","HORMUS SOLUCIÓN INYECTABLE 1000mg/4mL","11/7/2018","EUROFARMA CHILE SpA","TESTOSTERONA",""
"","F-24395/23","HT PISA SOLUCIÓN INYECTABLE","11/29/2018","PISA FARMACÉUTICA DE CHILE S.p.A.","CALCIO CLORURO//POTASIO CLORURO//SODIO CLORURO//SODIO LACTATO",""
"","B-1024/21","HUMALOG MIX 25 SUSPENSIÓN INYECTABLE 100 U.I./mL","4/9/2001","TECNOFARMA S.A.","INSULINA",""
"","B-10/22","HUMALOG SOLUCIÓN INYECTABLE 100 U.I./mL","6/13/1997","TECNOFARMA S.A.","INSULINA",""
"","B-2487/25","HUMALOG SOLUCIÓN INYECTABLE 100 U.I./mL","3/24/2015","TECNOFARMA S.A.","INSULINA",""
"","B-2269/22","HUMALOG SOLUCIÓN INYECTABLE 100 U.I./mL","8/13/2012","TECNOFARMA S.A.","INSULINA",""
"","B-2741/23","HUMIRA AC SOLUCIÓN INYECTABLE 20 mg/0,2 mL (ADALIMUMAB)","12/12/2018","ABBVIE PRODUCTOS FARMACÉUTICOS LTDA.","Adalimumab",""
"","B-2666/22","HUMIRA AC SOLUCION INYECTABLE 40 mg/0,4 mL (ADALIMUMAB)","9/1/2017","ABBVIE PRODUCTOS FARMACÉUTICOS LTDA.","Adalimumab",""
"","B-1498/21","HUMULIN N RECOMBINANTE SUSPENSIÓN INYECTABLE 100 U.I./mL (INSULINA HUMANA)","2/21/1997","TECNOFARMA S.A.","INSULINA",""
"","B-1497/21","HUMULIN N SUSPENSIÓN INYECTABLE 100 U.I./mL","2/13/1997","TECNOFARMA S.A.","INSULINA",""
"","B-1499/21","HUMULIN R SOLUCIÓN INYECTABLE 100 U.I./mL","6/26/1996","TECNOFARMA S.A.","INSULINA",""
"","B-2256/22","HYLASE DESSAU LIOFILIZADO PARA SOLUCIÓN INYECTABLE 150 U.I. (HIALURONIDASA)","6/8/2012","SERVICIOS Y COMERCIALIZADORA DE INSUMOS MÉDICOS LTDA. MEDICAL CHOICE","HIALURONIDASA",""
"","B-131/23","HYPERHEP-B solución inyectable 110 U.I./0,5 mL (inmunoglobulina Hepatitis B humana)","9/23/1998","GRIFOLS CHILE S.A.","Inmunoglobulina Humana Antihepatitis B",""
"","B-165/23","HYPERHEP-B solución inyectable 1100 U.I./ 5 mL (inmunoglobulina Hepatitis B humana)","10/30/1998","GRIFOLS CHILE S.A.","Inmunoglobulina Humana Antihepatitis B",""
"","B-164/23","HYPERHEP-B solución inyectable 220 U.I./ mL (inmunoglobulina Hepatitis B humana)","10/30/1998","GRIFOLS CHILE S.A.","Inmunoglobulina Humana Antihepatitis B",""
"","B-2907/21","HYPERRAB solución inyectable 300 UI/1 mL (inmunoglobulina (humana) de la rabia)","9/2/2021","GRIFOLS CHILE S.A.","INMUNOGLOBULINA ANTIRRABICA HUMANA",""
"","B-295/23","HYPERTET SOLUCIÓN INYECTABLE 250 U.I.","10/6/1965","GRIFOLS CHILE S.A.","INMUNOGLOBULINA HUMANA ANTITETANICA",""
"","F-28325/24","HYPINE COMPRIMIDOS RECUBIERTOS 267 mg (PIRFENIDONA)","6/18/2024","SEVEN PHARMA CHILE S.p.A.","PIRFENIDONA",""
"","F-26790/22","HYPODRIN COMPRIMIDOS 2,5 mg (MIDODRINA CLORHIDRATO)","5/9/2022","EMCURE PHARMA CHILE S.p.A.","MIDODRINA",""
"","F-26791/22","HYPODRIN COMPRIMIDOS 5 mg (MIDODRINA CLORIDRATO)","5/9/2022","EMCURE PHARMA CHILE S.p.A.","MIDODRINA",""
"","B-2830/25","HYRIMOZ SOLUCIÓN INYECTABLE 40 mg/0,8 mL (ADALIMUMAB)","8/10/2020","SANDOZ CHILE S.p.A.","ADALIMUMAB",""
"","F-12268/22","HYSTICLAR SOLUCIÓN ORAL 5 mg/5 mL (LORATADINA)","7/10/2002","MINTLAB Co. S.A.","LORATADINA",""
"","F-27640/23","HYVAST COMPRIMIDOS RECUBIERTOS 2,5 mg (APIXABAN)","7/10/2023","SEVEN PHARMA CHILE S.p.A.","APIXABAN",""
"","F-27641/23","HYVAST COMPRIMIDOS RECUBIERTOS 5 mg (APIXABAN)","7/10/2023","SEVEN PHARMA CHILE S.p.A.","APIXABAN",""
"","F-20456/23","HYZAAR COMPRIMIDOS RECUBIERTOS","10/17/2013 2:10","ORGANON CHILE S.p.A.","HIDROCLOROTIAZIDA//LOSARTAN",""
"","F-7298/25","HYZAAR FORTE COMPRIMIDOS RECUBIERTOS","12/29/2000 2:10","ORGANON CHILE S.p.A.","HIDROCLOROTIAZIDA//LOSARTAN",""
"","E-10/22","IBAMES CD BITERAPIA COMPRIMIDOS RECUBIERTOS/CÁPSULAS","5/23/2012","LABORATORIOS ANDRÓMACO S.A.","ACIDO IBANDRONICO//CALCIO CARBONATO//COLECALCIFEROL",""
"","F-16164/22","IBAMES COMPRIMIDOS RECUBIERTOS 150 mg","7/3/2007","LABORATORIOS ANDRÓMACO S.A.","ACIDO IBANDRONICO",""
"","F-16880/23","IBANOX COMPRIMIDOS RECUBIERTOS 150 mg","6/27/2008","LABORATORIO PASTEUR S.A.","ACIDO IBANDRONICO",""
"","F-26143/21","IBRANCE COMPRIMIDOS RECUBIERTOS 100 mg (PALBOCICLIB)","5/7/2021","PFIZER CHILE S.A.","PALBOCICLIB",""
"","F-26144/21","IBRANCE COMPRIMIDOS RECUBIERTOS 125 mg (PALBOCICLIB)","5/7/2021","PFIZER CHILE S.A.","PALBOCICLIB",""
"","F-26142/21","IBRANCE COMPRIMIDOS RECUBIERTOS 75 mg (PALBOCICLIB)","5/7/2021","PFIZER CHILE S.A.","PALBOCICLIB",""
"","F-26474/21","IBUCALM 400 CÁPSULAS BLANDAS 400 mg (IBUPROFENO)","11/2/2021","OPKO CHILE S.A.","IBUPROFENO",""
"","F-26473/21","IBUCALM 600 CÁPSULAS BLANDAS 600 mg (IBUPROFENO)","11/2/2021","OPKO CHILE S.A.","IBUPROFENO",""
"","F-20999/24","IBUPIRAC LC CÁPSULAS BLANDAS 400 mg","3/31/2014","CHEMOPHARMA S.A.","IBUPROFENO",""
"","F-28359/24","IBUPIRAC LC CÁPSULAS BLANDAS 400 mg","7/8/2024","CHEMOPHARMA S.A.","IBUPROFENO",""
"","F-21000/24","IBUPIRAC LC CÁPSULAS BLANDAS 600 mg","3/31/2014","CHEMOPHARMA S.A.","IBUPROFENO",""
"","F-19334/22","IBUPROFENO - FENILEFRINA CLORHIDRATO 400/10 COMPRIMIDOS RECUBIERTOS","3/29/2012","LABORATORIOS SAVAL S.A.","FENILEFRINA//IBUPROFENO",""
"","F-28210/24","IBUPROFENO CAPSULAS BLANDAS 400 mg","4/11/2024","ASCEND LABORATORIES S.p.A.","IBUPROFENO",""
"","F-18139/25","IBUPROFENO COMPRIMIDOS 400 mg","7/6/2010","LABORATORIO CHILE S.A.","IBUPROFENO",""
"","F-18140/25","IBUPROFENO COMPRIMIDOS 600 mg","7/6/2010","LABORATORIO CHILE S.A.","IBUPROFENO",""
"","F-20047/23","IBUPROFENO COMPRIMIDOS RECUBIERTOS 400 mg","6/20/2013","ASCEND LABORATORIES S.p.A.","IBUPROFENO",""
"","F-23290/22","IBUPROFENO COMPRIMIDOS RECUBIERTOS 400 mg","1/9/2017","OPKO CHILE S.A.","IBUPROFENO",""
"","F-7636/21","IBUPROFENO COMPRIMIDOS RECUBIERTOS 400 mg","5/25/2001","OPKO CHILE S.A.","IBUPROFENO",""
"","F-7638/21","IBUPROFENO COMPRIMIDOS RECUBIERTOS 600 mg","5/25/2001","OPKO CHILE S.A.","IBUPROFENO",""
"","F-22842/21","IBUPROFENO COMPRIMIDOS RECUBIERTOS 600 mg","6/30/2016 2:10","OPKO CHILE S.A.","IBUPROFENO",""
"","F-20013/23","IBUPROFENO COMPRIMIDOS RECUBIERTOS 600 mg","6/10/2013 2:10","ASCEND LABORATORIES S.p.A.","IBUPROFENO",""
"","F-11160/21","IBUPROFENO FORTE SUSPENSIÓN ORAL 200 mg/5 mL","4/16/1997","RECBEN XENERICS FARMACÉUTICA LTDA.","IBUPROFENO",""
"","F-8981/21","IBUPROFENO METAMIZOL SÓDICO GLICINATO DE ALUMINIO CÁPSULAS","9/4/1995","INSTITUTO SANITAS S.A.","ALUMINIO HIDROXIDO//IBUPROFENO//METAMIZOL SODICO",""
"","F-27279/23","IBUPROFENO SUSPENSIÓN ORAL 200 mg /5 mL","1/11/2023","ASCEND LABORATORIES S.p.A.","IBUPROFENO",""
"","F-3279/25","IBUPROFENO/PARACETAMOL 300/300 COMPRIMIDOS","7/22/1988 2:10","CHEMOPHARMA S.A.","IBUPROFENO//PARACETAMOL",""
"","F-15023/25","IBUPROFENO/PSEUDOEFEDRINA 4/0,6 SUSPENSION ORAL","8/2/2005","CHEMOPHARMA S.A.","IBUPROFENO//PSEUDOEFEDRINA",""
"","F-13285/23","IBUPROFENO/PSEUDOEFEDRINA CLORHIDRATO 200/30 COMPRIMIDOS RECUBIERTOS","11/17/2003","CHEMOPHARMA S.A.","IBUPROFENO//PSEUDOEFEDRINA",""
"","F-13284/23","IBUPROFENO/PSEUDOEFEDRINA CLORHIDRATO 400/60 COMPRIMIDOS RECUBIERTOS","11/17/2003","CHEMOPHARMA S.A.","IBUPROFENO//PSEUDOEFEDRINA",""
"","F-15022/25","IBUPROFENO/PSEUDOEFEDRINA CLORHIDRATO SUSPENSIÓN ORAL","8/2/2005","CHEMOPHARMA S.A.","IBUPROFENO//PSEUDOEFEDRINA",""
"","F-15739/21","ICAPS COMPRIMIDOS RECUBIERTOS","10/20/2006","ALCON LABORATORIOS CHILE LTDA.","ACIDO ASCORBICO// BETACAROTENO// LUTEINA//MANGANESO// RIBOFLAVINA// RIBOFLAVINA//TOCOFEROL// ZINC ACETATO",""
"","F-24595/24","ICLUSIG COMPRIMIDOS RECUBIERTOS 15 mg (PONATINIB)","2/27/2019","LABORATORIOS PINT-PHARMA CHILE S.p.A.","PONATINIB",""
"","F-28482/24","ICLUSIG COMPRIMIDOS RECUBIERTOS 15 mg (PONATINIB)","9/11/2024","LABORATORIOS PINT-PHARMA CHILE S.p.A.","PONATINIB",""
"","F-28483/24","ICLUSIG COMPRIMIDOS RECUBIERTOS 45 mg (PONATINIB)","9/11/2024","LABORATORIOS PINT-PHARMA CHILE S.p.A.","PONATINIB",""
"","F-24596/24","ICLUSIG COMPRIMIDOS RECUBIERTOS 45 mg (PONATINIB)","2/27/2019","LABORATORIOS PINT-PHARMA CHILE S.p.A.","PONATINIB",""
"","B-2819/25","IDACIO SOLUCIÓN INYECTABLE 40 mg/0,8 mL (ADALIMUMAB)","6/3/2020","FRESENIUS KABI CHILE LTDA.","ADALIMUMAB",""
"","F-19650/22","IDARUBICINA CLORHIDRATO LIOFILIZADO PARA SOLUCIÓN INYECTABLE 10 mg","10/31/2012 2:10","LABORATORIO SANDERSON SpA","IDARUBICINA",""
"","F-19545/22","IDARUBICINA CLORHIDRATO LIOFILIZADO PARA SOLUCIÓN INYECTABLE 5 mg","7/17/2012 2:10","LABORATORIO SANDERSON SpA","IDARUBICINA",""
"","F-24786/24","IDARUBICINA CLORHIDRATO LIOFILIZADO PARA SOLUCIÓN INYECTABLE 5 mg/5 mL","4/17/2019","PIGMALION FARMA S.p.A.","IDARUBICINA",""
"","F-26423/21","IDELYA COMPRIMIDOS RECUBIERTOS 100 mg (PALBOCICLIB)","10/5/2021","SYNTHON CHILE LTDA.","PALBOCICLIB",""
"","F-26424/21","IDELYA COMPRIMIDOS RECUBIERTOS 125 mg (PALBOCICLIB)","10/5/2021","SYNTHON CHILE LTDA.","PALBOCICLIB",""
"","F-26422/21","IDELYA COMPRIMIDOS RECUBIERTOS 75 mg (PALBOCICLIB)","10/5/2021","SYNTHON CHILE LTDA.","PALBOCICLIB",""
"","F-15993/22","IDENA COMPRIMIDOS RECUBIERTOS 150 mg (ÁCIDO IBANDRÓNICO)","3/26/2007","TECNOFARMA S.A.","ACIDO IBANDRONICO",""
"","F-5462/25","IDON CÁPSULAS 10 mg (DOMPERIDONA)","6/15/1982 2:10","EUROLAB LTDA.","DOMPERIDONA",""
"","F-5466/25","IDON SUSPENSIÓN ORAL 1 mg/1 mL","8/17/1984 1:10","EUROLAB LTDA.","DOMPERIDONA",""
"","F-5467/25","IDON SUSPENSIÓN PARA GOTAS ORALES 10 mg/1 mL","6/15/1982 2:10","EUROLAB LTDA.","DOMPERIDONA",""
"","F-14619/25","IFOSFAMIDA LIOFILIZADO PARA SOLUCIÓN INYECTABLE 1 g","2/28/2005","LIBRA CHILE S.A.","IFOSFAMIDA",""
"","B-1793/24","IG VENA (INMUNOGLOBULINA HUMANA), SOLUCIÓN INYECTABLE 5 g/100 mL","5/10/2004","BIOFACTOR CHILE SpA","INMUNOGLOBULINA HUMANA",""
"","B-1791/24","IG VENA SOLUCIÓN INYECTABLE 1 g/20 mL (INMUNOGLOBULINA HUMANA)","5/10/2004","BIOFACTOR CHILE SpA","INMUNOGLOBULINA HUMANA",""
"","B-1792/24","IG VENA SOLUCIÓN INYECTABLE 2,5 g/50 mL","5/11/2004","BIOFACTOR CHILE SpA","INMUNOGLOBULINA HUMANA",""
"","B-1948/21","IGAMAD SOLUCIÓN INYECTABLE 300 mcg/2 mL","5/11/2006","GRIFOLS CHILE S.A.","INMUNOGLOBULINA HUMANA ANTI RHO (D)",""
"","B-1748/23","IGANTET (INMUNOGLOBULINA HUMANA ANTITETANICA) SOLUCIÓN INYECTABLE 250 U.I./1 mL","5/14/2003","GRIFOLS CHILE S.A.","INMUNOGLOBULINA HUMANA ANTITETANICA",""
"","B-1749/23","IGANTET SOLUCIÓN INYECTABLE 500 U.I./2 mL","5/14/2003","GRIFOLS CHILE S.A.","INMUNOGLOBULINA HUMANA ANTITETANICA",""
"","B-1053/21","IGANTIBE SOLUCIÓN INYECTABLE 1000 UI/5 mL","12/21/1996","GRIFOLS CHILE S.A.","INMUNOGLOBULINA HUMANA",""
"","B-1052/21","IGANTIBE SOLUCIÓN INYECTABLE 600 UI/3 mL","12/21/1996","GRIFOLS CHILE S.A.","INMUNOGLOBULINA HUMANA",""
"","B-2764/24","ILARIS SOLUCIÓN INYECTABLE 150 mg/1mL (CANAKINUMAB)","8/13/2019","NOVARTIS CHILE S.A.","CANAKINUMAB",""
"","F-17530/24","ILIADIN SOLUCIÓN NASAL PARA NEBULIZACIÓN 0,05%","5/8/2009","PROCTER & GAMBLE CHILE LTDA.","BENZALCONIO CLORURO//OXIMETAZOLINA",""
"","F-23484/22","ILIMIT 10 COMPRIMIDOS 10 mg","6/6/2017","MEGALABS CHILE S.A.","ARIPIPRAZOL",""
"","F-23485/22","ILIMIT 15 COMPRIMIDOS 15 mg","6/6/2017","MEGALABS CHILE S.A.","ARIPIPRAZOL",""
"","F-26461/21","ILIMIT 5 COMPRIMIDOS 5 mg (ARIPIPRAZOL)","11/2/2021","MEGALABS CHILE S.A.","ARIPIPRAZOL",""
"","F-27590/23","ILINOL COMPRIMIDOS RECUBIERTOS 200 mg (HIDROXICLOROQUINA SULFATO)","6/20/2023","MEGALABS CHILE S.A.","HIDROXICLOROQUINA",""
"","F-17359/24","ILINOL COMPRIMIDOS RECUBIERTOS 200 mg (HIDROXICLOROQUINA)","1/30/2009","MEGALABS CHILE S.A.","HIDROXICLOROQUINA",""
"","F-14609/25","ILOSTAL COMPRIMIDOS 100 mg (CILOSTAZOL)","2/14/2005","MERCK S.A.","CILOSTAZOL",""
"","F-14610/25","ILOSTAL COMPRIMIDOS 50 mg (CILOSTAZOL)","2/14/2005","MERCK S.A.","CILOSTAZOL",""
"","F-17616/24","ILTUX COMPRIMIDOS RECUBIERTOS 20 mg","6/15/2009","TECNOFARMA S.A.","OLMESARTAN MEDOXOMILO",""
"","F-17617/24","ILTUX COMPRIMIDOS RECUBIERTOS 40 mg","6/15/2009","TECNOFARMA S.A.","OLMESARTAN MEDOXOMILO",""
"","F-18164/25","ILTUX HCT 20/12,5 COMPRIMIDOS RECUBIERTOS (OLMESARTAN MEDOXOMILO / HIDROCLOROTIAZIDA)","7/19/2010","TECNOFARMA S.A.","HIDROCLOROTIAZIDA//OLMESARTAN MEDOXOMILO",""
"","F-18165/25","ILTUX HCT 40/12,5 COMPRIMIDOS RECUBIERTOS","7/19/2010","TECNOFARMA S.A.","HIDROCLOROTIAZIDA//OLMESARTAN MEDOXOMILO",""
"","F-18166/25","ILTUX HCT 40/25 COMPRIMIDOS RECUBIERTOS","7/19/2010","TECNOFARMA S.A.","HIDROCLOROTIAZIDA//OLMESARTAN MEDOXOMILO",""
"","F-19942/23","ILTUXAM 20/5 COMPRIMIDOS RECUBIERTOS","5/13/2013","TECNOFARMA S.A.","AMLODIPINO//OLMESARTAN MEDOXOMILO",""
"","F-19945/23","ILTUXAM 40/10 COMPRIMIDOS RECUBIERTOS","5/13/2013","TECNOFARMA S.A.","AMLODIPINO//OLMESARTAN MEDOXOMILO",""
"","F-19944/23","ILTUXAM 40/5 COMPRIMIDOS RECUBIERTOS","5/13/2013","TECNOFARMA S.A.","AMLODIPINO//OLMESARTAN MEDOXOMILO",""
"","F-28747/25","ILTUXAM HCT 20/5/12,5 COMPRIMIDOS RECUBIERTOS","3/11/2025","TECNOFARMA S.A.","OLMESARTÁN MEDOXOMILO//AMLODIPINO BESILATO//HIDROCLOROTIAZIDA",""
"","F-27841/23","ILTUXAM HCT 40/10/25 COMPRIMIDOS RECUBIERTOS","9/25/2023","TECNOFARMA S.A.","AMLODIPINO//HIDROCLOROTIAZIDA//OLMESARTAN MEDOXOMILO",""
"","F-27840/23","ILTUXAM HCT 40/5/12,5 COMPRIMIDOS RECUBIERTOS","9/25/2023","TECNOFARMA S.A.","AMLODIPINO//HIDROCLOROTIAZIDA//OLMESARTAN MEDOXOMILO",""
"","F-28748/25","ILTUXAM HCT 40/5/25 COMPRIMIDOS RECUBIERTOS","3/11/2025","TECNOFARMA S.A.","OLMESARTÁN MEDOXOMILO//AMLODIPINO BESILATO//HIDROCLOROTIAZIDA",""
"","F-19213/22","IMAROZ CÁPSULAS CON GRÁNULOS CON RECUBRIMIENTO ENTÉRICO 20 mg","1/19/2012","ARAMA NATURAL PRODUCTS DISTRIBUIDORA LTDA.","OMEPRAZOL",""
"","F-26493/21","IMAROZ LIOFILIZADO PARA SOLUCIÓN INYECTABLE 40 mg (OMEPRAZOL)","11/9/2021","OPKO CHILE S.A.","OMEPRAZOL",""
"","F-27836/23","IMAROZ LIOFILIZADO PARA SOLUCIÓN INYECTABLE 40 mg (OMEPRAZOL)","9/22/2023","OPKO CHILE S.A.","OMEPRAZOL",""
"","F-26492/21","IMAROZ LIOFILIZADO PARA SOLUCIÓN INYECTABLE 40 mg CON SOLVENTE (OMEPRAZOL)","11/9/2021","OPKO CHILE S.A.","OMEPRAZOL",""
"","F-23411/22","IMAROZ LIOFILIZADO PARA SOLUCIÓN INYECTABLE 40 mg CON SOLVENTE (OMEPRAZOL)","4/18/2017","OPKO CHILE S.A.","Omeprazol",""
"","F-24543/24","IMATINIB COMPRIMIDOS RECUBIERTOS 100 mg","1/9/2019","TAGORE CHILE S.A.","IMATINIB",""
"","F-22483/21","IMATINIB COMPRIMIDOS RECUBIERTOS 100 mg","3/8/2016 1:10","LABORATORIO CHILE S.A.","IMATINIB",""
"","F-22484/21","IMATINIB COMPRIMIDOS RECUBIERTOS 400 mg","3/8/2016 1:10","LABORATORIO CHILE S.A.","IMATINIB",""
"","F-26833/22","IMATINIB COMPRIMIDOS RECUBIERTOS 400 mg","6/1/2022","SIAA VIDA FARMA SPA","IMATINIB",""
"","F-24539/24","IMATINIB COMPRIMIDOS RECUBIERTOS 400mg","1/9/2019","TAGORE CHILE S.A.","IMATINIB",""
"","F-28658/24","IMBRUVICA CÁPSULAS 140 mg (IBRUTINIB)","12/23/2024","JOHNSON & JOHNSON DE CHILE S.A.","IBRUTINIB",""
"","F-21766/25","IMBRUVICA CÁPSULAS 140 mg (IBRUTINIB)","3/24/2015 1:10","JOHNSON & JOHNSON DE CHILE S.A.","IBRUTINIB",""
"","F-24116/23","IMECOL ADULTO COMPRIMIDOS","9/20/2018","LABORATORIO MAVER S.A.","FTALILSULFATIAZOL//NIFUROXAZIDA",""
"","B-2839/25","IMFINZI CONCENTRADO PARA SOLUCIÓN PARA PERFUSIÓN 120 mg/2,4 mL (DURVALUMAB)","9/28/2020","ASTRAZENECA S.A.","DURVALUMAB",""
"","B-3068/25","IMFINZI CONCENTRADO PARA SOLUCIÓN PARA PERFUSIÓN 120 mg/2,4 mL (DURVALUMAB)","1/8/2025","ASTRAZENECA S.A.","DURVALUMAB",""
"","B-3069/25","IMFINZI CONCENTRADO PARA SOLUCIÓN PARA PERFUSIÓN 500 mg/10 mL (DURVALUMAB)","1/8/2025","ASTRAZENECA S.A.","DURVALUMAB",""
"","B-2838/25","IMFINZI CONCENTRADO PARA SOLUCIÓN PARA PERFUSIÓN 500 mg/10 mL (DURVALUMAB)","9/23/2020","ASTRAZENECA S.A.","DURVALUMAB",""
"","F-26752/22","IMIAART COMPRIMIDOS RECUBIERTOS 5 mg","4/20/2022","PINNACLE CHILE S.p.A.","SOLIFENACINA",""
"","F-18503/21","IMIPENEM + CILASTATINA POLVO PARA SOLUCIÓN PARA PERFUSIÓN","2/11/2011","FRESENIUS KABI CHILE LTDA.","CILASTATINA//IMIPENEM",""
"","F-19069/21","IMIPENEM + CILASTATINA POLVO PARA SOLUCION INYECTABLE","11/11/2011","LABVITALIS S.A.","CILASTATINA//IMIPENEM",""
"","F-15183/25","IMIPENEM + CILASTATINA POLVO PARA SOLUCIÓN INYECTABLE","10/31/2005","LIBRA CHILE S.A.","CILASTATINA//IMIPENEM",""
"","F-17592/24","IMIPENEM + CILASTATINA POLVO PARA SOLUCIÓN PARA INFUSIÓN","5/29/2009","LABORATORIOS RECALCINE S.A.","CILASTATINA//IMIPENEM",""
"","F-27054/22","IMIPENEM/CILASTATINA 500/500 POLVO PARA SOLUCIÓN INYECTABLE","9/22/2022","INDUSTRIAL Y COMERCIAL BAXTER DE CHILE LTDA.","CILASTATINA//IMIPENEM",""
"","F-24313/23","IMIPENEM/CILASTATINA 500/500 POLVO PARA SOLUCIÓN INYECTABLE","11/19/2018","DIFEM LABORATORIOS S.A.","CILASTATINA//IMIPENEM",""
"","F-28380/24","IMIPENEM/CILASTATINA 500/500 POLVO PARA SOLUCIÓN INYECTABLE","7/17/2024","PISA FARMACÉUTICA DE CHILE S.p.A.","CILASTATINA//IMIPENEM",""
"","F-23454/22","IMIPENEM/CILASTATINA 500/500 POLVO PARA SOLUCIÓN INYECTABLE","5/11/2017","NEOETHICALS CHILE S.p.A.","CILASTATINA//IMIPENEM",""
"","F-1381/23","IMIPRAMINA CLORHIDRATO COMPRIMIDOS RECUBIERTOS 25 mg","5/14/1969","LABORATORIO CHILE S.A.","IMIPRAMINA",""
"","F-7467/21","IMIPRAMINA CLORHIDRATO GRAGEAS 25 mg","2/9/2001 1:10","BPH S.A.","IMIPRAMINA",""
"","F-26200/21","IMITIMOL SOLUCION PARA PERFUSION 10 mg/ml (PARACETAMOL)","6/10/2021","MEGALABS CHILE S.A.","PARACETAMOL",""
"","B-3083/25","IMJUDO CONCENTRADO PARA SOLUCIÓN PARA PERFUSIÓN 25 mg/1,25 mL (TREMELIMUMAB)","4/11/2025","ASTRAZENECA S.A.","TREMELIMUMAB",""
"","B-3084/25","IMJUDO CONCENTRADO PARA SOLUCIÓN PARA PERFUSIÓN 300 mg/15 mL (TREMELIMUMAB)","4/11/2025","ASTRAZENECA S.A.","TREMELIMUMAB",""
"","F-27689/23","IMMARD COMPRIMIDOS RECUBIERTOS 200 mg (HIDRÓXICLOROQUINA SULFATO)","7/25/2023","COMERCIAL APOTECARE S.p.A.","HIDROXICLOROQUINA",""
"","B-774/25","IMMUNATE LIOFILIZADO PARA SOLUCIÓN INYECTABLE 1.000 U.I., CON SOLVENTE (FACTOR VIII DE LA COAGULACIÓN HUMANO, PURIFICADO, CON INACTIVACIÓN VIRAL)","5/16/2000","TAKEDA CHILE S.P.A.","ALBUMINA HUMANA",""
"","B-2069/23","IMMUNATE LIOFILIZADO PARA SOLUCIÓN INYECTABLE 250 U.I., CON SOLVENTE (FACTOR VIII DE LA COAGULACIÓN HUMANO, PURIFICADO, CON INACTIVACIÓN VIRAL)","11/11/2003","TAKEDA CHILE S.P.A.","FACTOR DE VON WILLEBRAND//FACTOR VIII DE COAGULACION HUMANO",""
"","B-773/25","IMMUNATE LIOFILIZADO PARA SOLUCIÓN INYECTABLE 500 U.I., CON SOLVENTE (FACTOR VIII DE LA COAGULACIÓN HUMANO, PURIFICADO, CON INACTIVACIÓN VIRAL)","5/16/2000","TAKEDA CHILE S.P.A.","",""
"","B-797/25","IMMUNINE LIOFILIZADO PARA SOLUCIÓN INYECTABLE 600 U.I. CON SOLVENTE","6/20/2000","TAKEDA CHILE S.P.A.","FACTOR IX DE COAGULACIÓN HUMANO",""
"","B-798/25","IMMUNINE POLVO LIOFILIZADO PARA SOLUCIÓN INYECTABLE 1200 UI CON SOLVENTE","6/20/2000","TAKEDA CHILE S.P.A.","FACTOR IX DE COAGULACIÓN HUMANO",""
"","B-2335/23","IMMUNOREL SOLUCION INYECTABLE 5% (INMUNOGLOBULINA HUMANA)","9/6/2013","LIBRA CHILE S.A.","INMUNOGLOBULINA HUMANA",""
"","B-1955/21","IMMUNORHO (INMUNOGLOBULINA HUMANA ANTI RHO), POLVO LIOFILIZADO PARA SOLUCIÓN INYECTABLE 300 mcg, CON SOLVENTE","10/13/2006","BIOFACTOR CHILE SpA","INMUNOGLOBULINA HUMANA ANTI RHO (D)",""
"","F-18512/21","IMPLANON NXT IMPLANTE 68 mg (ETONOGESTREL)","2/21/2011","ORGANON CHILE S.p.A.","ETONOGESTREL",""
"","F-24785/24","IMPRACID POLVO PARA SOLUCIÓN INYECTABLE","4/23/2019","ASCEND LABORATORIES S.p.A.","CILASTATINA//IMIPENEM",""
"","F-25033/24","IMTIB COMPRIMIDOS RECUBIERTOS 400 mg (IMATINIB MESILATO)","9/5/2019","SEVEN PHARMA CHILE S.p.A.","IMATINIB",""
"","F-1426/23","IMURAN COMPRIMIDOS RECUBIERTOS 50 mg","8/13/1968","ASPEN CHILE S.A.","AZATIOPRINA",""
"","F-28194/24","INBRIJA POLVO PARA INHALACIÓN EN CÁPSULAS 42 mg ( LEVODOPA)","4/10/2024","LABORATORIOS BIOPAS S.A.","LEVODOPA",""
"","F-3321/25","INDAPRESS COMPRIMIDOS RECUBIERTOS 2,5 mg","2/1/1985 2:10","ITF - LABOMED FARMACÉUTICA LTDA.","INDAPAMIDA",""
"","B-2268/22","INDIRAB VACUNA ANTIRÁBICA INACTIVADA LIOFILIZADO PARA SUSPENSIÓN INYECTABLE 2,5 UI CON SOLVENTE","8/7/2012","LABORATORIO BIOSANO S.A.","Virus Rábico Inactivado (Cepa Pitman Moore (Pm))",""
"","F-23055/21","INDOMETACINA CÁPSULAS 25 mg","9/8/2016","SEVEN PHARMA CHILE S.p.A.","INDOMETACINA",""
"","F-6463/25","INDOMETACINA COMPRIMIDOS 25 mg","7/16/1987 2:10","DROGUERÍA FARMOQUÍMICA DEL PACÍFICO LTDA.","INDOMETACINA",""
"","F-22102/25","INDOMETACINA LIOFILIZADO PARA SOLUCIÓN INYECTABLE 1mg","9/2/2015","FRESENIUS KABI CHILE LTDA.","Indometacina",""
"","B-2557/25","INFANRIX HEXA VACUNA RECOMBINANTE COMBINADA ADSORBIDA, CONTRA DIFTERIA, TÉTANOS, TOS FERINA, HEPATITIS B, POLIO INACTIVADA y HAEMOPHILUS TIPO b, SUSPENSIÓN INYECTABLE + LIOFILIZADO","12/3/2015","GLAXOSMITHKLINE CHILE FARMACÉUTICA LTDA.","",""
"","F-17693/24","INFLUMIX AEROSOL PARA INHALACIÓN 20 mcg/dosis","8/20/2009","LABORATORIOS LAFI LTDA.","BROMURO DE IPRATROPIO",""
"","F-24099/23","INFLUMIX SOLUCION PARA NEBULIZACION NASAL 42 mcg/dosis (BROMURO DE IPRATROPIO)","9/10/2018","LABORATORIOS LAFI LTDA.","BROMURO DE IPRATROPIO",""
"","F-12414/22","INFUKOLL GEL SOLUCIÓN INYECTABLE 4%","9/30/2002","BPH S.A.","GELATINA",""
"","F-26273/21","INFUSTINA LIOFILIZADO PARA SOLUCIÓN CONCENTRADA PARA PERFUSIÓN 100 mg","7/22/2021","PHARMATECH CHILE S.p.A.","BENDAMUSTINA",""
"","F-26686/22","INFUTEKAN SOLUCIÓN CONCENTRADA PARA PERFUSIÓN 300 mg/15 mL (IRINOTECÁN CLORHIDRATO TRIHIDRATO)","3/15/2022","PHARMATECH CHILE S.p.A.","IRINOTECAN",""
"","F-24291/23","INFUTEKAN SOLUCIÓN INYECTABLE 100 mg/5 mL (IRINOTECÁN CLORHIDRATO)","11/12/2018","PHARMATECH CHILE S.p.A.","IRINOTECAN",""
"","F-20244/23","INLYTA COMPRIMIDOS RECUBIERTOS 1 mg","8/26/2013","PFIZER CHILE S.A.","AXITINIB",""
"","F-20245/23","INLYTA COMPRIMIDOS RECUBIERTOS 5 mg","8/26/2013","PFIZER CHILE S.A.","AXITINIB",""
"","F-20109/23","INMUFEN CÁPSULAS 250 mg","7/9/2013 2:10","ASCEND LABORATORIES S.p.A.","MICOFENOLATO",""
"","F-19749/23","INMUFEN COMPRIMIDOS RECUBIERTOS 500 mg","1/31/2013 2:10","ASCEND LABORATORIES S.p.A.","MICOFENOLATO",""
"","B-1840/24","INMUNOGLOBULINA G ENDOVENOSA UNC SOLUCIÓN INYECTABLE 5 g /100 mL","11/12/2004","SOCIEDAD AGENCIA DE COMPRAS INTERNACIONALES Y NACIONALES LTDA.","INMUNOGLOBULINA HUMANA G",""
"","F-14606/25","INOMAX GAS PARA INHALACIÓN 800 PPM","2/14/2005","LINDE GAS CHILE S.A.","NITROGENO//OXIDO NITRICO",""
"","F-22352/25","INOMAX GAS PARA INHALACION 800 PPM (ÓXIDO NÍTRICO)","12/21/2015 2:10","LINDE GAS CHILE S.A.","OXIDO NITRICO",""
"","F-25037/24","INOVELON COMPRIMIDOS RECUBIERTOS 200 mg (RUFINAMIDA)","9/10/2019","LABORATORIO BIOTOSCANA FARMA S.p.A.","RUFINAMIDA",""
"","F-25038/24","INOVELON COMPRIMIDOS RECUBIERTOS 400 mg (RUFINAMIDA)","9/10/2019","LABORATORIO BIOTOSCANA FARMA S.p.A.","RUFINAMIDA",""
"","F-22735/21","INSPRA COMPRIMIDOS RECUBIERTOS 25 mg (EPLERENONA)","5/25/2016","ASPEN CHILE S.A.","Eplerenona",""
"","F-22736/21","INSPRA COMPRIMIDOS RECUBIERTOS 50 mg (EPLERENONA)","5/24/2016","ASPEN CHILE S.A.","EPLERENONA",""
"","F-25364/25","INSTGRA COMPRIMIDOS RECUBIERTOS 50 mg (DOLUTEGRAVIR SÓDICO)","4/6/2020","EMCURE PHARMA CHILE S.p.A.","DOLUTEGRAVIR",""
"","F-23280/21","INSTILLAGEL GEL TÓPICO","12/29/2016","D MANOLI CONSULTANT CHILE SpA","CLORHEXIDINA//LIDOCAINA",""
"","B-2338/23","INSULATARD SUSPENSIÓN INYECTABLE 100 UI/mL","9/6/2013","NOVO NORDISK FARMACÉUTICA LTDA.","INSULINA",""
"","B-2978/23","INSULATARD SUSPENSIÓN INYECTABLE 100 UI/mL","6/1/2023","NOVO NORDISK FARMACÉUTICA LTDA.","INSULINA",""
"","B-2578/26","INSULINA INSULATARD PENFILL SUSPENSIÓN INYECTABLE 100 U.I./mL","1/13/2016","NOVO NORDISK FARMACÉUTICA LTDA.","INSULINA",""
"","F-7937/21","INTAXEL COMPRIMIDOS 1 mg","6/6/2001","LABORATORIO CHILE S.A.","PRAMIPEXOL",""
"","F-24198/23","INTAXEL ER COMPRIMIDOS DE LIBERACIÓN PROLONGADA 0,375 mg","10/19/2018","LABORATORIO CHILE S.A.","PRAMIPEXOL",""
"","F-24203/23","INTAXEL ER COMPRIMIDOS DE LIBERACIÓN PROLONGADA 0,75 mg","10/19/2018","LABORATORIO CHILE S.A.","PRAMIPEXOL",""
"","F-24204/23","INTAXEL ER COMPRIMIDOS DE LIBERACIÓN PROLONGADA 1,5 mg","10/19/2018","LABORATORIO CHILE S.A.","PRAMIPEXOL",""
"","F-20332/23","INTELENCE COMPRIMIDOS 200 mg","9/7/2013 1:10","JOHNSON & JOHNSON DE CHILE S.A.","ETRAVIRINA",""
"","F-22815/21","INTRACARELIDO-E SOLUCIÓN INYECTABLE PARA USO DENTAL","6/22/2016","LABORATORIO MAVER S.A.","EPINEFRINA//LIDOCAINA",""
"","N-498/21","INUCAL SOLUCIÓN ORAL PARA GOTAS 0,8 g/mL","11/8/2011","LABORATORIOS PRATER S.A.","",""
"","F-12447/22","INVANZ POLVO LIOFILIZADO PARA SOLUCIÓN INYECTABLE 1 g (ERTAPENEM)","10/16/2002","MERCK SHARP & DOHME (I.A.) LLC","ERTAPENEM",""
"","F-19623/22","INVEGA SUSTENNA SUSPENSIÓN INYECTABLE DE LIBERACIÓN PROLONGADA 150 mg","10/10/2012 1:10","JOHNSON & JOHNSON DE CHILE S.A.","PALIPERIDONA",""
"","F-19620/22","INVEGA SUSTENNA SUSPENSIÓN INYECTABLE DE LIBERACIÓN PROLONGADA 50 mg","10/10/2012 1:10","JOHNSON & JOHNSON DE CHILE S.A.","PALIPERIDONA",""
"","F-19622/22","INVEGA SUSTENNA SUSPENSIÓN INYECTABLE DE LIBERACIÓN PROLONGADA DE 100 mg","10/10/2012 1:10","JOHNSON & JOHNSON DE CHILE S.A.","PALIPERIDONA",""
"","F-19621/22","INVEGA SUSTENNA SUSPENSIÓN INYECTABLE DE LIBERACIÓN PROLONGADA DE 75 mg","10/10/2012 1:10","JOHNSON & JOHNSON DE CHILE S.A.","PALIPERIDONA",""
"","F-25987/21","INVEGA TRINZA SUSPENSIÓN INYECTABLE DE LIBERACIÓN PROLONGADA 175 mg (PALIPERIDONA)","3/12/2021","JOHNSON & JOHNSON DE CHILE S.A.","PALIPERIDONA",""
"","F-25988/21","INVEGA TRINZA SUSPENSIÓN INYECTABLE DE LIBERACIÓN PROLONGADA 263 mg","3/12/2021","JOHNSON & JOHNSON DE CHILE S.A.","PALIPERIDONA",""
"","F-25989/21","INVEGA TRINZA SUSPENSIÓN INYECTABLE DE LIBERACIÓN PROLONGADA 350 mg (PALIPERIDONA)","3/12/2021","JOHNSON & JOHNSON DE CHILE S.A.","PALIPERIDONA",""
"","F-25990/21","INVEGA TRINZA SUSPENSIÓN INYECTABLE DE LIBERACIÓN PROLONGADA 525 mg","3/12/2021","JOHNSON & JOHNSON DE CHILE S.A.","PALIPERIDONA",""
"","F-25252/25","INVICTUS COMPRIMIDOS RECUBIERTOS 20 mg (TADALAFILO)","1/28/2020","DEUTSCHE PHARMA S.A.","TADALAFILO",""
"","F-25251/25","INVICTUS COMPRIMIDOS RECUBIERTOS 5 mg (TADALAFILO)","1/28/2020","DEUTSCHE PHARMA S.A.","TADALAFILO",""
"","F-23573/22","INVOKANA COMPRIMIDOS RECUBIERTOS 300 mg (CANAGLIFLOZINA)","8/8/2017","JOHNSON & JOHNSON DE CHILE S.A.","CANAGLIFLOZINA",""
"","F-24550/24","IPHSAFLEX 10 comprimidos recubiertos 10 mg (CICLOBENZAPRINA CLORHIDRATO)","1/14/2019","INTERPHARMA S.A.","CICLOBENZAPRINA",""
"","F-17556/24","IPHSAFLEX 5 COMPRIMIDOS RECUBIERTOS 5 mg","5/15/2009","INTERPHARMA S.A.","CICLOBENZAPRINA",""
"","F-12972/23","IPRAN COMPRIMIDOS RECUBIERTOS 10 mg","7/15/2003","LABORATORIOS RECALCINE S.A.","ESCITALOPRAM",""
"","F-12973/23","IPRAN COMPRIMIDOS RECUBIERTOS 20 mg (ESCITALOPRAM OXALATO)","7/15/2003","LABORATORIOS RECALCINE S.A.","ESCITALOPRAM",""
"","F-19969/23","IPRASYNT HFA AEROSOL PARA INHALACIÓN 20 mcg/DOSIS","5/22/2013 2:10","FAES FARMA CHILE, SALUD Y NUTRICIÓN SpA","BROMURO DE IPRATROPIO",""
"","F-22210/25","IPRATROPIO BROMURO SOLUCIÓN PARA INHALACIÓN 0,025%","10/15/2015","LUXYPHARM S.p.A.","BROMURO DE IPRATROPIO",""
"","F-14069/24","IPSON - D FORTE SUSPENSIÓN ORAL","8/27/2004","LABORATORIOS SAVAL S.A.","IBUPROFENO//PSEUDOEFEDRINA",""
"","F-14067/24","IPSON - D SUSPENSIÓN ORAL","8/25/2004","LABORATORIOS SAVAL S.A.","IBUPROFENO//PSEUDOEFEDRINA",""
"","F-18653/21","IRAZEM 10 COMPRIMIDOS 10 mg","5/23/2011","DEUTSCHE PHARMA S.A.","ARIPIPRAZOL",""
"","F-18654/21","IRAZEM 15 COMPRIMIDOS 15 mg","5/23/2011","DEUTSCHE PHARMA S.A.","ARIPIPRAZOL",""
"","F-24619/24","IRAZEM ODT 10 COMPRIMIDOS BUCODISPERSABLES 10 mg (ARIPIPRAZOL)","2/4/2019","DEUTSCHE PHARMA S.A.","ARIPIPRAZOL",""
"","F-24623/24","IRAZEM ODT 15 COMPRIMIDOS BUCODISPERSABLES 15 mg (ARIPIPRAZOL)","2/4/2019","DEUTSCHE PHARMA S.A.","ARIPIPRAZOL",""
"","F-21513/24","IRBEVITAE COMPRIMIDOS RECUBIERTOS 150 mg (IRBESARTAN)","11/10/2014","GALENICUM HEALTH CHILE S.p.A.","IRBESARTAN",""
"","F-21514/24","IRBEVITAE COMPRIMIDOS RECUBIERTOS 300 mg (IRBESARTAN)","11/10/2014","GALENICUM HEALTH CHILE S.p.A.","IRBESARTAN",""
"","F-23074/21","IRICAN CONCENTRADO PARA SOLUCIÓN PARA PERFUSIÓN 100 mg/5 mL","9/23/2016","SEVEN PHARMA CHILE S.p.A.","IRINOTECAN",""
"","F-26374/21","IRINOTECAN CLORHIDRATO TRIHIDRATO SOLUCIÓN CONCENTRADA PARA PERFUSIÓN 100 mg/5 mL","9/6/2021","FARMACÉUTICA XENIUS SPA","IRINOTECAN",""
"","F-26375/21","IRINOTECAN CLORHIDRATO TRIHIDRATO SOLUCIÓN CONCENTRADA PARA PERFUSIÓN 300 mg/15 mL","9/6/2021","FARMACÉUTICA XENIUS SPA","IRINOTECAN",""
"","F-25827/25","IRINOTECAN CLORHIDRATO TRIHIDRATO SOLUCIÓN INYECTABLE 100 mg/ 5 mL","11/30/2020","BLAU FARMACEUTICA CHILE S.p.A.","IRINOTECAN",""
"","F-19025/21","IRINOTECAN CLORHIDRATO TRIHIDRATO SOLUCIÓN INYECTABLE 100 mg/5 mL","10/26/2011 2:10","LABORATORIO SANDERSON SpA","IRINOTECAN",""
"","F-14118/24","IRINOTECAN CLORHIDRATO TRIHIDRATO SOLUCIÓN INYECTABLE 100 mg/5 mL","9/3/2004","LIBRA CHILE S.A.","IRINOTECAN",""
"","F-16158/22","IRINOTECAN CLORHIDRATO TRIHIDRATO SOLUCIÓN INYECTABLE 100 mg/5 mL","7/3/2007","FRESENIUS KABI CHILE LTDA.","IRINOTECAN",""
"","F-27158/22","IRKEM COMPRIMIDOS RECUBIERTOS 150 mg (IRBESARTÁN)","11/15/2022","ASCEND LABORATORIES S.p.A.","IRBESARTAN",""
"","F-27159/22","IRKEM COMPRIMIDOS RECUBIERTOS 300 mg (IRBESARTÁN)","11/15/2022","ASCEND LABORATORIES S.p.A.","IRBESARTAN",""
"","F-20123/23","ISENTRESS COMPRIMIDOS RECUBIERTOS 400 mg","7/13/2013","MERCK SHARP & DOHME (I.A.) LLC","RALTEGRAVIR",""
"","F-29394/26","ISENTRESS COMPRIMIDOS RECUBIERTOS 400 mg (RALTEGRAVIR)","1/12/2026","MERCK SHARP & DOHME (I.A) LLC, AGENCIA EN CHILE","RALTEGRAVIR",""
"","F-26089/21","ISENTRESS HD COMPRIMIDOS RECUBIERTOS 600 mg","4/19/2021","MERCK SHARP & DOHME (I.A.) LLC","RALTEGRAVIR",""
"","F-23625/22","ISENTRESS HD COMPRIMIDOS RECUBIERTOS 600 mg","10/20/2017","MERCK SHARP & DOHME (I.A.) LLC","RALTEGRAVIR",""
"","F-24171/23","ISEREN COMPRIMIDOS RECUBIERTOS 100 mg (SERTRALINA)","10/9/2018","OPKO CHILE S.A.","SERTRALINA",""
"","F-23137/21","ISEREN COMPRIMIDOS RECUBIERTOS 50 mg (SERTRALINA)","10/24/2016","ARAMA NATURAL PRODUCTS DISTRIBUIDORA LTDA.","SERTRALINA",""
"","F-4162/25","ISMO COMPRIMIDOS 20 mg","3/7/1984 2:10","GEMARKPHARMA LTDA.","ISOSORBIDA MONONITRATO",""
"","F-16538/22","ISOCAINE 2% CON CORBADRINA 1:20.000 SOLUCIÓN INYECTABLE PARA USO DENTAL","11/30/2007","SOCIEDAD IMPORTADORA DENTAL S.A. ""SIDENTAL""","CORBADRINA//MEPIVACAINA",""
"","F-16063/22","ISOCAINE SOLUCIÓN INYECTABLE PARA USO DENTAL 3%.","4/25/2007","SOCIEDAD IMPORTADORA DENTAL S.A. ""SIDENTAL""","MEPIVACAINA",""
"","F-10142/26","ISOFLURANO LÍQUIDO PARA INHALACIÓN","1/22/1996","INDUSTRIAL Y COMERCIAL BAXTER DE CHILE LTDA.","ISOFLURANO",""
"","F-238/22","ISOFLURANO SOLUCIÓN PARA INHALACIÓN","12/9/1997","BPH S.A.","ISOFLURANO",""
"","F-24377/23","ISOFORINE LÍQUIDO PARA INHALACIÓN (ISOFLURANO)","11/28/2018","CRISTALIA CHILE S.p.A.","ISOFLURANO",""
"","F-21584/19","ISONIAZIDA COMPRIMIDOS 100 mg","12/9/2014","VESALIUS PHARMA S.A.","ISONIAZIDA",""
"","F-21872/20","ISONIAZIDA COMPRIMIDOS 300 mg","5/26/2015","VESALIUS PHARMA S.A.","ISONIAZIDA",""
"","F-7661/21","ISOPROTERENOL CLORHIDRATO SOLUCIÓN INYECTABLE 1 mg/5 mL","5/30/1990 2:10","LABORATORIO BIOSANO S.A.","ISOPROTERENOL",""
"","F-6066/25","ISOPTINA S.R. COMPRIMIDOS RECUBIERTOS DE LIBERACIÓN PROLONGADA 240 mg","2/9/1988 2:10","ABBOTT LABORATORIES DE CHILE LTDA.","VERAPAMILO",""
"","F-7204/25","ISOSORBIDA DINITRATO COMPRIMIDOS 10 mg","11/10/2000","MINTLAB CO. S.A.","ISOSORBIDA DINITRATO",""
"","F-9091/21","ISQUELIUM COMPRIMIDOS 4 mg","9/26/2001","SYNTHON CHILE LTDA.","ACENOCUMAROL",""
"","F-13898/24","ISTEFRAL CÁPSULAS 50 mg (SULPIRIDA)","6/18/2004","MINTLAB Co. S.A.","SULPIRIDA",""
"","F-22254/25","ITOXARIL SOLUCIÓN INYECTABLE 100 mg/5 mL","11/5/2015","LABORATORIO LKM CHILE S.p.A.","IRINOTECAN",""
"","F-27954/23","ITRAC 100 CÁPSULAS CON MICROGRÁNULOS 100 mg (ITRACONAZOL)","11/27/2023","LABORATORIO D & M PHARMA LTDA.","ITRACONAZOL",""
"","F-22762/21","ITRACONAZOL CÁPSULAS 100 mg","6/7/2016","ASCEND LABORATORIES SpA","ITRACONAZOL",""
"","F-27298/23","ITRACONAZOL CÁPSULAS 100 mg","1/24/2023","EMCURE PHARMA CHILE S.p.A.","ITRACONAZOL",""
"","F-23791/23","IVERCASS SOLUCIÓN ORAL PARA GOTAS 0,6% (IVERMECTINA)","4/23/2018","LABORATORIOS D & M PHARMA LTDA.","Ivermectina",""
"","F-23697/23","IVERCREM CREMA TÓPICA 1% (IVERMECTINA)","1/24/2018","LABORATORIOS D & M PHARMA LTDA.","Ivermectina",""
"","F-27592/23","IVERGALEN COMPRIMIDOS 3 mg (IVERMECTINA)","6/27/2023","GALENICUM HEALTH CHILE S.p.A.","IVERMECTINA",""
"","F-29380/25","IVERMECTINA CREMA DÉRMICA 1%","12/30/2025","ALPES CHEMIE S.A.","IVERMECTINA",""
"","F-26174/21","IVERMECTINA SOLUCIÓN PARA GOTAS ORALES 6 mg/mL","5/25/2021","LABORATORIOS BOCELI SpA","IVERMECTINA",""
"","F-16559/22","IVERX SOLUCIÓN ORAL PARA GOTAS 0,6 %","11/30/2007","LABORATORIO PASTEUR S.A.","IVERMECTINA",""
"","F-21820/25","IZINOVA CONCENTRADO PARA SOLUCIÓN ORAL","4/21/2015","LABORATORIOS RECALCINE S.A.","MAGNESIO SULFATO//POTASIO SULFATO//SODIO SULFATO",""
"","F-10669/21","IZOFRAN COMPRIMIDOS RECUBIERTOS 4 mg","12/26/1990","SANDOZ CHILE S.p.A.","ONDANSETRON",""
"","F-10670/21","IZOFRAN COMPRIMIDOS RECUBIERTOS 8 mg","12/26/1990","SANDOZ CHILE S.p.A.","ONDANSETRON",""
"","F-26113/21","IZOFRAN SOLUCIÓN INYECTABLE 4 mg/2 mL (ONDANSETRÓN)","4/27/2021","SANDOZ CHILE S.p.A.","ONDANSETRON",""
"","F-26114/21","IZOFRAN SOLUCIÓN INYECTABLE 8 mg/4 mL (ONDANSETRÓN)","4/27/2021","SANDOZ CHILE S.p.A.","ONDANSETRON",""
"","F-11938/22","IZOFRAN ZYDIS TABLETAS LIOFILIZADAS DE DISPERSIÓN BUCAL 4 mg (ONDANSETRÓN)","2/15/2002","SANDOZ CHILE S.p.A.","ONDANSETRON",""
"","F-11939/22","IZOFRAN ZYDIS TABLETAS LIOFILIZADAS DE DISPERSIÓN BUCAL 8 mg (ONDANSETRÓN)","2/15/2002","SANDOZ CHILE S.p.A.","ONDANSETRON",""
"","F-17920/25","JADELLE IMPLANTES SUBDÉRMICOS 2 X 75 mg (LEVONORGESTREL)","1/21/2010","BAYER S.A.","LEVONORGESTREL",""
"","F-21873/25","JAKAVI COMPRIMIDOS 10 mg (RUXOLITINIB FOSFATO)","5/28/2015","NOVARTIS CHILE S.A.","RUXOLITINIB",""
"","F-19702/22","JAKAVI COMPRIMIDOS 15 mg (RUXOLITINIB FOSFATO)","12/4/2012","NOVARTIS CHILE S.A.","RUXOLITINIB",""
"","F-19703/22","JAKAVI COMPRIMIDOS 20 mg (RUXOLINITIB FOSFATO)","12/4/2012","NOVARTIS CHILE S.A.","RUXOLITINIB",""
"","F-19701/22","JAKAVI COMPRIMIDOS 5 mg (RUXOLITINIB FOSFATO)","12/4/2012","NOVARTIS CHILE S.A.","RUXOLITINIB",""
"","F-21604/24","JANUMET 50/1000 COMPRIMIDOS RECUBIERTOS","12/16/2014","MERCK SHARP & DOHME (I.A.) LLC","METFORMINA//SITAGLIPTINA",""
"","F-21602/24","JANUMET 50/500 COMPRIMIDOS RECUBIERTOS","12/15/2014","MERCK SHARP & DOHME (I.A.) LLC","METFORMINA//SITAGLIPTINA",""
"","F-21603/24","JANUMET 50/850 COMPRIMIDOS RECUBIERTOS","12/16/2014","MERCK SHARP & DOHME (I.A.) LLC","METFORMINA//SITAGLIPTINA",""
"","F-20932/24","JANUMET XR 100/1000 COMPRIMIDOS DE LIBERACIÓN PROLONGADA (SITAGLIPTINA/METFORMINA)","2/18/2014","MERCK SHARP & DOHME (I.A.) LLC","METFORMINA//SITAGLIPTINA",""
"","F-22458/21","JANUMET XR 100/1000 COMPRIMIDOS RECUBIERTOS DE LIBERACIÓN PROLONGADA","2/11/2016","MERCK SHARP & DOHME (I.A.) LLC","METFORMINA//SITAGLIPTINA",""
"","F-20933/24","JANUMET XR 50/1000 COMPRIMIDOS DE LIBERACIÓN PROLONGADA (SITAGLIPTINA/METFORMINA)","2/18/2014","MERCK SHARP & DOHME (I.A.) LLC","METFORMINA//SITAGLIPTINA",""
"","F-22457/21","JANUMET XR 50/1000 COMPRIMIDOS RECUBIERTOS DE LIBERACIÓN PROLONGADA","2/11/2016","MERCK SHARP & DOHME (I.A.) LLC","METFORMINA//SITAGLIPTINA",""
"","F-21956/25","JANUVIA COMPRIMIDOS RECUBIERTOS 100 mg (SITAGLIPTINA)","6/24/2015 2:10","MERCK SHARP & DOHME (I.A.) LLC","SITAGLIPTINA",""
"","F-21440/24","JARDIANCE COMPRIMIDOS RECUBIERTOS 10 mg","10/6/2014 2:10","BOEHRINGER INGELHEIM LTDA.","EMPAGLIFLOZINA",""
"","F-26550/21","JARDIANCE COMPRIMIDOS RECUBIERTOS 10 mg","12/21/2021","BOEHRINGER INGELHEIM LTDA.","EMPAGLIFLOZINA",""
"","F-26551/21","JARDIANCE COMPRIMIDOS RECUBIERTOS 25 mg","12/21/2021","BOEHRINGER INGELHEIM LTDA.","EMPAGLIFLOZINA",""
"","F-21142/24","JARDIANCE COMPRIMIDOS RECUBIERTOS 25 mg","6/3/2014 2:10","BOEHRINGER INGELHEIM LTDA.","EMPAGLIFLOZINA",""
"","F-21912/25","JARDIANCE DUO 12,5 / 1000 COMPRIMIDOS RECUBIERTOS","6/12/2015 2:10","BOEHRINGER INGELHEIM LTDA.","EMPAGLIFLOZINA//METFORMINA",""
"","F-26502/21","JARDIANCE DUO 12,5 /1000 COMPRIMIDOS RECUBIERTOS","11/12/2021","BOEHRINGER INGELHEIM LTDA.","EMPAGLIFLOZINA//METFORMINA",""
"","F-26485/21","JARDIANCE DUO 12,5/850 COMPRIMIDOS RECUBIERTOS","11/3/2021","BOEHRINGER INGELHEIM LTDA.","EMPAGLIFLOZINA//METFORMINA",""
"","F-21907/25","JARDIANCE DUO 12,5/850 COMPRIMIDOS RECUBIERTOS","6/12/2015 2:10","BOEHRINGER INGELHEIM LTDA.","EMPAGLIFLOZINA//METFORMINA",""
"","F-22441/21","JOLIAN COMPRIMIDOS RECUBIERTOS","2/4/2016","GEDEON RICHTER CHILE SPA","DROSPIRENONA//ETINILESTRADIOL",""
"","F-27897/23","JOVIUS COMPRIMIDOS 50 mg (VILDAGLIPTINA)","10/31/2023","LABORATORIO CHILE S.A.","VILDAGLIPTINA",""
"","F-28125/24","JOVIUS MET 50/1000 COMPRIMIDOS RECUBIERTOS","3/5/2024","LABORATORIO CHILE S.A.","METFORMINA//VILDAGLIPTINA",""
"","F-28130/24","Jovius Met 50/850 COMPRIMIDOS RECUBIERTOS","3/13/2024","LABORATORIO CHILE S.A.","METFORMINA//VILDAGLIPTINA",""
"","F-23731/23","JULIETTE COMPRIMIDOS RECUBIERTOS","3/13/2018","MINTLAB Co. S.A.","CLORMADINONA//ETINILESTRADIOL",""
"","F-27586/23","JULITAM COMPRIMIDOS RECUBIERTOS 1000 mg (LEVETIRACETAM)","6/16/2023","FARMEDICAL S.p.A.","LEVETIRACETAM",""
"","F-27585/23","JULITAM COMPRIMIDOS RECUBIERTOS 500 mg (LEVETIRACETAM)","6/14/2023","FARMEDICAL S.p.A.","LEVETIRACETAM",""
"","F-24594/24","JULUCA COMPRIMIDOS RECUBIERTOS (DOLUTEGRAVIR/RILPIVIRINA)","2/1/2019","GLAXOSMITHKLINE CHILE FARMACÉUTICA LTDA.","DOLUTEGRAVIR//RILPIVIRINA",""
"","F-26581/22","JUSTEEZ-50 COMPRIMIDOS 50 mg (VILDAGLIPTINA)","1/13/2022","EMCURE PHARMA CHILE S.p.A.","VILDAGLIPTINA",""
"","F-23530/22","JUVENEX COMPRIMIDOS RECUBIERTOS","7/3/2017","DEUTSCHE PHARMA S.A.","ETINILESTRADIOL//GESTODENO",""
"","F-17716/24","KABIZOL SOLUCIÓN INYECTABLE 500 mg/ 100 mL","9/2/2009","FRESENIUS KABI CHILE LTDA.","METRONIDAZOL",""
"","B-2742/23","KADCYLA LIOFILIZADO PARA CONCENTRADO PARA SOLUCIÓN PARA PERFUSIÓN 100 mg (TRASTUZUMAB EMTANSINA)","12/26/2018","ROCHE CHILE LTDA.","TRASTUZUMAB",""
"","B-2743/23","KADCYLA LIOFILIZADO PARA CONCENTRADO PARA SOLUCIÓN PARA PERFUSIÓN 160 MG (TRASTUZUMAB EMTANSINA)","12/26/2018","ROCHE CHILE LTDA.","TRASTUZUMAB",""
"","F-26105/21","KADITUR COMPRIMIDOS RECUBIERTOS 40 mg (OTILONIO BROMURO)","4/26/2021","FAES FARMA CHILE, SALUD Y NUTRICIÓN SpA","OTILONIO BROMURO",""
"","F-26909/22","KAIRÓS PF SOLUCIÓN OFTÁLMICA 0,005% (LATANOPROST)","7/25/2022","ESPECIALIDADES OFTALMOLÓGICAS SUCURSAL CHILE SPA","LATANOPROST",""
"","F-7362/26","KALETRA SOLUCIÓN ORAL","1/22/2001 2:10","ABBVIE PRODUCTOS FARMACÉUTICOS LTDA.","LOPINAVIR//RITONAVIR",""
"","F-26737/22","KALITIUM COMPRIMIDOS DE LIBERACIÓN PROLONGADA 450 mg (CARBONATO DE LITIO)","4/13/2022","EUROFARMA CHILE SpA","LITIO CARBONATO",""
"","F-25996/21","KALITIUM COMPRIMIDOS RECUBIERTOS 300 mg (CARBONATO DE LITIO)","2/24/2021","EUROFARMA CHILE SpA","LITIO CARBONATO",""
"","N-483/25","KALOBA COMPRIMIDOS RECUBIERTOS 20 mg","5/11/2010 2:10","MEGALABS CHILE S.A.","",""
"","N-449/22","KALOBA SOLUCIÓN ORAL PARA GOTAS 0,8 g/mL","6/15/2007","MEGALABS CHILE S.A.","",""
"","B-2019/23","KAMRho-D SOLUCIÓN INYECTABLE 300 mcg","3/5/2008","BPH S.A.","",""
"","F-8560/21","KANACITRIN GRANULADO PARA SOLUCIÓN ORAL","9/23/1996","SYNTHON CHILE LTDA.","ACIDO CITRICO//POTASIO CITRATO",""
"","F-16816/23","KAONOL COMPRIMIDOS 3 mg","5/14/2008","LABORATORIOS RECALCINE S.A.","IVERMECTINA",""
"","F-22034/25","KAPH SOLUCIÓN OFTÁLMICA 0,5%","7/29/2015 2:10","ETHON PHARMACEUTICALS S.p.A.","CLORANFENICOL",""
"","F-19320/22","KAPH UNGÜENTO OFTÁLMICO 1%","3/21/2012","ETHON PHARMACEUTICALS S.p.A.","CLORANFENICOL",""
"","F-28375/24","KARFIB LIOFILIZADO PARA SOLUCIÓN INTECTABLE 60 mg (CARFILZOMIB)","7/17/2024","LABORATORIO LKM CHILE S.p.A.","CARFILZOMIB",""
"","F-26639/22","KASMASIN SHAMPOO 2%","2/15/2022","SOCIEDAD FARMACÉUTICA TERVIS PHARMA LTDA.","KETOCONAZOL",""
"","F-3534/25","KATIN GRAGEAS","10/23/1940","INSTITUTO SANITAS S.A.","MENADIONA//SALES BILIARES",""
"","F-26098/21","KCHEK POLVO PARA SUSPENSIÓN ORAL","4/20/2021","ZERICUM S.p.A.","POLIESTIRENO",""
"","F-28430/24","KELZY COMPRIMIDOS RECUBIERTOS DE LIBERACIÓN PROLONGADA","10/14/2024","EXELTIS CHILE S.p.A.","DIENOGEST//ETINILESTRADIOL",""
"","F-26087/21","KEMFLUD SOLUCIÓN INYECTABLE 250 mg/5 mL (FULVESTRANT)","4/13/2021","LABORATORIO KEMEX CHILE LTDA.","FULVESTRANT",""
"","F-21531/24","KENALER SOLUCIÓN OFTÁLMICA 0,05% (KETOTIFENO)","11/13/2014","ESPECIALIDADES OFTALMOLÓGICAS SUCURSAL CHILE SPA","KETOTIFENO",""
"","F-17209/23","KEPPRA COMPRIMIDOS RECUBIERTOS 1000 mg","11/18/2008","GLAXOSMITHKLINE CHILE FARMACÉUTICA LTDA.","LEVETIRACETAM",""
"","F-17208/23","KEPPRA COMPRIMIDOS RECUBIERTOS 500 mg","11/18/2008","GLAXOSMITHKLINE CHILE FARMACÉUTICA LTDA.","LEVETIRACETAM",""
"","F-19254/22","KEPPRA CONCENTRADO PARA SOLUCIÓN PARA INFUSIÓN 100 mg/mL (LEVETIRACETAM)","2/27/2012 2:10","GLAXOSMITHKLINE CHILE FARMACÉUTICA LTDA.","LEVETIRACETAM",""
"","F-17279/24","KEPPRA SOLUCIÓN ORAL 100 mg/mL (LEVETIRACETAM)","1/14/2009","GLAXOSMITHKLINE CHILE FARMACÉUTICA LTDA.","LEVETIRACETAM",""
"","F-24340/23","KERTIN CÁPSULAS 0,5 mg (FINGOLIMOD)","11/21/2018","SYNTHON CHILE LTDA.","FINGOLIMOD",""
"","B-2929/22","KESIMPTA SOLUCIÓN INYECTABLE 20 mg/0,4 mL (OFATUMUMAB)","3/31/2022","NOVARTIS CHILE S.A.","OFATUMUMAB",""
"","F-28357/24","KETA-S NP SOLUCIÓN INYECTABLE 100mg/2 mL (ESKETAMINA)","7/30/2024","CRISTALIA CHILE S.p.A.","ESKETAMINA","Psicotrópico"
"","F-18133/25","KETANOR COMPRIMIDOS RECUBIERTOS 10 mg","6/30/2010","ITF - LABOMED FARMACÉUTICA LTDA.","KETOROLACO TROMETAMOL",""
"","F-18287/25","KETANOR SL COMPRIMIDOS SUBLINGUALES 30 mg","9/13/2010","ITF - LABOMED FARMACÉUTICA LTDA.","KETOROLACO TROMETAMOL",""
"","F-21616/24","KETANOR SOLUCIÓN INYECTABLE 30 mg/1 mL (KETOROLACO TROMETAMINA )","12/17/2014","ITF - LABOMED FARMACÉUTICA LTDA.","KETOROLACO TROMETAMOL",""
"","F-11646/21","KETOCONAZOL 2% CREMA","2/28/1995","LABORATORIO PASTEUR S.A.","KETOCONAZOL",""
"","F-3019/25","KETOCONAZOL COMPRIMIDOS 200 mg","2/10/2000 2:10","MINTLAB Co. S.A.","KETOCONAZOL",""
"","F-12334/22","KETOCONAZOL CREMA DÉRMICA 2%","8/27/2002","MINTLAB Co. S.A.","KETOCONAZOL",""
"","F-21069/24","KETOCONAZOL CREMA TÓPICA 2 %","4/28/2014","LABORATORIO HOSPIFARMA CHILE LTDA.","KETOCONAZOL",""
"","F-27345/23","KETOCONAZOL CREMA TOPICA 2%","2/17/2023","ASCEND LABORATORIES S.p.A.","KETOCONAZOL",""
"","F-24592/24","KETOCONAZOL CREMA TÓPICA 2%","1/25/2019","ASCEND LABORATORIES S.p.A.","KETOCONAZOL",""
"","F-23984/23","KETOCONAZOL CREMA TÓPICA 2%","8/29/2018","LABORATORIO HOSPIFARMA CHILE LTDA.","KETOCONAZOL",""
"","F-15340/25","KETOCONAZOL CREMA TÓPICA 2%","12/20/2005","LABORATORIO CHILE S.A.","KETOCONAZOL",""
"","F-27765/23","KETOCONAZOL CREMA TÓPICA 2%","8/22/2023","LABORATORIO SCL LIMITADA","KETOCONAZOL",""
"","F-28067/24","KETODAC CHAMPÚ 2% (KETOCONAZOL)","1/29/2024","SEVEN PHARMA CHILE S.p.A.","KETOCONAZOL",""
"","F-9897/21","KETOPROFENO CÁPSULAS 50 mg","11/29/1994 2:10","MINTLAB Co. S.A.","Ketoprofeno",""
"","F-16049/22","KETOPROFENO CÁPSULAS 50 mg","5/16/2007","LABORATORIO CHILE S.A.","KETOPROFENO",""
"","F-15951/22","KETOPROFENO COMPRIMIDOS CON RECUBRIMIENTO ENTÉRICO 100 mg","2/20/2007","MINTLAB Co. S.A.","KETOPROFENO",""
"","F-23980/23","KETOPROFENO GEL TÓPICO 2,5% ","7/31/2018","B Y B FARMACÉUTICA LTDA.","KETOPROFENO",""
"","F-25380/25","KETOPROFENO IV SOLUCIÓN INYECTABLE 100 mg/ 2 mL","4/8/2020","LABORATORIO SANDERSON SpA","KETOPROFENO",""
"","F-24891/24","KETOPROFENO LIOFILIZADO PARA SOLUCIÓN INYECTABLE 100 mg","6/20/2019","DIFEM LABORATORIOS S.A.","KETOPROFENO",""
"","F-25542/25","KETOPROFENO LIOFILIZADO PARA SOLUCIÓN INYECTABLE 100 mg","7/7/2020","EUROFARMA CHILE SpA","KETOPROFENO",""
"","F-12905/23","KETOPROFENO SOLUCIÓN INYECTABLE 100 mg/2 mL","6/12/2003","LABORATORIO BIOSANO S.A.","KETOPROFENO",""
"","F-7663/21","KETOPROFENO SOLUCIÓN INYECTABLE 100 mg/2 mL","11/16/1993","LABORATORIO BIOSANO S.A.","KETOPROFENO",""
"","F-9898/21","KETOPROFENO T.U. COMPRIMIDOS CON RECUBRIMIENTO ENTÉRICO DE LIBERACIÓN PROLONGADA 200 mg","12/19/1994","MINTLAB Co. S.A.","KETOPROFENO",""
"","F-29349/25","KETOROLACO COMPRIMIDOS SUBLINGUALES 30 mg","11/25/2025","PISA FARMACÉUTICA DE CHILE SpA","KETOROLACO TROMETAMOL",""
"","F-27759/23","KETOROLACO TROMETAMINA COMPRIMIDOS RECUBIERTOS 10 mg","8/21/2023","SEVEN PHARMA CHILE S.p.A.","KETOROLACO TROMETAMOL",""
"","F-27703/23","KETOROLACO TROMETAMINA SOLUCIÓN INYECTABLE 30 mg/1 mL","7/31/2023","BPH S.A.","KETOROLACO TROMETAMOL",""
"","F-28387/24","KETOROLACO TROMETAMINA SOLUCIÓN INYECTABLE 30 mg/1 mL","7/23/2024","FLEXING CHILE S.p.A.","KETOROLACO TROMETAMOL",""
"","F-27409/23","KETOROLACO TROMETAMINA SOLUCIÓN INYECTABLE 30 mg/1 mL","3/28/2023","NEOETHICALS CHILE S.p.A.","KETOROLACO TROMETAMOL",""
"","F-27687/23","KETOROLACO TROMETAMINA SOLUCIÓN INYECTABLE 60 mg/2 mL","7/25/2023","NEOETHICALS CHILE S.p.A.","KETOROLACO TROMETAMOL",""
"","F-11628/21","KETOROLACO TROMETAMOL COMPRIMIDOS 10 mg","3/28/1994","LABORATORIO PASTEUR S.A.","KETOROLACO TROMETAMOL",""
"","F-8344/21","KETOROLACO TROMETAMOL COMPRIMIDOS RECUBIERTOS 10 mg","11/20/1992","LABORATORIO CHILE S.A.","KETOROLACO TROMETAMOL",""
"","F-12349/22","KETOROLACO TROMETAMOL COMPRIMIDOS RECUBIERTOS 10 mg","8/20/2002","MINTLAB Co. S.A.","KETOROLACO TROMETAMOL",""
"","F-24079/23","KETOROLACO TROMETAMOL SOLUCIÓN INYECTABLE 30 mg/ 1 mL","9/4/2018","SEVEN PHARMA CHILE S.p.A.","KETOROLACO TROMETAMOL",""
"","F-23402/22","KETOROLACO TROMETAMOL SOLUCIÓN INYECTABLE 30 mg/1 mL","3/30/2017","LABORATORIO HOSPIFARMA CHILE LTDA.","KETOROLACO TROMETAMOL",""
"","F-7664/21","KETOROLACO TROMETAMOL SOLUCIÓN INYECTABLE 30 mg/mL","8/1/1994","LABORATORIO BIOSANO S.A.","KETOROLACO TROMETAMOL",""
"","F-25513/25","KETOROLACO TROMETAMOL SOLUCIÓN INYECTABLE 60mg/2mL","7/8/2020","SEVEN PHARMA CHILE S.p.A.","KETOROLACO TROMETAMOL",""
"","F-19881/23","KETOSTERIL COMPRIMIDOS RECUBIERTOS","4/10/2013","FRESENIUS KABI CHILE LTDA.","CALCIO OXOBUTIRATO//CALCIO OXOVALERATO//CALCIO OXOVALERATO//CALCIO PROPIONATO//CALCIO TIOBUTIRATO//HISTIDINA//LISINA//TIROSINA//TREONINA//TRIPTOFANO",""
"","F-21431/24","KEVAL COMPRIMIDOS RECUBIERTOS 40 mg (ELETRIPTÁN)","10/1/2014","LABORATORIOS SAVAL S.A.","ELETRIPTAN",""
"","B-2631/21","KEYTRUDA RECOMBINANTE CONCENTRADO PARA SOLUCIÓN PARA PERFUSIÓN 100 mg/4 mL (PEMBROLIZUMAB) ","6/24/2016","MERCK SHARP & DOHME (I.A.) LLC","PEMBROLIZUMAB",""
"","F-28034/24","KI-CAB COMPRIMIDOS RECUBIERTOS 50 mg (TEGOPRAZAN)","1/9/2024 23:00","LABORATORIOS SAVAL S.A.","TEGOPRAZAN",""
"","F-22983/21","KIOL DIA NOCHE COMPRIMIDOS RECUBIERTOS","8/31/2016","MEGALABS CHILE S.A.","CLORFENAMINA//PARACETAMOL//PSEUDOEFEDRINA",""
"","B-2057/23","KIOVIG (INMUNOGLOBULINA HUMANA) SOLUCIÓN INYECTABLE 100 mg/mL","10/23/2008","TAKEDA CHILE SpA","INMUNOGLOBULINA HUMANA",""
"","F-23019/21","KIPANIB COMPRIMIDOS RECUBIERTOS 200 mg (PAZOPANIB)","8/29/2016","VARIFARMA CHILE S.p.A.","PAZOPANIB",""
"","F-23020/21","KIPANIB COMPRIMIDOS RECUBIERTOS 400 mg (PAZOPANIB)","8/29/2016","VARIFARMA CHILE S.p.A.","PAZOPANIB",""
"","F-27864/23","KISQALI COMPRIMIDOS RECUBIERTOS 200 mg (RIBOCICLIB)","10/4/2023","NOVARTIS CHILE S.A.","RIBOCICLIB",""
"","F-22345/25","KIVEXA 600/300 COMPRIMIDOS RECUBIERTOS","12/16/2015 2:10","GLAXOSMITHKLINE CHILE FARMACÉUTICA LTDA.","ABACAVIR//LAMIVUDINA",""
"","F-27202/22","KLARE SOLUCIÓN OFTÁLMICA 0,3 mg/mL (BIMATOPROST)","12/6/2022","OPKO CHILE S.A.","BIMATOPROST",""
"","F-28122/24","KLARE T SOLUCIÓN OFTÁLMICA (BIMATROPRIOST / TIMOLOL MALEATO)","3/6/2024","OPKO CHILE S.A.","BIMATOPROST//TIMOLOL",""
"","F-15781/21","KLARICID COMPRIMIDOS RECUBIERTOS FILMTAB 500 mg (CLARITROMICINA)","3/13/1996","ABBOTT LABORATORIES DE CHILE LTDA.","CLARITROMICINA",""
"","F-6488/20","KLARICID I.V. LIOFILIZADO PARA SOLUCIÓN INYECTABLE 500 mg CON SOLVENTE ","8/29/2000","ABBOTT LABORATORIES DE CHILE LTDA.","CLARITROMICINA",""
"","F-9197/21","KLARICID PEDIÁTRICO GRÁNULOS PARA SUSPENSIÓN ORAL 250 mg/5 mL (CLARITROMICINA)","2/11/1994","ABBOTT LABORATORIES DE CHILE LTDA.","CLARITROMICINA",""
"","F-9198/21","KLARICID U.D. COMPRIMIDOS RECUBIERTOS DE LIBERACIÓN PROLONGADA 500 mg","3/20/1997","ABBOTT LABORATORIES DE CHILE LTDA.","CLARITROMICINA",""
"","F-26728/22","KLIMEDIX COMPRIMIDOS RECUBIERTOS","4/6/2022","GEDEON RICHTER CHILE SPA","DROSPIRENONA//ESTRADIOL",""
"","F-18584/21","KLINA ONE GEL TÓPICO","4/12/2011","MEGALABS CHILE S.A.","CLINDAMICINA//PEROXIDO DE BENZOILO",""
"","F-27881/23","KLINA ONE GEL TÓPICO","10/13/2023","MEGALABS CHILE S.A.","CLINDAMICINA//PEROXIDO DE BENZOILO",""
"","F-18946/21","KOMBIGLYZE XR 5/1000 COMPRIMIDOS RECUBIERTOS DE LIBERACIÓN EXTENDIDA","10/12/2011","ASTRAZENECA S.A.","METFORMINA//SAXAGLIPTINA",""
"","F-1176/23","KONAKION MM SOLUCIÓN INYECTABLE 10 mg/mL","2/1/1988","LABORATORIOS BIOPAS S.A.","FITOMENADIONA",""
"","F-13526/24","KOPODEX COMPRIMIDOS RECUBIERTOS 1000 mg","3/15/2004","LABORATORIOS RECALCINE S.A.","LEVETIRACETAM",""
"","F-13525/24","KOPODEX COMPRIMIDOS RECUBIERTOS 500 mg","3/15/2004","LABORATORIOS RECALCINE S.A.","LEVETIRACETAM",""
"","F-16138/22","KOPODEX SOLUCIÓN ORAL ","6/13/2007","LABORATORIOS RECALCINE S.A.","LEVETIRACETAM",""
"","F-18101/25","KOPODEX XR COMPRIMIDOS RECUBIERTOS DE LIBERACIÓN PROLONGADA 500 mg","6/17/2010","LABORATORIOS RECALCINE S.A.","LEVETIRACETAM",""
"","F-28565/24","KOSELUGO CÁPSULAS 10 mg","10/29/2024","ASTRAZENECA S.A.","SELUMETINIB",""
"","F-28566/24","KOSELUGO CÁPSULAS 25 mg","10/29/2024","ASTRAZENECA S.A.","SELUMETINIB",""
"","B-1173/21","KOVAN LIOFILIZADO PARA SOLUCIÓN INYECTABLE 500 mg (VANCOMICINA CLORHIDRATO)","11/16/1991","LABORATORIO CHILE S.A.","VANCOMICINA",""
"","B-2076/24","KOVAN POLVO LIOFILIZADO PARA SOLUCIÓN INYECTABLE 1 g (VANCOMICINA CLORHIDRATO)","3/26/2009","LABORATORIO CHILE S.A.","VANCOMICINA",""
"","B-3079/25","KRABEVA concentrado para solución para perfusión 100 mg/4 mL (bevacizumab)","3/19/2025","INSTITUTO SANITAS S.A.","bevacizumab",""
"","B-3080/25","KRABEVA concentrado para solución para perfusión 400 mg/16 mL (bevacizumab)","3/19/2025","INSTITUTO SANITAS S.A.","bevacizumab",""
"","F-23488/22","KREDIT 1000 COMPRIMIDOS RECUBIERTOS 1000 mg (LEVETIRACETAM)","6/6/2017","MEGALABS CHILE S.A.","LEVETIRACETAM",""
"","F-23502/22","KREDIT 500 COMPRIMIDOS RECUBIERTOS 500 mg (LEVETIRACETAM)","6/12/2017","MEGALABS CHILE S.A.","LEVETIRACETAM",""
"","F-28388/24","KRYTANTEK OFTENO PF SOLUCIÓN OFTÁLMICA","7/30/2024","GLOBAL MERCURY CHILE S.A.","Dorzolamida Clorhidrato;Timolol Maleato;Brimonidina Tartrato",""
"","F-18784/21","KUVALLA COMPRIMIDOS DISPERSABLES 100 mg","7/29/2011 2:10","BIOMARIN CHILE SPA","SAPROPTERINA",""
"","F-23076/21","KYLEENA SISTEMA INTRAUTERINO 19,5 mg (LEVONORGESTREL)","9/17/2016","BAYER S.A.","LEVONORGESTREL",""
"","F-24807/24","KYPROLIS POLVO LIOFILIZADO PARA SOLUCIÓN INYECTABLE 60 mg (CARFILZOMIB)","5/10/2019","TECNOFARMA S.A.","CARFILZOMIB",""
"","F-23600/22","KYTRIL COMPRIMIDOS RECUBIERTOS 1 mg (GRANISETRON)","9/21/2017","LABORATORIOS BIOPAS S.A.","GRANISETRON",""
"","F-6266/25","KYTRIL SOLUCIÓN INYECTABLE 1 mg/mL (GRANISETRON)","8/8/2000 2:10","LABORATORIOS BIOPAS S.A.","GRANISETRON",""
"","F-8133/21","KYTRIL SOLUCIÓN INYECTABLE 3 mg/3 mL (GRANISETRON)","9/21/1993","LABORATORIOS BIOPAS S.A.","GRANISETRON",""
"","B-1949/21","L-AMPHO (AMFOTERICINA B) SUSPENSIÓN INYECTABLE 50 mg/10 mL","5/31/2006","LABORATORIO BIOSANO S.A.","AMFOTERICINA B",""
"","F-22335/25","LABEBLOC SOLUCIÓN INYECTABLE 100 mg/20 mL","12/14/2015 2:10","UNIFARMA S.p.A.","LABETALOL",""
"","F-17121/23","LABETALOL CLORHIDRATO SOLUCIÓN INYECTABLE 100 mg/20 mL","10/9/2008","PHARMAMERICA LTDA.","LABETALOL",""
"","F-26580/22","LABETALOL CLORHIDRATO SOLUCIÓN INYECTABLE 100 mg/20 mL","1/11/2022","NEOETHICALS CHILE S.p.A.","LABETALOL",""
"","F-13977/24","LABIMIQ CREMA TÓPICA 5% (IMIQUIMOD)","7/19/2004","ITF - LABOMED FARMACÉUTICA LTDA.","IMIQUIMOD",""
"","F-3323/25","LABOSALIC LOCIÓN","2/18/1985 2:10","ITF - LABOMED FARMACÉUTICA LTDA.","ACIDO SALICILICO//BETAMETASONA",""
"","B-754/25","LABOSONA G CREMA TÓPICA","6/22/1988","ITF - LABOMED FARMACÉUTICA LTDA.","BETAMETASONA//GENTAMICINA",""
"","F-24738/24","LACAD COMPRIMIDOS RECUBIERTOS 250 mg (GEFITINIB)","3/28/2019","LABORATORIO KEMEX CHILE LTDA.","GEFITINIB",""
"","F-22577/21","LACOSAMIDA COMPRIMIDOS RECUBIERTOS 100 mg","4/13/2016","SEVEN PHARMA CHILE S.p.A.","LACOSAMIDA",""
"","F-27688/23","LACOSAMIDA COMPRIMIDOS RECUBIERTOS 100 mg","7/31/2023","ALEMBIC PHARMACEUTICALS S.p.A.","Lacosamida",""
"","F-27721/23","LACOSAMIDA COMPRIMIDOS RECUBIERTOS 200 mg","8/7/2023","ALEMBIC PHARMACEUTICALS S.p.A.","Lacosamida",""
"","F-27723/23","LACOSAMIDA COMPRIMIDOS RECUBIERTOS 50 mg","8/7/2023","ALEMBIC PHARMACEUTICALS S.p.A.","Lacosamida",""
"","F-28337/24","LACOSAMIDA SOLUCION INYECTABLE 10mg/mL","6/25/2024","SEVEN PHARMA CHILE S.p.A.","LACOSAMIDA",""
"","F-13882/24","LACTAFEM COMPRIMIDOS RECUBIERTOS 75 mcg","6/18/2004","LABORATORIOS ANDRÓMACO S.A.","DESOGESTREL",""
"","F-16310/22","LACTULOSA SOLUCIÓN ORAL 65 %","9/11/2007","SALCOBRAND S.A.","LACTULOSA",""
"","F-23829/23","LACTULOSA SOLUCIÓN ORAL 65 %","5/28/2018","LABORATORIO HOSPIFARMA CHILE LTDA.","Lactulosa",""
"","F-22947/21","LACTULOSA SOLUCION ORAL 65%","8/2/2016","LABORATORIO PASTEUR S.A.","LACTULOSA",""
"","F-12493/22","LACTULOSA SOLUCIÓN ORAL 65%","12/30/2002","MINTLAB Co. S.A.","LACTULOSA",""
"","F-25848/25","LACTULOSA SOLUCIÓN ORAL 65%","12/9/2020","LABORATORIOS ANDRÓMACO S.A.","LACTULOSA",""
"","F-28573/24","LACTULOSA SOLUCIÓN ORAL 66,7%","11/5/2024","SEVEN PHARMA CHILE S.p.A.","LACTULOSA",""
"","F-26042/21","LACTULOSA SOLUCIÓN ORAL 66,7%","3/23/2021","INFAR S.p.A.","LACTULOSA",""
"","F-25714/25","LACTULOSA SOLUCIÓN ORAL 66,7%","10/6/2020","SOCIEDAD FARMACÉUTICA TERVIS PHARMA LTDA.","LACTULOSA",""
"","F-26033/21","LACTULOSA SOLUCIÓN ORAL, RECTAL 66,7 %","3/16/2021","NEOETHICALS CHILE S.p.A.","LACTULOSA",""
"","F-25276/25","LACTULOSA SOLUCIÓN ORAL, RECTAL 66,7 %","2/3/2020","LABORATORIO CHILE S.A.","LACTULOSA",""
"","F-25220/25","LACTULOSA SOLUCIÓN ORAL, RECTAL 66,7%","1/13/2020","OPKO CHILE S.A.","LACTULOSA",""
"","F-21659/25","LADEE 20 COMPRIMIDOS RECUBIERTOS","1/13/2015","EXELTIS CHILE S.p.A.","DROSPIRENONA//ETINILESTRADIOL",""
"","F-21650/25","LADEE COMPRIMIDOS RECUBIERTOS","1/12/2015","EXELTIS CHILE S.p.A.","DROSPIRENONA//ETINILESTRADIOL",""
"","F-24420/23","LADY-TEN 35 COMPRIMIDOS RECUBIERTOS","12/5/2018","LABORATORIO CHILE S.A.","CIPROTERONA//ETINILESTRADIOL",""
"","F-21947/25","LADY-TEN 35 COMPRIMIDOS RECUBIERTOS","6/24/2015 2:10","LABORATORIO CHILE S.A.","CIPROTERONA//ETINILESTRADIOL",""
"","F-20497/23","LADYGEX COMPRIMIDOS","11/6/2013 1:10","MINTLAB Co. S.A.","DROSPIRENONA//ETINILESTRADIOL",""
"","F-20142/23","LADYGEX-20 COMPRIMIDOS","7/30/2013 2:10","MINTLAB Co. S.A.","DROSPIRENONA//ETINILESTRADIOL",""
"","F-27233/22","LAETIS SOLUCIÓN INYECTABLE 100 mcg/1mL (CARBETOCINA)","12/27/2022","GADOR LTDA.","CARBETOCINA",""
"","F-26240/21","LAEVOLAC SOLUCIÓN ORAL 66,7% (LACTULOSA)","6/29/2021","REUTTER S.A.","LACTULOSA",""
"","F-2403/24","LAFIGIN COMPRIMIDOS 100 mg","12/6/1999","LABORATORIOS LAFI LTDA.","LAMOTRIGINA",""
"","F-2401/24","LAFIGIN COMPRIMIDOS 25 mg","12/6/1999","LABORATORIOS LAFI LTDA.","LAMOTRIGINA",""
"","F-2402/24","LAFIGIN COMPRIMIDOS 50 mg","12/6/1999","LABORATORIOS LAFI LTDA.","LAMOTRIGINA",""
"","F-14980/25","LAFIGIN DT COMPRIMIDOS DISPERSABLES/MASTICABLES 100 mg","8/1/2005","LABORATORIOS LAFI LTDA.","LAMOTRIGINA",""
"","F-14983/25","LAGIFIN COMPRIMIDOS DISPERSABLES/MASTICABLES 200 MG","8/1/2005","LABORATORIOS LAFI LTDA.","LAMOTRIGINA",""
"","F-23644/22","LALERGIC COMPRIMIDOS RECUBIERTOS 5 mg ","11/27/2017","MINTLAB Co. S.A.","LEVOCETIRIZINA",""
"","F-23606/22","LALERGIC FORTE SOLUCIÓN ORAL 5,0 mg/5 mL","9/27/2017","MINTLAB Co. S.A.","LEVOCETIRIZINA",""
"","F-23605/22","LALERGIC SOLUCIÓN ORAL 2,5 mg/5 mL","9/27/2017","MINTLAB Co. S.A.","LEVOCETIRIZINA",""
"","F-23586/22","LALERGIC SOLUCIÓN PARA GOTAS ORALES 5 mg/mL","9/4/2017","MINTLAB Co. S.A.","LEVOCETIRIZINA",""
"","F-25695/25","LAMICTAL COMPRIMIDOS 100 mg (LAMOTRIGINA)","9/21/2020","GLAXOSMITHKLINE CHILE FARMACÉUTICA LTDA.","LAMOTRIGINA",""
"","F-25693/25","LAMICTAL COMPRIMIDOS 25 mg (LAMOTRIGINA)","9/21/2020","GLAXOSMITHKLINE CHILE FARMACÉUTICA LTDA.","LAMOTRIGINA",""
"","F-25694/25","LAMICTAL COMPRIMIDOS 50 mg (LAMOTRIGINA)","9/21/2020","GLAXOSMITHKLINE CHILE FARMACÉUTICA LTDA.","LAMOTRIGINA",""
"","F-25808/25","LAMICTAL COMPRIMIDOS DISPERSABLES/MASTICABLES 100 mg (LAMOTRIGINA)","11/24/2020","GLAXOSMITHKLINE CHILE FARMACÉUTICA LTDA.","LAMOTRIGINA",""
"","F-25800/25","LAMICTAL COMPRIMIDOS DISPERSABLES/MASTICABLES 200 mg (LAMOTRIGINA)","11/24/2020","GLAXOSMITHKLINE CHILE FARMACÉUTICA LTDA.","LAMOTRIGINA",""
"","F-25801/25","LAMICTAL COMPRIMIDOS DISPERSABLES/MASTICABLES 25 mg (LAMOTRIGINA)","11/23/2020","GLAXOSMITHKLINE CHILE FARMACÉUTICA LTDA.","LAMOTRIGINA",""
"","F-25798/25","LAMICTAL COMPRIMIDOS DISPERSABLES/MASTICABLES 5 mg (LAMOTRIGINA)","11/23/2020","GLAXOSMITHKLINE CHILE FARMACÉUTICA LTDA.","LAMOTRIGINA",""
"","F-25799/25","LAMICTAL COMPRIMIDOS DISPERSABLES/MASTICABLES 50 mg (LAMOTRIGINA)","11/23/2020","GLAXOSMITHKLINE CHILE FARMACÉUTICA LTDA.","LAMOTRIGINA",""
"","F-21027/24","LAMITRIM COMPRIMIDOS 50 mg","4/11/2014","MEDINOVA FARMA LTDA.","LAMOTRIGINA",""
"","F-18447/25","LAMOTRIGINA COMPRIMIDOS 100 mg","12/14/2010","INTERPHARMA S.A.","LAMOTRIGINA",""
"","F-27951/23","LAMOTRIGINA COMPRIMIDOS 100 mg","11/27/2023","NEOETHICALS CHILE S.p.A.","Lamotrigina",""
"","F-27957/23","LAMOTRIGINA COMPRIMIDOS 25 mg","11/30/2023","NEOETHICALS CHILE S.p.A.","LAMOTRIGINA",""
"","F-18446/25","LAMOTRIGINA COMPRIMIDOS 50 mg","12/14/2010","INTERPHARMA S.A.","LAMOTRIGINA",""
"","F-28394/24","LAMOTRIGINA COMPRIMIDOS DISPERSABLES 100 mg","7/23/2024","PISA FARMACÉUTICA DE CHILE S.p.A.","LAMOTRIGINA",""
"","F-15081/25","LAMOTRIGINA COMPRIMIDOS DISPERSABLES 100 mg (LAMOTRIGINA)","8/26/2005","LABORATORIO CHILE S.A.","LAMOTRIGINA",""
"","F-15079/25","LAMOTRIGINA COMPRIMIDOS DISPERSABLES 25 mg","8/26/2005","LABORATORIO CHILE S.A.","LAMOTRIGINA",""
"","F-15080/25","LAMOTRIGINA COMPRIMIDOS DISPERSABLES 50 mg (LAMOTRIGINA)","8/26/2005","LABORATORIO CHILE S.A.","LAMOTRIGINA",""
"","F-19323/22","LAMUCON CÁPSULAS 250 mg (MICOFENOLATO MOFETILO)","3/23/2012","SANDOZ CHILE S.p.A.","MICOFENOLATO",""
"","F-19321/22","LAMUCON COMPRIMIDOS RECUBIERTOS 500 mg (MICOFENOLATO MOFETILO)","3/22/2012 1:10","SANDOZ CHILE S.p.A.","MICOFENOLATO",""
"","B-3182/25","LAMZEDE liofilizado para solución para perfusión 10 mg (velmanasa alfa)","12/15/2025","LABORATORIOS BIOPAS S.A.","VELMANASA ALFA - (NUEVO)",""
"","F-10893/21","LANATOSIDO C SOLUCIÓN INYECTABLE 0,4 mg/2 mL","4/30/1993","LABORATORIO SANDERSON SpA","LANATOSIDO C",""
"","F-28297/24","LANCOVUL COMPRIMIDOS RECUBIERTOS 100mg (Lacosamida)","5/20/2024","SEVEN PHARMA CHILE S.p.A.","Lacosamida",""
"","F-26924/22","LANREOTIDA GEL INYECTABLE DE LIBERACIÓN PROLONGADA 120 mg","7/25/2022","KAMPAR S.A.","LANREOTIDA",""
"","F-26922/22","LANREOTIDA GEL INYECTABLE DE LIBERACIÓN PROLONGADA 60 mg","7/26/2022","KAMPAR S.A.","LANREOTIDA",""
"","F-26923/22","LANREOTIDA GEL INYECTABLE DE LIBERACIÓN PROLONGADA 90 mg","7/26/2022","KAMPAR S.A.","LANREOTIDA",""
"","F-19234/22","LANSOPRAZOL CÁPSULAS CON GRÁNULOS CON RECUBRIMIENTO ENTÉRICO 30 mg","2/8/2012","OPKO CHILE S.A.","LANSOPRAZOL",""
"","F-22332/25","LANSOPRAZOL CÁPSULAS CON GRÁNULOS CON RECUBRIMIENTO ENTÉRICO 30 mg","12/10/2015 2:10","SEVEN PHARMA CHILE S.p.A.","LANSOPRAZOL",""
"","F-22767/21","LANSOPRAZOL CÁPSULAS CON MICROGRANULOS CON RECUBRIMIENTO ENTÉRICO 30 mg","6/8/2016","LABORATORIO CHILE S.A.","LANSOPRAZOL",""
"","F-25956/21","LANSOPRAZOL LIOFILIZADO PARA SOLUCIÓN INYECTABLE 30 mg","1/25/2021","NEOETHICALS CHILE S.p.A.","LANSOPRAZOL",""
"","F-28039/24","LANTERA GEL INYECTABLE DE LIBERACIÓN PROLONGADA 120 mg (LANREOTIDA)","1/17/2024","TECNOFARMA S.A.","LANREOTIDA",""
"","F-28038/24","LANTERA GEL INYECTABLE DE LIBERACIÓN PROLONGADA 60 mg (LANREOTIDA)","1/16/2024","TECNOFARMA S.A.","LANREOTIDA",""
"","F-28037/24","LANTERA GEL INYECTABLE DE LIBERACIÓN PROLONGADA 90 mg (LANREOTIDA)","1/15/2024","TECNOFARMA S.A.","LANREOTIDA",""
"","B-1029/21","LANTUS SOLUCIÓN INYECTABLE 100 UI/mL (INSULINA GLARGINA HUMANA RECOMBINANTE)","4/10/2001","SANOFI-AVENTIS DE CHILE S.A.","INSULINA GLARGINA HUMANA RECOMBINANTE",""
"","B-1991/22","LANTUS SOLUCIÓN INYECTABLE 100 UI/mL, EN FRASCO AMPOLLA (INSULINA GLARGINA RECOMBINANTE HUMANA rDNA)","10/3/2007","SANOFI-AVENTIS DE CHILE S.A.","INSULINA",""
"","F-2450/24","LANVIS COMPRIMIDOS 40 mg","6/25/1976","ASPEN CHILE S.A.","TIOGUANINA",""
"","F-19652/22","LANZOPRAL LIOFILIZADO PARA SOLUCIÓN INYECTABLE 30 mg","10/31/2012","MEGALABS CHILE S.A.","LANSOPRAZOL",""
"","F-15769/21","LANZOPRAL POLVO CON GRÁNULOS CON RECUBRIMIENTO ENTÉRICO PARA SUSPENSIÓN ORAL 30 mg, EN SOBRES","11/21/2006","MEGALABS CHILE S.A.","LANSOPRAZOL",""
"","N-553/25","LASEA CÁPSULAS BLANDAS 80 mg (ACEITE ESENCIAL DE LAVANDULA ANGUSTIFOLIA MILL)","3/16/2015 2:10","MEGALABS CHILE S.A.","",""
"","F-28689/25","LASTAV COMPRIMIDOS RECUBIERTOS 30 mg (Mirtazapina)","1/20/2025","SEVEN PHARMA CHILE S.p.A.","MIRTAZAPINA",""
"","F-19214/22","LATANOPROST SOLUCIÓN OFTÁLMICA 50 mcg/mL","1/19/2012 2:10","OPKO CHILE S.A.","LATANOPROST",""
"","F-23312/22","LATANOPROST / TIMOLOL Solución oftálmica","1/26/2017","PHARMATECH CHILE S.p.A.","LATANOPROST//TIMOLOL",""
"","F-28401/24","LATANOPROST SOLUCIÓN OFTÁLMICA 0,005 % ","7/29/2024","COMERCIAL APOTECARE S.p.A.","LATANOPROST",""
"","F-23582/22","LATANOPROST SOLUCIÓN OFTÁLMICA 50 mcg/mL","8/21/2017","LABORATORIO HOSPIFARMA CHILE LTDA.","Latanoprost",""
"","F-24791/24","LATANOPROST SOLUCIÓN OFTÁLMICA 50 mcg/mL","4/22/2019","ASCEND LABORATORIES S.p.A.","LATANOPROST",""
"","F-24787/24","LATANOPROST/TIMOLOL SOLUCIÓN OFTÁLMICA","4/18/2019","ASCEND LABORATORIES S.p.A.","LATANOPROST//TIMOLOL",""
"","F-17821/24","LATISSE SOLUCIÓN TÓPICA 0,03%","10/29/2009","ABBVIE PRODUCTOS FARMACÉUTICOS LTDA.","BIMATOPROST",""
"","F-3393/25","LATOF SOLUCIÓN OFTÁLMICA 0,005 %","4/10/2000","LABORATORIOS SAVAL S.A.","LATANOPROST",""
"","F-24966/24","LATOF SP SOLUCIÓN OFTÁLMICA 0,005% (LATANOPROST)","7/29/2019","LABORATORIOS SAVAL S.A.","LATANOPROST",""
"","F-11937/22","LATOF T SOLUCIÓN OFTÁLMICA (LATANOPROST/TIMOLOL)","3/28/2002","LABORATORIOS SAVAL S.A.","LATANOPROST//TIMOLOL MALEATO",""
"","F-25053/24","LATOF T SP SOLUCIÓN OFTÁLMICA","9/12/2019","LABORATORIOS SAVAL S.A.","LATANOPROST//TIMOLOL",""
"","F-24242/23","LATRIG COMPRIMIDOS DISPERSABLES/MASTICABLES 100 mg","11/26/2018","OPKO CHILE S.A.","LAMOTRIGINA",""
"","F-18718/21","LAX 3350 POLVO PARA SOLUCIÓN ORAL EN SOBRES","7/5/2011","LABORATORIOS ANDRÓMACO S.A.","MACROGOL",""
"","F-23042/21","LAXAFOR SOLUCIÓN INYECTABLE 20 mg/ mL","9/8/2016","SEVEN PHARMA CHILE S.p.A.","PLERIXAFOR",""
"","F-8740/21","LAXANTIL SOLUCIÓN ORAL PARA GOTAS 0,75%","10/25/1990 2:10","CHEMOPHARMA S.A.","SODIO PICOSULFATO",""
"","F-18780/21","LAXENOL POLVO PARA SOLUCIÓN ORAL","7/26/2011","LABORATORIOS RECALCINE S.A.","MACROGOL",""
"","N-234/23","LEFKUR CÁPSULAS BLANDAS","9/10/1997","KNOP LABORATORIOS S.A.","",""
"","F-24306/23","LEFRIN SOLUCIÓN INYECTABLE 10 mg/ 1 mL (FENILEFRINA CLORHIDRATO)","11/12/2018","CRISTALIA CHILE S.p.A.","FENILEFRINA",""
"","F-7268/25","LEGOFER SOLUCIÓN ORAL 40 mg/15 mL (PROTEINSUCCINILATO DE HIERRO)","12/14/2000","ITF - LABOMED FARMACÉUTICA LTDA.","PROTEINSUCCINILATO DE HIERRO",""
"","F-11522/21","LEGOFER SOLUCIÓN ORAL 40 mg/15 mL (PROTEINSUCCINILATO DE HIERRO)","3/7/1991","ITF - LABOMED FARMACÉUTICA LTDA.","PROTEINSUCCINILATO DE HIERRO",""
"","F-8846/21","LEMEXIN JARABE 250 mg/5 mL","6/12/1995","INSTITUTO SANITAS S.A.","ACIDO VALPROICO",""
"","B-2415/24","LEMTRADA (ALEMTUZUMAB) RECOMBINANTE, SOLUCIÓN CONCENTRADA PARA PERFUSION 10 mg/mL ","8/7/2014","SANOFI-AVENTIS DE CHILE S.A.","ALEMTUZUMAB",""
"","F-28640/24","LENALIDOMIDA CÁPSULAS 10 mg","1/7/2025","SEVEN PHARMA CHILE S.p.A.","Lenalidomida",""
"","F-28044/24","LENALIDOMIDA CÁPSULAS 10 mg","1/15/2024","ALEMBIC PHARMACEUTICALS S.p.A.","Lenalidomida",""
"","F-22642/21","LENALIDOMIDA CÁPSULAS 10 mg","5/4/2016","LABORATORIO LKM CHILE S.p.A.","LENALIDOMIDA",""
"","F-25679/25","LENALIDOMIDA CÁPSULAS 10 mg","9/8/2020","GADOR LTDA.","LENALIDOMIDA",""
"","F-22644/21","LENALIDOMIDA CAPSULAS 15 mg","5/4/2016","LABORATORIO LKM CHILE S.p.A.","LENALIDOMIDA",""
"","F-28045/24","LENALIDOMIDA CÁPSULAS 15 mg","1/15/2024","ALEMBIC PHARMACEUTICALS S.p.A.","Lenalidomida",""
"","F-25677/25","LENALIDOMIDA CÁPSULAS 15 mg","9/8/2020","GADOR LTDA.","LENALIDOMIDA",""
"","F-25678/25","LENALIDOMIDA CÁPSULAS 25 mg","9/8/2020","GADOR LTDA.","LENALIDOMIDA",""
"","F-28046/24","LENALIDOMIDA CÁPSULAS 25 mg","1/15/2024","ALEMBIC PHARMACEUTICALS S.p.A.","Lenalidomida",""
"","F-28641/24","LENALIDOMIDA CÁPSULAS 25 mg","1/7/2025","SEVEN PHARMA CHILE S.p.A.","Lenalidomida",""
"","F-22641/21","LENALIDOMIDA CÁPSULAS 25 mg","5/4/2016","LABORATORIO LKM CHILE S.p.A.","LENALIDOMIDA",""
"","F-24070/23","LENALIDOMIDA CÁPSULAS 25 mg","8/29/2018","TAGORE CHILE S.A.","LENALIDOMIDA",""
"","F-22643/21","LENALIDOMIDA CÁPSULAS 5 mg","5/4/2016","LABORATORIO LKM CHILE S.p.A.","LENALIDOMIDA",""
"","F-28043/24","LENALIDOMIDA CÁPSULAS 5 mg","1/15/2024","ALEMBIC PHARMACEUTICALS S.p.A.","Lenalidomida",""
"","F-25674/25","LENALIDOMIDA CÁPSULAS 5 mg","9/8/2020","GADOR LTDA.","LENALIDOMIDA",""
"","F-23814/23","LENANGIO CÁPSULAS 10 mg ","5/16/2018","DR. REDDY'S LABORATORIES CHILE S.p.A.","LENALIDOMIDA",""
"","F-23815/23","LENANGIO CÁPSULAS 15 mg","5/16/2018","DR. REDDYS LABORATORIES CHILE S.p.A.","LENALIDOMIDA",""
"","F-23958/23","LENANGIO CÁPSULAS 25 mg (LENALIDOMIDA)","7/23/2018","DR. REDDYS LABORATORIES CHILE S.p.A.","LENALIDOMIDA",""
"","F-23959/23","LENANGIO CÁPSULAS 5 mg (LENALIDOMIDA)","7/23/2018","DR. REDDYS LABORATORIES CHILE S.p.A.","LENALIDOMIDA",""
"","F-25007/24","LENVIMA CAPSULAS 10 mg (LENVATINIB)","8/19/2019","LABORATORIO BIOTOSCANA FARMA S.p.A.","LENVATINIB",""
"","F-25008/24","LENVIMA CAPSULAS 4 mg (LENVATINIB)","8/19/2019","LABORATORIO BIOTOSCANA FARMA S.p.A.","LENVATINIB",""
"","F-23643/22","LENZETTO SOLUCIÓN PARA PULVERIZACIÓN TRANSDÉRMICA 1,53 mg/ DOSIS (ESTRADIOL)","12/21/2017","GEDEON RICHTER CHILE SPA","ESTRADIOL",""
"","F-8842/21","LEODRIN COMPRIMIDOS RECUBIERTOS 70 mg","9/27/2001","LABORATORIOS LAFI LTDA.","ACIDO ALENDRONICO",""
"","F-15953/22","LEODRIN PLUS COMPRIMIDOS RECUBIERTOS","3/9/2007","LABORATORIOS LAFI LTDA.","ACIDO ALENDRONICO//COLECALCIFEROL",""
"","F-19592/22","LEODRIN POLVO PARA SOLUCIÓN ORAL 70 mg, EN SOBRES","9/28/2012","LABORATORIOS LAFI LTDA.","ACIDO ALENDRONICO",""
"","F-27918/23","LEONELA implante 68 mg (etonogestrel)","11/13/2023","EXELTIS CHILE S.p.A.","ETONOGESTREL",""
"","F-23597/22","LEOVAL COMPRIMIDOS RECUBIERTOS 1000 mg (LEVETIRACETAM)","9/12/2017","LABORATORIOS SAVAL S.A.","Levetiracetam",""
"","F-23596/22","LEOVAL COMPRIMIDOS RECUBIERTOS 500 mg (LEVETIRACETAM)","9/12/2017","LABORATORIOS SAVAL S.A.","Levetiracetam",""
"","F-23104/21","LEOVAL SOLUCIÓN CONCENTRADA PARA PERFUSIÓN 100 mg/mL (LEVETIRACETAM)","10/4/2016","LABORATORIOS SAVAL S.A.","LEVETIRACETAM",""
"","F-28567/24","LEOVAL SOLUCIÓN CONCENTRADA PARA PERFUSIÓN 100 mg/mL (LEVETIRACETAM)","11/4/2024","LABORATORIOS SAVAL S.A.","LEVETIRACETAM",""
"","F-23008/21","LEOVAL SOLUCIÓN ORAL 100 mg/mL (LEVETIRACETAM)","8/25/2016","LABORATORIOS SAVAL S.A.","LEVETIRACETAM",""
"","F-26590/22","LERITAC COMPRIMIDOS RECUBIERTOS 1000 mg (LEVETIRACETAM )","1/18/2022","OPKO CHILE S.A.","LEVETIRACETAM",""
"","F-26589/22","LERITAC COMPRIMIDOS RECUBIERTOS 500 mg (LEVETIRACETAM)","1/18/2022","OPKO CHILE S.A.","LEVETIRACETAM",""
"","F-10317/21","LERTUS COMPRIMIDOS CON RECUBRIMIENTO ENTÉRICO 25 mg","8/31/2009","TECNOFARMA S.A.","DICLOFENACO",""
"","F-10318/21","LERTUS COMPRIMIDOS CON RECUBRIMIENTO ENTERICO 50 mg (DICLOFENACO SÓDICO)","11/18/1992","TECNOFARMA S.A.","DICLOFENACO",""
"","F-5601/25","LERTUS RETARD COMPRIMIDOS RECUBIERTOS DE LIBERACIÓN PROLONGADA 100 mg","5/10/1985","TECNOFARMA S.A.","DICLOFENACO",""
"","F-10319/21","LERTUS SOLUCIÓN INYECTABLE 75 mg/3 mL","9/21/1992","TECNOFARMA S.A.","DICLOFENACO",""
"","F-19012/21","LERTUS SR COMPRIMIDOS RECUBIERTOS DE LIBERACION PROLONGADA 75 mg","10/24/2011","TECNOFARMA S.A.","DICLOFENACO",""
"","F-10322/21","LERTUS SUSPENSIÓN PARA GOTAS ORALES 1,5%","12/22/1993","TECNOFARMA S.A.","DICLOFENACO",""
"","F-26876/22","LETICO COMPRIMIDOS 100 mg (LAMOTRIGINA)","6/29/2022","EUROFARMA CHILE SpA","LAMOTRIGINA",""
"","F-21014/24","LETICO COMPRIMIDOS 25 mg (LAMOTRIGINA)","4/8/2014","EUROFARMA CHILE SpA","LAMOTRIGINA",""
"","F-21137/24","LETICO COMPRIMIDOS 50 mg (LAMOTRIGINA)","6/4/2014","EUROFARMA CHILE SpA","LAMOTRIGINA",""
"","F-28585/24","LETRAM COMPRIMIDOS RECUBIERTOS 1000 mg (LEVETIRACETAM)","11/12/2024","SEVEN PHARMA CHILE S.p.A.","LEVETIRACETAM",""
"","F-28588/24","LETRAM COMPRIMIDOS RECUBIERTOS 500 mg (LEVETIRACETAM)","11/12/2024","SEVEN PHARMA CHILE S.p.A.","LEVETIRACETAM",""
"","F-27935/23","LETRAM SOLUCIÓN CONCENTRADA PARA PERFUSIÓN 500 mg/5 mL (LEVETIRACETAM)","11/20/2023","SEVEN PHARMA CHILE S.p.A.","LEVETIRACETAM",""
"","F-28456/24","LETRAM SOLUCIÓN ORAL 100 mg/mL (LEVETIRACETAM)","9/3/2024","SEVEN PHARMA CHILE S.p.A.","LEVETIRACETAM",""
"","F-24579/24","LETROVITAE COMPRIMIDOS RECUBIERTOS 2,5 mg (LETROZOL)","1/21/2019","GALENICUM HEALTH CHILE S.p.A.","LETROZOL",""
"","F-19335/22","LETROZOL COMPRIMIDOS RECUBIERTOS 2,5 mg","3/28/2012","EUROFARMA CHILE SpA","LETROZOL",""
"","F-22562/21","LETROZOL COMPRIMIDOS RECUBIERTOS 2,5 mg","4/6/2016 1:10","SEVEN PHARMA CHILE S.p.A.","LETROZOL",""
"","F-26934/22","LETROZOL COMPRIMIDOS RECUBIERTOS 2,5 mg","7/26/2022","SIAA VIDA FARMA SPA","LETROZOL",""
"","F-27707/23","LETROZOL COMPRIMIDOS RECUBIERTOS 2,5 mg","8/1/2023","BLAU FARMACEUTICA CHILE S.p.A.","LETROZOL",""
"","F-26067/21","LETROZOL COMPRIMIDOS RECUBIERTOS 2,5 mg.","4/5/2021","ASCEND LABORATORIES S.p.A.","LETROZOL",""
"","F-26235/21","LETYN CD SUPOSITORIOS 500 mg (MESALAZINA)","6/29/2021","ETHON PHARMACEUTICALS S.p.A.","MESALAZINA",""
"","F-24257/23","LETZOLE COMPRIMIDOS RECUBIERTOS 2,5 mg (LETROZOL)","10/31/2018","SEVEN PHARMA CHILE S.p.A.","LETROZOL",""
"","F-27416/23","LEUCOVORINA CÁLCICA SOLUCIÓN INYECTABLE 50 mg/5 mL","4/12/2023","SEVEN PHARMA CHILE S.p.A.","LEUCOVORINA",""
"","F-28619/24","LEUCOVORINA LIOFILIZADO PARA SOLUCIÓN INYECTABLE 350 mg","11/27/2024","FARMACÉUTICA XENIUS SPA","LEUCOVORINA",""
"","F-28618/24","LEUCOVORINA LIOFILIZADO PARA SOLUCIÓN INYECTABLE 50 mg","11/27/2024","FARMACÉUTICA XENIUS SPA","LEUCOVORINA",""
"","F-28209/24","LEUCOVORINA SOLUCIÓN INYECTABLE 100 mg/10 mL","4/17/2024","BPH S.A.","LEUCOVORINA",""
"","F-22003/25","LEUCOVORINA SOLUCIÓN INYECTABLE 100 mg/10 mL","7/21/2015 2:10","FRESENIUS KABI CHILE LTDA.","LEUCOVORINA",""
"","F-28225/24","LEUCOVORINA SOLUCIÓN INYECTABLE 350 mg/35 mL","4/11/2024 0:00","FRESENIUS KABI CHILE LTDA.","LEUCOVORINA",""
"","F-7688/21","LEUCOVORINA SOLUCIÓN INYECTABLE 50 mg/5 mL","1/30/1995","BPH S.A.","LEUCOVORINA",""
"","F-1427/23","LEUKERAN COMPRIMIDOS RECUBIERTOS 2 mg","12/30/1956","ASPEN CHILE S.A.","CLORAMBUCILO",""
"","F-28496/24","LEVALER CÁPSULAS 10 mg (LENVATINIB)","9/25/2024","SYNTHON CHILE LTDA.","LENVATINIB",""
"","F-28495/24","LEVALER CÁPSULAS 4 mg (LENVATINIB)","9/25/2024","SYNTHON CHILE LTDA.","LENVATINIB",""
"","F-27440/23","LEVAMIS LÁMINAS BUCODISPERSABLES 50 mg","4/14/2023 0:00","INSTITUTO SANITAS S.A.","SILDENAFILO",""
"","B-2613/21","LEVEMIR RECOMBINANTE SOLUCIÓN INYECTABLE 100 U/mL (INSULINA DETEMIR)","4/11/2016","NOVO NORDISK FARMACÉUTICA LTDA.","INSULINA",""
"","F-21205/24","LEVEPSY COMPRIMIDOS RECUBIERTOS 1000 mg","6/25/2014","INDOPHARMA S.A.","LEVETIRACETAM",""
"","F-21204/24","LEVEPSY COMPRIMIDOS RECUBIERTOS 500 mg","6/25/2014","INDOPHARMA S.A.","LEVETIRACETAM",""
"","F-27494/23","LEVERA COMPRIMIDOS RECUBIERTOS 1000 mg (LEVETIRACETAM)","5/9/2023","ASCEND LABORATORIES S.p.A.","LEVETIRACETAM",""
"","F-27496/23","LEVERA COMPRIMIDOS RECUBIERTOS 500 mg (LEVETIRACETAM)","5/9/2023","ASCEND LABORATORIES S.p.A.","LEVETIRACETAM",""
"","F-27493/23","LEVETIRACETAM COMPRIMIDOS RECUBIERTOS 1000 mg","5/9/2023","ASCEND LABORATORIES S.p.A.","LEVETIRACETAM",""
"","F-27603/23","LEVETIRACETAM COMPRIMIDOS RECUBIERTOS 1000 mg ","6/27/2023","DR. REDDY'S LABORATORIES CHILE S.p.A.","LEVETIRACETAM",""
"","F-26659/22","LEVETIRACETAM COMPRIMIDOS RECUBIERTOS 1000 mg","3/1/2022","OPKO CHILE S.A.","LEVETIRACETAM",""
"","F-22546/21","LEVETIRACETAM COMPRIMIDOS RECUBIERTOS 1000 mg","3/28/2016","MEDINOVA FARMA LTDA.","LEVETIRACETAM",""
"","F-22677/21","LEVETIRACETAM COMPRIMIDOS RECUBIERTOS 1000 mg","5/12/2016 1:10","SEVEN PHARMA CHILE S.p.A.","LEVETIRACETAM",""
"","F-25557/25","LEVETIRACETAM COMPRIMIDOS RECUBIERTOS 1000 mg ","7/10/2020","DEUTSCHE PHARMA S.A.","LEVETIRACETAM",""
"","F-22545/21","LEVETIRACETAM COMPRIMIDOS RECUBIERTOS 500 mg","3/28/2016","MEDINOVA FARMA LTDA.","LEVETIRACETAM",""
"","F-22392/26","LEVETIRACETAM COMPRIMIDOS RECUBIERTOS 500 mg","1/13/2016 2:10","SEVEN PHARMA CHILE S.p.A.","LEVETIRACETAM",""
"","F-26658/22","LEVETIRACETAM COMPRIMIDOS RECUBIERTOS 500 mg","3/1/2022","OPKO CHILE S.A.","LEVETIRACETAM",""
"","F-27602/23","LEVETIRACETAM COMPRIMIDOS RECUBIERTOS 500 mg","6/27/2023","DR. REDDY'S LABORATORIES CHILE S.p.A.","LEVETIRACETAM",""
"","F-27495/23","LEVETIRACETAM COMPRIMIDOS RECUBIERTOS 500 mg","5/9/2023","ASCEND LABORATORIES S.p.A.","LEVETIRACETAM",""
"","F-27945/23","LEVETIRACETAM SOLUCIÓN CONCENTRADA PARA PERFUSIÓN 500 mg /5 mL","11/21/2023","VITAFARMA S.A.","LEVETIRACETAM",""
"","F-27131/22","LEVETIRACETAM SOLUCIÓN CONCENTRADA PARA PERFUSIÓN 500 mg/ 5 mL","11/4/2022","DIFEM LABORATORIOS S.A.","LEVETIRACETAM",""
"","F-26463/21","LEVETIRACETAM SOLUCIÓN CONCENTRADA PARA PERFUSIÓN 500 mg/5 mL","10/26/2021","INDOPHARMA S.A.","LEVETIRACETAM",""
"","F-27417/23","LEVETIRACETAM SOLUCIÓN CONCENTRADA PARA PERFUSIÓN 500 mg/5mL","4/3/2023","NEOETHICALS CHILE S.p.A.","LEVETIRACETAM",""
"","F-25632/25","LEVETIRACETAM SOLUCIÓN ORAL 100 mg/mL","8/17/2020","PISA FARMACÉUTICA DE CHILE S.p.A.","LEVETIRACETAM",""
"","F-22779/21","LEVETIRACETAM SOLUCIÓN ORAL 100 mg/mL","7/27/2016","SEVEN PHARMA CHILE S.p.A.","LEVETIRACETAM",""
"","F-29407/26","LEVETIRACETAM SOLUCIÓN ORAL 100 mg/mL","1/19/2026","NEOETHICALS CHILE S.p.A.","LEVETIRACETAM",""
"","F-21461/24","LEVEVITAE COMPRIMIDOS RECUBIERTOS 1000 mg","10/14/2014","GALENICUM HEALTH CHILE S.p.A.","LEVETIRACETAM",""
"","F-21597/24","LEVEVITAE COMPRIMIDOS RECUBIERTOS 500mg","12/10/2014","GALENICUM HEALTH CHILE S.p.A.","LEVETIRACETAM",""
"","F-23574/22","LEVIBENSE 200/50 COMPRIMIDOS","8/17/2017","DIFEM LABORATORIOS S.A.","BENSERAZIDA//LEVODOPA",""
"","F-25398/25","LEVOBUPIVACAÍNA SOLUCIÓN INYECTABLE 50 mg/10 mL","4/17/2020","FRESENIUS KABI CHILE LTDA.","LEVOBUPIVACAINA",""
"","F-25085/24","LEVOCETIRIZINA DICLORHIDRATO COMPRIMIDOS RECUBIERTOS 5 mg","10/14/2019","ASCEND LABORATORIES S.p.A.","LEVOCETIRIZINA",""
"","F-23682/23","LEVOCETIRIZINA DICLORHIDRATO COMPRIMIDOS RECUBIERTOS 5 mg","1/9/2018","MINTLAB Co. S.A.","LEVOCETIRIZINA",""
"","F-22684/21","LEVOCETIRIZINA DICLORHIDRATO COMPRIMIDOS RECUBIERTOS 5 mg","5/12/2016","SEVEN PHARMA CHILE S.p.A.","LEVOCETIRIZINA",""
"","F-18331/25","LEVOCETIRIZINA DICLORHIDRATO COMPRIMIDOS RECUBIERTOS 5 mg","10/18/2010","LABORATORIOS PRATER S.A.","LEVOCETIRIZINA",""
"","F-26938/22","LEVOCETIRIZINA DICLORHIDRATO COMPRIMIDOS RECUBIERTOS 5 mg","7/27/2022","EUROFARMA CHILE SpA","LEVOCETIRIZINA",""
"","F-28178/24","LEVOCETIRIZINA DICLORHIDRATO COMPRIMIDOS RECUBIERTOS 5 mg","3/25/2024","MDC HEALTH S.p.A.","LEVOCETIRIZINA",""
"","F-28768/25","LEVOCETIRIZINA DICLORHIDRATO COMPRIMIDOS RECUBIERTOS 5 mg","3/25/2025","SEVEN PHARMA CHILE S.p.A.","LEVOCETIRIZINA",""
"","F-29338/25","LEVOCETIRIZINA DICLORHIDRATO JARABE 2,5 mg/5 mL","11/18/2025","SEVEN PHARMA CHILE S.p.A.","LEVOCETIRIZINA DICLORHIDRATO",""
"","F-25359/25","LEVOCETIRIZINA DICLORHIDRATO JARABE 2,5 mg/5 mL ","3/31/2020","LABORATORIO HOSPIFARMA CHILE LTDA.","LEVOCETIRIZINA",""
"","F-25579/25","LEVOCETIRIZINA DICLORHIDRATO SOLUCIÓN ORAL 2,5 mg/5 mL","7/22/2020","NEOETHICALS CHILE S.p.A.","LEVOCETIRIZINA",""
"","F-23616/22","LEVOCETIRIZINA DICLORHIDRATO SOLUCIÓN PARA GOTAS ORALES 5 mg/mL","10/11/2017","MINTLAB Co. S.A.","LEVOCETIRIZINA",""
"","F-18490/21","LEVODROPROPIZINA JARABE 30 mg/5 mL","1/31/2011","INSTITUTO SANITAS S.A.","LEVODROPROPIZINA",""
"","F-11299/21","LEVOFAMIL COMPRIMIDOS 250 mg/25 mg","10/13/1994","LABORATORIOS ANDRÓMACO S.A.","CARBIDOPA//LEVODOPA",""
"","F-21070/24","LEVOGASTROL COMPRIMIDOS 25 mg","4/28/2014 1:10","FAES FARMA CHILE, SALUD Y NUTRICIÓN SpA","LEVOSULPIRIDA",""
"","F-24896/24","LEVONORGESTREL COMPRIMIDOS RECUBIERTOS 0,03 mg","6/24/2019","LABORATORIO HOSPIFARMA CHILE LTDA.","LEVONORGESTREL",""
"","F-25356/25","LEVONORGESTREL/ETINILESTRADIOL 150/30 COMPRIMIDOS RECUBIERTOS","3/31/2020","LABORATORIO HOSPIFARMA CHILE LTDA.","ETINILESTRADIOL//LEVONORGESTREL",""
"","F-20506/23","LEVONORGESTREL/ETINILESTRADIOL 150/30 COMPRIMIDOS RECUBIERTOS","11/12/2013 1:10","MINTLAB Co. S.A.","ETINILESTRADIOL//LEVONORGESTREL",""
"","F-25317/25","LEVOPLANT IMPLANTES SUBDÉRMICOS 2 X 75 mg (LEVONORGESTREL)","2/24/2020","DKT CHILE S.p.A..","LEVONORGESTREL",""
"","F-18339/25","LEVORIGOTAX SOLUCIÓN ORAL PARA GOTAS 5 mg/mL","10/18/2010","LABORATORIOS PRATER S.A.","LEVOCETIRIZINA",""
"","F-18332/25","LEVORIGOTAX COMPRIMIDOS RECUBIERTOS 5 mg","10/18/2010","LABORATORIOS PRATER S.A.","LEVOCETIRIZINA",""
"","F-19845/23","LEVORIGOTAX FORTE JARABE 5 mg/5mL","3/26/2013","LABORATORIOS PRATER S.A.","LEVOCETIRIZINA",""
"","F-18337/25","LEVORIGOTAX JARABE 2,5 mg/5 mL","10/18/2010","LABORATORIOS PRATER S.A.","LEVOCETIRIZINA",""
"","F-25993/21","LEVOSERT 1 SISTEMA INTRAUTERINO 20 mcg/24 horas (LEVONORGESTREL)","2/22/2021","GEDEON RICHTER CHILE SPA","LEVONORGESTREL",""
"","F-25974/21","LEVOSERT 2 SISTEMA INTRAUTERINO 20 mcg/24 horas (LEVONORGESTREL)","2/10/2021","GEDEON RICHTER CHILE SPA","LEVONORGESTREL",""
"","F-25619/25","LEVOSIMENDÁN LIOFILIZADO PARA SOLUCIÓN INYECTABLE 12,5 mg, CON SOLVENTE","8/10/2020 1:10","REPRESENTACIONES BIOTEC LTDA.","LEVOSIMENDAN",""
"","F-27783/23","LEVOSIMENDAN SOLUCIÓN INYECTABLE CONCENTRADA PARA PERFUSION 12,5 mg/5 mL","8/29/2023","EMCURE PHARMA CHILE S.p.A.","LEVOSIMENDAN",""
"","F-27936/23","LEVOSIMENDÁN SOLUCIÓN INYECTABLE CONCENTRADA PARA PERFUSIÓN 2,5 mg/mL","11/21/2023","FARMEDICAL S.p.A.","LEVOSIMENDAN",""
"","F-27975/23","LEVOTIROXINA SÓDICA COMPRIMIDOS 100 mcg","12/12/2023","ALEMBIC PHARMACEUTICALS S.p.A.","LEVOTIROXINA SODICA",""
"","F-23648/22","LEVOTIROXINA SÓDICA COMPRIMIDOS 100 mcg","11/29/2017","LABORATORIO CHILE S.A.","LEVOTIROXINA SODICA",""
"","F-25597/25","LEVOTIROXINA SÓDICA COMPRIMIDOS 100 mcg","7/29/2020","LABORATORIO HOSPIFARMA CHILE LTDA.","LEVOTIROXINA SODICA",""
"","F-25598/25","LEVOTIROXINA SÓDICA COMPRIMIDOS 125 mcg","7/29/2020","LABORATORIO HOSPIFARMA CHILE LTDA.","LEVOTIROXINA SODICA",""
"","F-25599/25","LEVOTIROXINA SÓDICA COMPRIMIDOS 150 mcg","7/29/2020","LABORATORIO HOSPIFARMA CHILE LTDA.","LEVOTIROXINA SODICA",""
"","F-27989/23","LEVOTIROXINA SÓDICA COMPRIMIDOS 25 mcg","12/18/2023","ALEMBIC PHARMACEUTICALS S.p.A.","LEVOTIROXINA SODICA",""
"","F-25594/25","LEVOTIROXINA SÓDICA COMPRIMIDOS 25 mcg","7/29/2020","LABORATORIO HOSPIFARMA CHILE LTDA.","LEVOTIROXINA SODICA",""
"","F-25595/25","LEVOTIROXINA SÓDICA COMPRIMIDOS 50 mcg","7/29/2020","LABORATORIO HOSPIFARMA CHILE LTDA.","LEVOTIROXINA SODICA",""
"","F-24961/24","LEVOTIROXINA SÓDICA COMPRIMIDOS 50 mcg","7/24/2019","LABORATORIO CHILE S.A.","LEVOTIROXINA SODICA",""
"","F-27990/23","LEVOTIROXINA SÓDICA COMPRIMIDOS 50 mcg","12/18/2023","ALEMBIC PHARMACEUTICALS S.p.A.","LEVOTIROXINA SODICA",""
"","F-25596/25","LEVOTIROXINA SÓDICA COMPRIMIDOS 75 mcg","7/29/2020","LABORATORIO HOSPIFARMA CHILE LTDA.","LEVOTIROXINA SODICA",""
"","F-23652/22","LEVOTIROXINA SÓDICA COMPRIMIDOS 75 mcg","11/29/2017","LABORATORIO CHILE S.A.","LEVOTIROXINA SODICA",""
"","F-27973/23","LEVOTIROXINA SÓDICA COMPRIMIDOS 75 mcg","12/12/2023","ALEMBIC PHARMACEUTICALS S.p.A.","LEVOTIROXINA SODICA",""
"","F-27974/23","LEVOTIROXINA SÓDICA COMPRIMIDOS 88 mcg","12/12/2023","ALEMBIC PHARMACEUTICALS S.p.A.","LEVOTIROXINA SODICA",""
"","F-12837/23","LEXAPRO COMPRIMIDOS RECUBIERTOS 10 mg","4/29/2003","LUNDBECK CHILE FARMACÉUTICA LTDA.","ESCITALOPRAM",""
"","F-12838/23","LEXAPRO COMPRIMIDOS RECUBIERTOS 15 mg","4/29/2003","LUNDBECK CHILE FARMACÉUTICA LTDA.","ESCITALOPRAM",""
"","F-12839/23","LEXAPRO COMPRIMIDOS RECUBIERTOS 20 mg","4/29/2003","LUNDBECK CHILE FARMACÉUTICA LTDA.","ESCITALOPRAM",""
"","F-25073/24","LEZITAR COMPRIMIDOS RECUBIERTOS 5 mg","10/2/2019","ASCEND LABORATORIES S.p.A.","LEVOCETIRIZINA",""
"","F-25634/25","LEZOPISA SOLUCIÓN PARA PERFUSIÓN 600 mg/300 mL (LINEZOLID)","8/18/2020","PISA FARMACÉUTICA DE CHILE S.p.A.","LINEZOLID",""
"","F-16537/22","LIBERAT CÁPSULAS 120 mg (ORLISTAT)","11/30/2007","LABORATORIO CHILE S.A.","ORLISTAT",""
"","F-23412/22","LIBIFORTE COMPRIMIDOS RECUBIERTOS 100 mg","4/4/2017","MEDINOVA FARMA LTDA.","SILDENAFILO",""
"","F-23391/22","LIBIFORTE COMPRIMIDOS RECUBIERTOS 50 mg","3/20/2017","MEDINOVA FARMA LTDA.","SILDENAFILO",""
"","F-18775/21","LIBRACTAM POLVO PARA SOLUCIÓN INYECTABLE 1,5 g","7/19/2011 2:10","LIBRA CHILE S.A.","AMPICILINA//SULBACTAM",""
"","F-21125/24","LIBRAXIN COMPRIMIDOS RECUBIERTOS","5/26/2014","DEUTSCHE PHARMA S.A.","CLIDINIO BROMURO//CLORDIAZEPOXIDO","Psicotrópico"
"","F-26470/21","LIBRIN-C 5/2.5 CÁPSULAS","11/24/2021","ASCEND LABORATORIES S.p.A.","CLIDINIO BROMURO//CLORDIAZEPOXIDO","Psicotrópico"
"","F-26395/21","LIDOCAÍNA CLORHIDRATO 2% CON EPINEFRINA 1:100.000, SOLUCIÓN INYECTABLE","9/14/2021","INMED DROGUERÍA LTDA.","EPINEFRINA//LIDOCAINA",""
"","F-6160/25","LIDOCAÍNA CLORHIDRATO 2% SOLUCIÓN INYECTABLE","10/21/1983","LABORATORIO SANDERSON SpA","LIDOCAINA",""
"","F-1300/23","LIDOCAÍNA CLORHIDRATO GEL 4%","11/27/1979","LABORATORIO CHILE S.A.","LIDOCAINA",""
"","F-15094/25","LIDOCAÍNA CLORHIDRATO SOLUCIÓN INYECTABLE 2%","9/1/2005","LABORATORIO BIOSANO S.A.","LIDOCAINA",""
"","F-24321/23","LIDOCAÍNA CLORHIDRATO SOLUCIÓN INYECTABLE 300 MG/30 mL","11/19/2018","SEVEN PHARMA CHILE S.p.A.","LIDOCAINA",""
"","F-24762/24","LIDOCAÍNA CLORHIDRATO SOLUCIÓN TÓPICA SPRAY AL 10%","4/17/2019","LABORATORIO HOSPIFARMA CHILE LTDA.","LIDOCAINA",""
"","F-27504/23","LIDOCAÌNA PARCHE 5%","5/17/2023","ASCEND LABORATORIES S.p.A.","LIDOCAINA",""
"","F-27405/23","LIDOCAÍNA PARCHE 5%","3/27/2023","ZERICUM S.p.A.","LIDOCAINA",""
"","F-26843/22","LIDOCAÍNA PARCHE 5%","6/7/2022","BPH S.A.","LIDOCAINA",""
"","F-28752/25","LIDOCAINA PARCHE TRANSDÉRMICO 5%","3/10/2025","LABORATORIOS BOCELI SpA","LIDOCAÍNA",""
"","F-25999/21","LIDOCAÍNA SOLUCIÓN TÓPICA SPRAY AL 10 %","2/24/2021","BPH S.A.","LIDOCAINA",""
"","F-11629/21","LIDOGEL, GEL ORAL 2%","9/22/1994","LABORATORIO PASTEUR S.A.","LIDOCAINA",""
"","F-7020/25","LIFTER COMPRIMIDOS RECUBIERTOS 100 mg","9/1/2000 1:10","LABORATORIOS SAVAL S.A.","SILDENAFILO",""
"","F-1893/24","LIFTER COMPRIMIDOS RECUBIERTOS 50 mg","8/2/1999","LABORATORIOS SAVAL S.A.","SILDENAFILO",""
"","F-13617/24","LIGNOSPAN STANDARD SOLUCIÓN INYECTABLE","3/26/2004","DENTAL LAVAL LTDA.","EPINEFRINA//LIDOCAINA",""
"","F-20920/24","LIMEVAL CÁPSULAS 300 mg","2/13/2014","LABORATORIOS SAVAL S.A.","LIMECICLINA",""
"","F-26115/21","LIMIAR CÁPSULAS 150 mg (PREGABALINA)","4/27/2021","EUROFARMA CHILE SpA","PREGABALINA",""
"","F-26116/21","LIMIAR CÁPSULAS 75 mg (PREGABALINA)","4/27/2021","EUROFARMA CHILE SpA","PREGABALINA",""
"","F-25514/25","LIMIDE CÁPSULAS 10 mg (LENALIDOMIDA)","6/25/2020","SEVEN PHARMA CHILE S.p.A.","LENALIDOMIDA",""
"","F-25503/25","LIMIDE CÁPSULAS 25 mg (LENALIDOMIDA)","6/24/2020","SEVEN PHARMA CHILE S.p.A.","LENALIDOMIDA",""
"","F-25510/25","LIMIDE CÁPSULAS 5 mg (LENALIDOMIDA)","6/25/2020","SEVEN PHARMA CHILE S.p.A.","LENALIDOMIDA",""
"","F-25979/21","LIMUSTAC 15/6,14 COMPRIMIDOS RECUBIERTOS","2/11/2021","LABORATORIOS RICHMOND CHILE LIMITADA","TIPIRACILO//TRIFLURIDINA",""
"","F-25977/21","LIMUSTAC 20/8,19 COMPRIMIDOS RECUBIERTOS","2/11/2021","LABORATORIOS RICHMOND CHILE LIMITADA","TIPIRACILO//TRIFLURIDINA",""
"","F-27450/23","LINAVITAE COMPRIMIDOS RECUBIERTOS 5 mg (LINAGLIPTINA)","4/11/2023","GALENICUM HEALTH CHILE S.p.A.","LINAGLIPTINA",""
"","F-28157/24","LINDEZIP COMPRIMIDOS RECUBIERTOS 10 mg (DONEPEZILO CLORHIDRATO)","3/18/2024","SEVEN PHARMA CHILE S.p.A.","DONEPEZILO",""
"","F-22687/21","LINETERO COMPRIMIDOS RECUBIERTOS 600 mg","5/13/2016","SEVEN PHARMA CHILE S.p.A.","LINEZOLID",""
"","F-22121/25","LINEZET COMPRIMIDOS RECUBIERTOS 600 mg (LINEZOLID)","9/9/2015","SYNTHON CHILE LTDA.","LINEZOLID",""
"","F-23911/23","LINEZOLID COMPRIMIDOS RECUBIERTOS 600 mg","7/3/2018","ASCEND LABORATORIES S.p.A.","LINEZOLID",""
"","F-21764/25","LINEZOLID SOLUCIÓN INYECTABLE 2 mg/mL","3/23/2015 1:10","COMERCIAL APOTECARE S.p.A.","LINEZOLID",""
"","F-21512/24","LINEZOLIDA COMPRIMIDOS RECUBIERTOS 600 mg","11/4/2014","VESALIUS PHARMA S.A.","LINEZOLID",""
"","F-21354/24","LINEZOLIDA COMPRIMIDOS RECUBIERTOS 600 mg","8/27/2014","SANDOZ CHILE S.p.A.","LINEZOLID",""
"","F-21529/24","LINEZOLIDA SOLUCIÓN INYECTABLE 2 mg/mL","11/13/2014","FRESENIUS KABI CHILE LTDA.","LINEZOLID",""
"","F-13487/24","LINFONEX COMPRIMIDOS RECUBIERTOS 250 mg","1/30/2004","LABORATORIOS RECALCINE S.A.","MICOFENOLATO",""
"","F-13451/23","LINFONEX COMPRIMIDOS RECUBIERTOS 500 mg","12/31/2003","LABORATORIOS RECALCINE S.A.","MICOFENOLATO",""
"","F-27854/23","LINMID COMPRIMIDOS RECUBIERTOS 5 mg (LINAGLIPTINA)","10/1/2023 23:00","SEVEN PHARMA CHILE S.p.A.","LINAGLIPTINA",""
"","F-28789/25","LINMID DUO 2,5/850 COMPRIMIDOS RECUBIERTOS","4/9/2025","SEVEN PHARMA CHILE S.p.A.","LINAGLIPTINA;METFORMINA CLORHIDRATO",""
"","F-28761/25","LIORESYL COMPRIMIDOS 10 mg","3/23/2025","NOVARTIS CHILE S.A.","BACLOFENO",""
"","F-1045/23","LIORESYL COMPRIMIDOS 10 mg","9/17/1970","NOVARTIS CHILE S.A.","BACLOFENO",""
"","F-27598/23","LIPIDEXA 10/10 COMPRIMIDOS RECUBIERTOS","6/27/2023","FERRER CHILE S.A.","EZETIMIBA//ROSUVASTATINA",""
"","F-27599/23","LIPIDEXA 20/10 COMPRIMIDOS RECUBIERTOS","6/28/2023","FERRER CHILE S.A.","EZETIMIBA//ROSUVASTATINA",""
"","F-1290/23","LIPIODOL ULTRA FLUIDO INYECTABLE 4,8 g/10 mL (YODO)","11/7/1962","GUERBET CHILE LIMITADA","ACEITE DE AMAPOLA",""
"","N-355/24","LIPISTAT CÁPSULAS 400 mg","12/23/2004","KNOP LABORATORIOS S.A.","",""
"","F-21005/24","LIPITOR COMPRIMIDOS RECUBIERTOS 10 mg (ATORVASTATINA)","4/1/2014","ASPEN CHILE S.A.","ATORVASTATINA",""
"","F-21006/24","LIPITOR COMPRIMIDOS RECUBIERTOS 20 mg (ATORVASTATINA)","4/1/2014","ASPEN CHILE S.A.","ATORVASTATINA",""
"","F-21003/24","LIPITOR COMPRIMIDOS RECUBIERTOS 40 mg (ATORVASTATINA)","4/1/2014","ASPEN CHILE S.A.","ATORVASTATINA",""
"","F-21004/24","LIPITOR COMPRIMIDOS RECUBIERTOS 80 mg (ATORVASTATINA)","4/1/2014","ASPEN CHILE S.A.","ATORVASTATINA",""
"","F-26795/22","LIPO-DOX LIPOSOMAL PEGILADA INYECTABLE 20 mg/10 mL (DOXORRUBICINA)","5/11/2022","VESALIUS PHARMA S.A.","DOXORUBICINA",""
"","F-20226/23","LIPOBRAND CÁPSULAS 100 mg","8/15/2013","PHARMABRAND CHILE LTDA.","CIPROFIBRATO",""
"","F-26682/22","LIPOLIP COMPRIMIDOS RECUBIERTOS 100 mg (SITAGLIPTINA)","3/16/2022","OPKO CHILE S.A.","SITAGLIPTINA",""
"","F-24706/24","LIPOTEN COMPRIMIDOS RECUBIERTOS 40 mg (ATORVASTATINA)","3/19/2019","EXELTIS CHILE S.p.A.","ATORVASTATINA",""
"","F-24707/24","LIPOTEN COMPRIMIDOS RECUBIERTOS 80 mg (ATORVASTATINA)","3/19/2019","EXELTIS CHILE S.p.A.","ATORVASTATINA",""
"","F-12165/22","LIREX COMPRIMIDOS 2,5 mg (TIBOLONA)","6/7/2002","LABORATORIOS SILESIA S.A.","TIBOLONA",""
"","F-1703/24","LISOVYR CREMA DÉRMICA 5%","3/15/1999","MINTLAB Co. S.A.","ACICLOVIR",""
"","F-19616/22","LISUR COMPRIMIDOS RECUBIERTOS 200 mg","10/9/2012","LABORATORIO CHILE S.A.","FLAVOXATO",""
"","F-28245/24","LITAK SOLUCIÓN INYECTABLE 10 mg/5 mL (CLADRIBINA)","4/18/2024","GADOR LTDA.","Cladribina",""
"","F-19122/21","LITASINA SOLUCIÓN INYECTABLE 2 mg/mL","12/2/2011","MEGALABS CHILE S.A.","LINEZOLID",""
"","F-28679/25","LIVDAS CÁPSULAS 1 mg (TACROLIMUS)","1/13/2025","SEVEN PHARMA CHILE S.p.A.","TACROLIMUS",""
"","F-27543/23","LIVDAS CÁPSULAS 5 mg (TACROLIMUS)","5/29/2023","SEVEN PHARMA CHILE S.p.A.","TACROLIMUS",""
"","F-10550/21","LIVIAL COMPRIMIDOS 2,5 mg","7/9/1990","ORGANON CHILE S.p.A.","TIBOLONA",""
"","F-26061/21","LIZEDIA CONCENTRADO PARA SOLUCIÓN PARA PERFUSIÓN 500 mg/ 5 mL","3/30/2021","PHARMATECH CHILE S.p.A.","LEVETIRACETAM",""
"","F-25698/25","LIZEDIA SOLUCIÓN ORAL 100 mg/mL","9/22/2020","PHARMATECH CHILE S.p.A.","LEVETIRACETAM",""
"","F-28534/24","LOKELMA POLVO PARA SUSPENSIÓN ORAL 10 g, EN SOBRES (CICLOSILICATO DE SODIO ZIRCONIO)","2/18/2025","ASTRAZENECA S.A.","CICLOSILICATO DE ZIRCONIO SÓDICO",""
"","F-28533/24","LOKELMA POLVO PARA SUSPENSIÓN ORAL 5 g, EN SOBRES (CICLOSILICATO DE SODIO ZIRCONIO)","2/18/2025","ASTRAZENECA S.A.","CICLOSILICATO DE ZIRCONIO SÓDICO",""
"","F-24668/24","LOMEX CÁPSULAS CON MICROGRÁNULOS RECUBIERTOS DE LIBERACIÓN RETARDADA 20 mg (OMEPRAZOL)","2/20/2019","LABORATORIOS SAVAL S.A.","OMEPRAZOL",""
"","F-24522/24","Longride Comprimidos recubiertos 30 mg (DAPOXETINA CLORHIDRATO)","1/7/2019 2:10","MSN LABS CHILE S.p.A.","DAPOXETINA",""
"","F-24523/24","Longride Comprimidos recubiertos 60 mg (DAPOXETINA CLORHIDRATO)","1/7/2019 2:10","MSN LABS CHILE S.p.A.","DAPOXETINA",""
"","B-2714/23","LONQUEX SOLUCION INYECTABLE 6mg/0,6 mL","9/25/2018","LABORATORIO CHILE S.A.","LIPEGFILGRASTIM",""
"","F-28529/24","LONSURF 15/6,14 COMPRIMIDOS RECUBIERTOS","10/8/2024","LABORATORIO SERVIER CHILE LTDA.","TIPIRACILO//TRIFLURIDINA",""
"","F-25343/25","LONSURF 15/6,14 COMPRIMIDOS RECUBIERTOS","3/27/2020","LABORATORIO SERVIER CHILE LTDA.","TIPIRACILO//TRIFLURIDINA",""
"","F-25344/25","LONSURF 20/8,19 COMPRIMIDOS RECUBIERTOS","3/27/2020","LABORATORIO SERVIER CHILE LTDA.","TIPIRACILO//TRIFLURIDINA",""
"","F-28530/24","LONSURF 20/8,19 COMPRIMIDOS RECUBIERTOS","10/8/2024","LABORATORIO SERVIER CHILE LTDA.","TIPIRACILO//TRIFLURIDINA",""
"","F-3982/25","LOPERAMIDA CLORHIDRATO COMPRIMIDOS 2 mg","8/6/1980 2:10","LABORATORIO CHILE S.A.","LOPERAMIDA",""
"","F-15173/25","LOPERAMIDA CLORHIDRATO COMPRIMIDOS 2 mg","10/25/2005","MINTLAB Co. S.A.","LOPERAMIDA",""
"","F-28022/24","LOPINAVIR/RITONAVIR 200/50 COMPRIMIDOS RECUBIERTOS","1/10/2024","SIRON PHARMA S.p.A.","LOPINAVIR//RITONAVIR",""
"","F-14316/24","LOPREN COMPRIMIDOS RECUBIERTOS 50 mg (LOSARTÁN POTÁSICO)","11/25/2004","MINTLAB Co. S.A.","LOSARTAN",""
"","F-24616/24","LORATADINA COMPRIMIDOS 10 mg","1/31/2019","ASCEND LABORATORIES S.p.A.","LORATADINA",""
"","F-8455/26","LORATADINA COMPRIMIDOS 10 mg","1/21/1997 2:10","LABORATORIO CHILE S.A.","LORATADINA",""
"","F-16767/23","LORATADINA COMPRIMIDOS 10 mg","3/28/2008","OPKO CHILE S.A.","LORATADINA",""
"","F-8414/21","LORATADINA JARABE 5 mg/5 mL","11/12/1991 2:10","LABORATORIO CHILE S.A.","LORATADINA",""
"","F-11864/22","LORATADINA SOLUCIÓN ORAL 5 mg/5 mL","2/1/2002","LABORATORIO PASTEUR S.A.","LORATADINA",""
"","F-9902/26","LORATADINA SOLUCIÓN ORAL 5 mg/5 mL","1/8/1997 2:10","MINTLAB Co. S.A.","LORATADINA",""
"","F-25492/25","LORATADINA SOLUCIÓN ORAL 5 mg/5 mL","6/17/2020","NEOETHICALS CHILE S.p.A.","LORATADINA",""
"","F-26168/21","LORBRENA COMPRIMIDOS RECUBIERTOS 100 mg (LORLATINIB)","5/25/2021","PFIZER CHILE S.A.","LORLATINIB",""
"","F-26170/21","LORBRENA COMPRIMIDOS RECUBIERTOS 25 mg (LORLATINIB)","5/25/2021","PFIZER CHILE S.A.","LORLATINIB",""
"","F-24990/24","LOSAPRES 100 COMPRIMIDOS RECUBIERTOS 100 mg (LOSARTÁN POTÁSICO)","8/7/2019","MEGALABS CHILE S.A.","LOSARTAN",""
"","F-24989/24","LOSAPRES 50 COMPRIMIDOS RECUBIERTOS 50 mg (LOSARTAN POTÁSICO)","8/7/2019","MEGALABS CHILE S.A.","LOSARTAN",""
"","F-22884/21","LOSAPRES D 100/25 COMPRIMIDOS RECUBIERTOS","7/19/2016 2:10","MEGALABS CHILE S.A.","HIDROCLOROTIAZIDA//LOSARTAN",""
"","F-22883/21","LOSAPRES D 50/12,5 COMPRIMIDOS RECUBIERTOS","7/19/2016","MEGALABS CHILE S.A.","HIDROCLOROTIAZIDA//LOSARTAN",""
"","F-20493/23","LOSARTAN POTÁSICO COMPRIMIDOS RECUBIERTOS 100 mg","10/25/2013","CHEMOPHARMA S.A.","LOSARTAN",""
"","F-21746/25","LOSARTAN POTÁSICO COMPRIMIDOS RECUBIERTOS 100 mg","3/10/2015 2:10","ASCEND LABORATORIES S.p.A.","LOSARTAN",""
"","F-22733/21","LOSARTÁN POTÁSICO COMPRIMIDOS RECUBIERTOS 100 mg","6/8/2016","SEVEN PHARMA CHILE S.p.A.","LOSARTAN",""
"","F-17498/24","LOSARTÁN POTÁSICO COMPRIMIDOS RECUBIERTOS 100 mg","5/8/2009","LABORATORIO CHILE S.A.","LOSARTAN",""
"","F-23645/22","LOSARTÁN POTÁSICO COMPRIMIDOS RECUBIERTOS 100 mg","11/28/2017","OPKO CHILE S.A.","LOSARTAN",""
"","F-28741/25","LOSARTÁN POTÁSICO COMPRIMIDOS RECUBIERTOS 100 mg","3/4/2025","MSN LABS CHILE SpA","LOSARTÁN POTÁSICO",""
"","F-27872/23","LOSARTÁN POTÁSICO COMPRIMIDOS RECUBIERTOS 100 mg","10/11/2023","LABORATORIO CHILE S.A.","LOSARTAN",""
"","F-28411/24","LOSARTÁN POTÁSICO COMPRIMIDOS RECUBIERTOS 100 mg","8/6/2024","NEOETHICALS CHILE S.p.A.","LOSARTAN",""
"","F-23447/22","LOSARTÁN POTASICO COMPRIMIDOS RECUBIERTOS 50 mg","5/5/2017","SEVEN PHARMA CHILE S.p.A.","LOSARTAN",""
"","F-24122/23","LOSARTÁN POTÁSICO COMPRIMIDOS RECUBIERTOS 50 mg","9/25/2018","LABORATORIO CHILE S.A.","LOSARTAN",""
"","F-22000/25","LOSARTÁN POTÁSICO COMPRIMIDOS RECUBIERTOS 50 mg","7/15/2015 2:10","ASCEND LABORATORIES S.p.A.","LOSARTAN",""
"","F-18420/25","LOSARTÁN POTÁSICO COMPRIMIDOS RECUBIERTOS 50 mg","11/27/2010","OPKO CHILE S.A.","LOSARTAN",""
"","F-14315/24","LOSARTÁN POTÁSICO COMPRIMIDOS RECUBIERTOS 50 mg","11/25/2004","MINTLAB Co. S.A.","LOSARTAN",""
"","F-13738/24","LOSARTÁN POTÁSICO COMPRIMIDOS RECUBIERTOS 50 mg","5/6/2004","LABORATORIO CHILE S.A.","LOSARTAN",""
"","F-27871/23","LOSARTÁN POTÁSICO COMPRIMIDOS RECUBIERTOS 50 mg","10/11/2023","LABORATORIO CHILE S.A.","LOSARTAN",""
"","F-28282/24","LOSARTÁN POTÁSICO COMPRIMIDOS RECUBIERTOS 50 mg ","5/7/2024","COMERCIAL APOTECARE S.p.A.","LOSARTAN",""
"","F-28409/24","LOSARTÁN POTÁSICO COMPRIMIDOS RECUBIERTOS 50 mg","8/6/2024","NEOETHICALS CHILE S.p.A.","LOSARTAN",""
"","F-28740/25","LOSARTÁN POTÁSICO COMPRIMIDOS RECUBIERTOS 50 mg","3/4/2025","MSN LABS CHILE SpA","Losartán Potásico",""
"","F-28683/25","LOSARTÁN POTÁSICO COMPRIMIDOS RECUBIERTOS 50 mg","1/14/2025","SEVEN PHARMA CHILE S.p.A.","LOSARTAN",""
"","F-27006/22","LOSARTÁN POTÁSICO COMPRIMIDOS RECUBIERTOS 50 mg","8/23/2022","OPKO CHILE S.A.","LOSARTAN",""
"","F-8741/21","LOSARTÁN POTÁSICO COMPRIMIDOS RECUBIERTOS 50 mg","3/20/1997","CHEMOPHARMA S.A.","LOSARTAN",""
"","F-19663/22","LOSARTAN POTÁSICO/ HIDROCLOROTIAZIDA 50/12,5 COMPRIMIDOS RECUBIERTOS","11/14/2012","ASCEND LABORATORIES S.p.A.","HIDROCLOROTIAZIDA//LOSARTAN",""
"","F-24464/23","LOSARTÁN POTÁSICO/HIDROCLOROTIAZIDA 100/25 COMPRIMIDOS RECUBIERTOS","12/14/2018","OPKO CHILE S.A.","HIDROCLOROTIAZIDA//LOSARTAN",""
"","F-24486/23","LOSARTÁN POTÁSICO/HIDROCLOROTIAZIDA 50/12,5 COMPRIMIDOS RECUBIERTOS","12/24/2018","OPKO CHILE S.A.","HIDROCLOROTIAZIDA//LOSARTAN",""
"","F-7548/21","LOSEC MUPS COMPRIMIDOS RECUBIERTOS DE LIBERACIÓN RETARDADA 10 mg (OMEPRAZOL)","3/26/2001","LABORATORIOS BIOPAS S.A.","OMEPRAZOL",""
"","F-7547/21","LOSEC MUPS COMPRIMIDOS RECUBIERTOS DE LIBERACIÓN RETARDADA 20 mg (OMEPRAZOL)","3/26/2001","LABORATORIOS BIOPAS S.A.","OMEPRAZOL",""
"","F-12279/22","LOSIRAL COMPRIMIDOS RECUBIERTOS 2,5 mg","8/8/2002","LABORATORIOS RECALCINE S.A.","LETROZOL",""
"","F-24900/24","LOTADIN COMPRIMIDOS RECUBIERTOS 5 mg (DESLORATADINA)","6/26/2019","OPKO CHILE S.A.","DESLORATADINA",""
"","F-25420/25","LOTADIN JARABE 2,5 mg/5 mL (DESLORATADINA)","5/13/2020","OPKO CHILE S.A.","DESLORATADINA",""
"","F-17877/24","LOUTEN - T SOLUCIÓN OFTÁLMICA","12/23/2009","MEGALABS CHILE S.A.","LATANOPROST//TIMOLOL",""
"","F-25281/25","LOUTEN EMULSIÓN OFTÁLMICA 0,005% (LATANOPROST)","2/4/2020","MEGALABS CHILE S.A.","Latanoprost",""
"","F-7585/21","LOUTEN SOLUCIÓN OFTÁLMICA 0,005%","4/19/2001","MEGALABS CHILE S.A.","LATANOPROST",""
"","F-13341/23","LOVASTATINA COMPRIMIDOS 20 mg","12/9/2003","LABORATORIO CHILE S.A.","LOVASTATINA",""
"","F-13920/24","LOWFIN COMPRIMIDOS RECUBIERTOS 100 mg (SERTRALINA CLORHIDRATO)","6/24/2004","MINTLAB Co. S.A.","SERTRALINA",""
"","F-12421/22","LOWFIN COMPRIMIDOS RECUBIERTOS 50 mg","12/30/2002","MINTLAB Co. S.A.","SERTRALINA",""
"","F-24939/24","LOZATEX COMPRIMIDOS 10 mg","7/10/2019","SEVEN PHARMA CHILE S.p.A.","LORATADINA",""
"","F-27305/23","LUCASTE COMPRIMIDOS MASTICABLES 5 mg","1/25/2023","EUROFARMA CHILE SpA","MONTELUKAST",""
"","F-20589/23","LUCASTE COMPRIMIDOS MASTICABLES 5 mg (MONTELUKAST)","12/2/2013","EUROFARMA CHILE SpA","MONTELUKAST",""
"","F-27218/22","LUCASTE COMPRIMIDOS RECUBIERTOS 10 mg (MONTELUKAST SÓDICO)","12/14/2022","EUROFARMA CHILE SpA","MONTELUKAST",""
"","F-24805/24","LUCASTE GRANULADO ORAL 4 mg EN SOBRES (MONTELUKAST)","5/15/2019","EUROFARMA CHILE SpA","MONTELUKAST",""
"","B-1989/22","LUCENTIS SOLUCIÓN INYECTABLE 10 mg/mL (RANIBIZUMAB)","9/7/2007","NOVARTIS CHILE S.A.","RANIBIZUMAB",""
"","F-24358/23","LUDIUM COMPRIMIDOS RECUBIERTOS 20 mg (TADALAFILO)","11/27/2018","LABORATORIOS SAVAL S.A.","TADALAFILO",""
"","F-24357/23","LUDIUM COMPRIMIDOS RECUBIERTOS 5 mg (TADALAFILO)","11/27/2018","LABORATORIOS SAVAL S.A.","TADALAFILO",""
"","F-26155/21","LUGANO 12/250 POLVO PARA INHALACIÓN EN CÁPSULAS","5/13/2021","EUROFARMA CHILE SpA","FLUTICASONA PROPIONATO//FORMOTEROL",""
"","F-18724/21","LUKANEX COMPRIMIDOS MASTICABLES 4 mg","7/8/2011","LABORATORIOS SAVAL S.A.","MONTELUKAST",""
"","F-18725/21","LUKANEX COMPRIMIDOS MASTICABLES 5 mg","7/8/2011","LABORATORIOS SAVAL S.A.","MONTELUKAST",""
"","F-16852/23","LUKANEX COMPRIMIDOS RECUBIERTOS 10 mg","5/29/2008","LABORATORIOS SAVAL S.A.","MONTELUKAST",""
"","F-18806/21","LUKANEX GRANULADO ORAL 4 mg EN SOBRES (MONTELUKAST)","8/9/2011","LABORATORIOS SAVAL S.A.","MONTELUKAST",""
"","F-25477/25","LUKEM 5 COMPRIMIDOS MASTICABLES 5 mg (MONTELUKAST)","6/15/2020","ASCEND LABORATORIES S.p.A.","MONTELUKAST",""
"","F-27476/23","LUKEM COMPRIMIDOS MASTICABLES 5 mg (MONTELUKAST)","4/25/2023","ASCEND LABORATORIES S.p.A.","MONTELUKAST",""
"","F-28265/24","LUMAKRAS COMPRIMIDOS RECUBIERTOS 120 mg (SOTORASIB)","4/30/2024","TECNOFARMA S.A.","SOTORASIB",""
"","F-27876/23","LUMARTE COMPRIMIDOS 100 mg (ALOPURINOL)","10/12/2023","SEVEN PHARMA CHILE S.p.A.","ALOPURINOL",""
"","F-27875/23","LUMARTE COMPRIMIDOS 300 mg (ALOPURINOL)","10/12/2023","SEVEN PHARMA CHILE S.p.A.","ALOPURINOL",""
"","F-18052/25","LUMIGAN RC SOLUCIÓN OFTÁLMICA 0,01%","6/1/2010","ABBVIE PRODUCTOS FARMACÉUTICOS LTDA.","BIMATOPROST",""
"","F-9090/21","LUMIGAN SOLUCIÓN OFTÁLMICA 0,03% (BIMATOPROST)","9/21/2001","ABBVIE PRODUCTOS FARMACÉUTICOS LTDA.","BIMATOPROST",""
"","B-3170/25","LUNSUMIO CONCENTRADO PARA SOLUCIÓN PARA PERFUSIÓN 1 mg/1 mL (MOSUNETUZUMAB)","11/13/2025","ROCHE CHILE LTDA.","MOSUNETUZUMAB",""
"","B-3049/24","LUNSUMIO CONCENTRADO PARA SOLUCIÓN PARA PERFUSIÓN 1 mg/1 mL (MOSUNETUZUMAB)","9/10/2024","ROCHE CHILE LTDA.","MOSUNETUZUMAB",""
"","B-3050/24","LUNSUMIO CONCENTRADO PARA SOLUCIÓN PARA PERFUSIÓN 30 mg/30 mL (MOSUNETUZUMAB)","9/10/2024","ROCHE CHILE LTDA.","MOSUNETUZUMAB",""
"","B-3171/25","LUNSUMIO CONCENTRADO PARA SOLUCIÓN PARA PERFUSIÓN 30 mg/30 mL (MOSUNETUZUMAB)","11/13/2025","ROCHE CHILE LTDA.","MOSUNETUZUMAB",""
"","F-28082/24","LURADON 20 COMPRIMIDOS RECUBIERTOS 20 mg (LURASIDONA CLORHIDRATO)","3/10/2024 23:00","GADOR LTDA.","LURASIDONA",""
"","F-27894/23","LURADON 40 COMPRIMIDOS RECUBIERTOS 40 mg (LURASIDONA CLORHIDRATO)","12/3/2023 23:00","GADOR LTDA.","LURASIDONA",""
"","F-28083/24","LURADON 60 COMPRIMIDOS RECUBIERTOS 60 mg (LURASIDONA CLORHIDRATO)","3/10/2024 23:00","GADOR LTDA.","LURASIDONA",""
"","F-28314/24","LURIDEX COMPRIMIDOS RECUBIERTOS 20 mg (LURASIDONA CLORHIDRATO)","11/13/2024 0:00","EXELTIS CHILE S.p.A.","LURASIDONA",""
"","F-28608/24","LURIDEX COMPRIMIDOS RECUBIERTOS 40 mg (LURASIDONA CLORHIDRATO)","11/20/2024","EXELTIS CHILE S.p.A.","LURASIDONA",""
"","F-28313/24","LURIDEX COMPRIMIDOS RECUBIERTOS 80 mg (LURASIDONA CLORHIDRATO)","11/13/2024 0:00","EXELTIS CHILE S.p.A.","LURASIDONA",""
"","F-23500/22","LUTAMIDAL COMPRIMIDOS RECUBIERTOS 150 mg (BICALUTAMIDA)","6/12/2017","TECNOFARMA S.A.","Bicalutamida",""
"","F-23501/22","LUTAMIDAL COMPRIMIDOS RECUBIERTOS 50 mg (Bicalutamida)","6/12/2017","TECNOFARMA S.A.","Bicalutamida",""
"","F-20498/23","LUVOX COMPRIMIDOS RECUBIERTOS 100 mg (FLUVOXAMINA)","12/10/2013","ABBOTT LABORATORIES DE CHILE LTDA.","FLUVOXAMINA",""
"","H-1214/24","LYMPHOMYOSOT N SOLUCION INYECTABLE","6/4/2014","PRODUCTOS FARMACÉUTICOS HEEL CHILE LTDA.","",""
"","F-25441/25","LYNPARZA COMPRIMIDOS RECUBIERTOS 100 mg (OLAPARIB)","5/25/2020","ASTRAZENECA S.A.","OLAPARIB",""
"","F-25442/25","LYNPARZA COMPRIMIDOS RECUBIERTOS 150 mg (OLAPARIB)","5/25/2020","ASTRAZENECA S.A.","OLAPARIB",""
"","F-22772/21","LYORTAM LIOFILIZADO PARA SOLUCION INYECTABLE 1 g (ERTAPENEM)","6/9/2016","LIBRA CHILE S.A.","ERTAPENEM",""
"","F-14398/24","LYRICA CÁPSULAS 150 mg","12/24/2004","ASPEN CHILE S.A.","PREGABALINA",""
"","F-14400/24","LYRICA CÁPSULAS 25 mg (PREGABALINA)","12/24/2004","ASPEN CHILE S.A.","Pregabalina",""
"","F-14401/24","LYRICA CÁPSULAS 75 mg","12/24/2004","ASPEN CHILE S.A.","PREGABALINA",""
"","F-24081/23","LYSENDA COMPRIMIDOS 10 mg (EVEROLIMUS)","9/4/2018","SYNTHON CHILE LTDA.","EVEROLIMUS",""
"","F-24140/23","LYSENDA COMPRIMIDOS 5 mg (EVEROLIMUS)","10/1/2018","SYNTHON CHILE LTDA.","Everolimus",""
"","B-2844/25","MABTHERA CONCENTRADO PARA SOLUCION PARA PERFUSION 500 mg/50 mL (RITUXIMAB)","10/26/2020","ROCHE CHILE LTDA.","RITUXIMAB",""
"","B-2409/24","MABTHERA RECOMBINANTE SOLUCIÓN INYECTABLE 1400 mg/11,7mL","7/30/2014","ROCHE CHILE LTDA.","RITUXIMAB",""
"","B-148/23","MABTHERA SOLUCIÓN PARA INFUSIÓN 10 mg/mL (RITUXIMAB)","12/30/1998","ROCHE CHILE LTDA.","RITUXIMAB",""
"","F-26733/22","MACINTA COMPRIMIDOS RECUBIERTOS 10 mg (MACITENTAN)","4/11/2022","TECNOFARMA S.A.","MACITENTAN",""
"","F-25570/25","MACITENTAN COMPRIMIDOS RECUBIERTOS 10 mg","7/21/2020","MSN LABS CHILE S.p.A.","MACITENTAN",""
"","F-26845/22","MACROGOL 3350 POLVO PARA SOLUCIÓN ORAL, EN SOBRES","6/8/2022","SOCIEDAD FARMACÉUTICA TERVIS PHARMA LTDA.","MACROGOL",""
"","F-3632/25","MACROSAN CÁPSULAS 100 mg","11/10/1989","INSTITUTO SANITAS S.A.","NITROFURANTOINA",""
"","F-3633/25","MACROSAN CÁPSULAS 50 mg (NITROFURANTOÍNA MACROCRISTALES)","11/10/1989","INSTITUTO SANITAS S.A.","NITROFURANTOINA",""
"","F-16807/23","MADELEN COMPRIMIDOS RECUBIERTOS 1 mg","5/7/2008","SYNTHON CHILE LTDA.","ANASTROZOL",""
"","F-20560/23","MADOZIDE 200/50 COMPRIMIDOS","11/25/2013 2:10","LABORATORIO CHILE S.A.","BENSERAZIDA//LEVODOPA",""
"","F-23559/22","MAITE 2/0,03 COMPRIMIDOS RECUBIERTOS","7/25/2017","EUROFARMA CHILE SpA","CLORMADINONA//ETINILESTRADIOL",""
"","F-642/23","MALARONE COMPRIMIDOS RECUBIERTOS","7/14/1998 2:10","GLAXOSMITHKLINE CHILE FARMACÉUTICA LTDA.","ATOVACUONA//PROGUANIL",""
"","F-107/22","MALTOFER COMPRIMIDOS MASTICABLES 100 mg","7/16/1997","LABORATORIOS ANDRÓMACO S.A.","HIERRO HIDROXIDO",""
"","F-16208/22","MALTOFER FOL PLUS COMPRIMIDOS RECUBIERTOS","7/19/2007","LABORATORIOS ANDRÓMACO S.A.","ACIDO FOLICO//CIANOCOBALAMINA//HIERRO HIDROXIDO",""
"","F-26600/22","MALTOFER JARABE 50 mg/5 mL (HIERRO)","1/19/2022","LABORATORIOS ANDRÓMACO S.A.","HIERRO HIDROXIDO-POLIMALTOSA",""
"","F-26597/22","MALTOFER SOLUCIÓN ORAL 100 mg/5 mL (HIERRO)","1/19/2022","LABORATORIOS ANDRÓMACO S.A.","HIERRO HIDROXIDO-POLIMALTOSA",""
"","F-26601/22","MALTOFER SOLUCIÓN ORAL PARA GOTAS 50 mg/mL (HIERRO)","1/20/2022","LABORATORIOS ANDRÓMACO S.A.","HIERRO HIDROXIDO-POLIMALTOSA",""
"","F-26978/22","MANTIXA 2,5 COMPRIMIDOS RECUBIERTOS 2,5 mg (APIXABAN)","8/9/2022","MEGALABS CHILE S.A.","APIXABAN",""
"","F-26981/22","MANTIXA 5 COMPRIMIDOS RECUBIERTOS 5 mg (APIXABAN)","8/9/2022","MEGALABS CHILE S.A.","APIXABAN",""
"","F-25122/24","MANTOMED COMPRIMIDOS RECUBIERTOS 10 mg","11/11/2019","PHARMATECH CHILE S.p.A.","MEMANTINA",""
"","F-25123/24","MANTOMED COMPRIMIDOS RECUBIERTOS 20 mg (MEMANTINA CLORHIDRATO)","11/11/2019","PHARMATECH CHILE S.p.A.","MEMANTINA",""
"","F-25769/25","MAREAMIN COMPRIMIDOS 100 mg (DIMENHIDRINATO)","11/3/2020","EUROFARMA CHILE SpA","DIMENHIDRINATO",""
"","F-22176/25","MARVELON - 20 COMPRIMIDOS","9/29/2015 1:10","ORGANON CHILE S.p.A.","DESOGESTREL//ETINILESTRADIOL",""
"","F-23820/23","MARVELON COMPRIMIDOS","5/23/2018","ORGANON CHILE S.p.A.","DESOGESTREL//ETINILESTRADIOL",""
"","F-22412/26","MASEREN COMPRIMIDOS RECUBIERTOS 25 mg (EXEMESTANO)","1/20/2016 2:10","OPKO CHILE S.A.","EXEMESTANO",""
"","F-12330/22","MATIDAN CÁPSULAS 100 mg","9/30/2002","MINTLAB Co. S.A.","NITROFURANTOINA",""
"","F-24947/24","MATIZ COMPRIMIDOS 250 mg","7/18/2019","EUROFARMA CHILE SpA","ABIRATERONA",""
"","F-23853/23","MAVENCLAD COMPRIMIDOS 10 mg (CLADRIBINA)","6/7/2018","MERCK S.A.","CLADRIBINA",""
"","F-29356/25","MAVENCLAD COMPRIMIDOS 10 mg (CLADRIBINA)","12/1/2025","MERCK S.A.","CLADRIBINA",""
"","F-24649/23","MAXIMOX 400/57,1 POLVO PARA SUSPENSIÓN ORAL CON SOLVENTE (AMOXICILINA/ÁCIDO CLAVULÁNICO)","12/31/1998","LABORATORIO PASTEUR S.A.","ACIDO CLAVULANICO//AMOXICILINA",""
"","F-14064/24","MAXIMOX 200/28,6 POLVO PARA SUSPENSIÓN ORAL CON SOLVENTE","4/19/1999","LABORATORIO PASTEUR S.A.","ACIDO CLAVULANICO//AMOXICILINA",""
"","F-9914/21","MAXIMOX 250/62,5 POLVO PARA SUSPENSIÓN ORAL","12/4/1995","LABORATORIO PASTEUR S.A.","ACIDO CLAVULANICO//AMOXICILINA",""
"","F-9913/21","MAXIMOX 500/125 POLVO PARA SUSPENSIÓN ORAL","11/30/1995","LABORATORIO PASTEUR S.A.","ACIDO CLAVULANICO//AMOXICILINA",""
"","F-14065/24","MAXIMOX 875/125 COMPRIMIDOS RECUBIERTOS","4/19/1999","LABORATORIO PASTEUR S.A.","ACIDO CLAVULANICO//AMOXICILINA",""
"","F-9233/21","MD GASTROVIEW SOLUCIÓN ORAL","8/25/1992","GUERBET CHILE LIMITADA","MEGLUMINA//SODIO DIATRIZOATO",""
"","F-6916/25","MEBENDAZOL COMPRIMIDOS MASTICABLES 100 mg","4/11/1988","MINTLAB Co. S.A.","MEBENDAZOL",""
"","F-13153/23","MEBENDAZOL SUSPENSIÓN ORAL 100 mg/5 mL","10/7/2003","BPH S.A.","MEBENDAZOL",""
"","F-11603/21","MEBENDAZOL SUSPENSIÓN ORAL 100 mg/5 mL","5/23/1991","LABORATORIO PASTEUR S.A.","MEBENDAZOL",""
"","F-19137/21","MEBRAL COMPRIMIDOS RECUBIERTOS 10 mg (MEMANTINA)","12/9/2011 1:10","GADOR LTDA.","MEMANTINA",""
"","F-19052/21","MECOLZINE COMPRIMIDOS CON RECUBRIMIENTO ENTÉRICO 500 mg (MESALAZINA)","11/8/2011 2:10","FAES FARMA CHILE, SALUD Y NUTRICIÓN SpA","MESALAZINA",""
"","F-23979/23","MECOLZINE SUPOSITORIOS 500 mg (MESALAZINA) ","8/30/2018","FAES FARMA CHILE, SALUD Y NUTRICIÓN SpA","Mesalazina",""
"","F-25759/25","MEDAZOL GEL TÓPICO 0,75% (METRONIDAZOL)","10/28/2020","EUROFARMA CHILE SpA","METRONIDAZOL",""
"","F-11100/21","MEDIFLU CÁPSULAS","9/14/1994","LABORATORIOS LAFI LTDA.","ACIDO ASCORBICO//NOSCAPINA//PARACETAMOL//PSEUDOEFEDRINA",""
"","F-11101/21","MEDIFLU SUSPENSIÓN ORAL","4/20/1990","LABORATORIOS LAFI LTDA.","ACIDO ASCORBICO//NOSCAPINA//PARACETAMOL//PSEUDOEFEDRINA",""
"","F-22505/21","MEDIGEN CÁPSULAS 400 mg (IMATINIB)","3/15/2016","LABORATORIOS RECALCINE S.A.","IMATINIB",""
"","B-2421/24","MEDITOXIN LIOFILIZADO PARA SOLUCIÓN INYECTABLE 50 U. (TOXINA CLOSTRIDIUM BOTULINUM TIPO A)","9/10/2014","NEUMANN LTDA.","TOXINA CLOSTRIDIUM BOTULINUM TIPO A",""
"","B-2640/21","MEDITOXIN LIOFILIZADO PARA SOLUCIÓN INYECTABLE 200 U (TOXINA CLOSTRIDIUM BOTULINUM TIPO A )","7/28/2016","NEUMANN LTDA.","TOXINA CLOSTRIDIUM BOTULINUM TIPO A",""
"","B-2151/25","MEDITOXIN POLVO LIOFILIZADO PARA SOLUCIÓN INYECTABLE 100 U.I. (TOXINA CLOSTRIDIUM BOTULINUM TIPO A) ","9/7/2010","NEUMANN LTDA.","TOXINA CLOSTRIDIUM BOTULINUM TIPO A",""
"","F-24083/23","MEDOCEP POLVO PARA SOLUCIÓN INYECTABLE 1 g (CEFEPIMA)","9/4/2018","PHARMATECH CHILE S.p.A.","CEFEPIMA",""
"","F-25637/25","MEDOCLAV DUO 875/125 COMPRIMIDOS RECUBIERTOS","8/18/2020","PHARMATECH CHILE S.p.A.","ACIDO CLAVULANICO//AMOXICILINA",""
"","F-28694/25","MEDROXIPROGESTERONA ACETATO SUSPENSIÓN INYECTABLE 150 mg/1 mL","1/20/2025","PARTHENON PHARMA S.p.A.","MEDROXIPROGESTERONA",""
"","F-27521/23","MEDROXIPROGESTERONA ACETATO SUSPENSIÓN INYECTABLE 150 mg/1 mL","5/22/2023","EXELTIS CHILE S.p.A.","MEDROXIPROGESTERONA",""
"","F-24430/23","MEDROXIPROGESTERONA ACETATO/ESTRADIOL CIPIONATO 25/5 SUSPENSIÓN INYECTABLE","12/19/2018","DKT CHILE S.p.A..","ESTRADIOL//MEDROXIPROGESTERONA",""
"","F-25792/25","MEGANOX COMPRIMIDOS DISPERSABLES /MASTICABLES 25 mg (LAMOTRIGINA)","11/17/2020","ETEX FARMACÉUTICA LTDA.","LAMOTRIGINA",""
"","F-25794/25","MEGANOX COMPRIMIDOS DISPERSABLES/MASTICABLES 100 mg (LAMOTRIGINA)","11/17/2020","ETEX FARMACÉUTICA LTDA.","LAMOTRIGINA",""
"","F-25795/25","MEGANOX COMPRIMIDOS DISPERSABLES/MASTICABLES 200 mg (LAMOTROGINA)","11/17/2020","ETEX FARMACÉUTICA LTDA.","LAMOTRIGINA",""
"","F-25793/25","MEGANOX COMPRIMIDOS DISPERSABLES/MASTICABLES 50 mg (LAMOTRIGINA)","11/17/2020","ETEX FARMACÉUTICA LTDA.","LAMOTRIGINA",""
"","F-21130/24","MEGRELAN SOLUCIÓN OFTÁLMICA 0,5%","5/27/2014","LABORATORIOS SMB FARMA S.A.","MOXIFLOXACINO",""
"","F-27775/23","MEKINIST COMPRIMIDOS RECUBIERTOS 0,5 mg","8/23/2023","NOVARTIS CHILE S.A.","TRAMETINIB",""
"","F-27774/23","MEKINIST COMPRIMIDOS RECUBIERTOS 2 mg (TRAMETINIB)","8/23/2023","NOVARTIS CHILE S.A.","TRAMETINIB",""
"","F-26957/22","MEKTOVI COMPRIMIDOS RECUBIERTOS 15 mg (BINIMETINIB)","8/3/2022 0:00","PFIZER CHILE S.A.","BINIMETINIB",""
"","F-25890/25","MELATONINA CÁPSULAS 3 mg","12/28/2020","MDC HEALTH S.p.A.","MELATONINA",""
"","F-26109/21","MELATONINA CÁPSULAS 3 mg","4/27/2021","LABORATORIO HOSPIFARMA CHILE LTDA.","MELATONINA",""
"","F-26748/22","MELATONINA CÁPSULAS 3 mg","4/20/2022","SOCIEDAD FARMACÉUTICA TERVIS PHARMA LTDA.","MELATONINA",""
"","F-23523/22","MELATONINA CÁPSULAS 3 mg","7/3/2017","ARAMA NATURAL PRODUCTS DISTRIBUIDORA LTDA.","Melatonina",""
"","F-10604/21","MELATONINA CÁPSULAS 3 mg","12/21/1996","MINTLAB Co. S.A.","MELATONINA",""
"","F-27758/23","MELATONINA CÁPSULAS 3 mg","8/21/2023","MDC HEALTH S.p.A.","MELATONINA",""
"","F-8991/21","MELATONINA CÁPSULAS 3 mg","6/10/1996","INSTITUTO SANITAS S.A.","MELATONINA",""
"","F-8743/21","MELATONINA CÁPSULAS 3 mg","6/10/1996","CHEMOPHARMA S.A.","MELATONINA",""
"","F-24825/24","MELATONINA CÁPSULAS 3 mg","5/8/2019","LABORATORIO HOSPIFARMA CHILE LTDA.","MELATONINA",""
"","F-25847/25","MELATONINA COMPRIMIDOS 3 mg","12/7/2020","EUROFARMA CHILE SpA","MELATONINA",""
"","F-24846/24","MELATONINA COMPRIMIDOS 3 mg","5/16/2019","FARMACÉUTICA ESAN LTDA.","MELATONINA",""
"","F-27110/22","MELATONINA COMPRIMIDOS 3 mg","10/24/2022","BPH S.A.","MELATONINA",""
"","F-27280/23","MELFALÁN CLORHIDRATO LIOFILIZADO PARA SOLUCIÓN INYECTABLE 50 mg, CON SOLVENTE","1/11/2023","SEVEN PHARMA CHILE S.p.A.","MELFALAN",""
"","F-28248/24","MELFALÁN CONCENTRADO PARA SOLUCIÓN PARA PERFUSIÓN 90 mg/1 mL","4/22/2024","FARMACÉUTICA XENIUS SPA","MELFALAN",""
"","F-16825/23","MELIC BD COMPRIMIDOS DE DESINTEGRACIÓN BUCAL 15 mg","5/22/2008","LABORATORIO PASTEUR S.A.","MELOXICAM",""
"","F-13491/24","MELIC COMPRIMIDOS 15 mg","3/15/2004","LABORATORIO PASTEUR S.A.","MELOXICAM",""
"","F-13490/24","MELIC COMPRIMIDOS 7,5 mg","3/15/2004","LABORATORIO PASTEUR S.A.","MELOXICAM",""
"","F-26301/21","MELIORA CONCENTRADO PARA SOLUCIÓN PARA PERFUSIÓN 60 mg/10 mL (BUSULFANO)","8/3/2021","EMCURE PHARMA CHILE S.p.A.","BUSULFANO",""
"","F-26154/21","MELKAYL LIOFILIZADO PARA SOLUCIÓN INYECTABLE 50 mg, CON SOLVENTE (MELFALAN)","5/13/2021","EMCURE PHARMA CHILE S.p.A.","MELFALAN",""
"","F-13747/24","MELOXICAM COMPRIMIDOS 15 mg","5/6/2004","LABORATORIO CHILE S.A.","MELOXICAM",""
"","F-14256/24","MELOXICAM COMPRIMIDOS 15 mg","10/25/2004","MINTLAB Co. S.A.","MELOXICAM",""
"","F-25666/25","MELOXICAM COMPRIMIDOS 15 mg","9/2/2020","OPKO CHILE S.A.","MELOXICAM",""
"","F-7571/21","MELOXICAM COMPRIMIDOS 15 mg","5/29/2001","LABORATORIO PASTEUR S.A.","MELOXICAM",""
"","F-7124/25","MELOXICAM COMPRIMIDOS 7,5 mg","10/16/2000","LABORATORIO PASTEUR S.A.","MELOXICAM",""
"","F-14258/24","MELOXICAM COMPRIMIDOS 7,5 mg","10/25/2004","MINTLAB Co. S.A.","MELOXICAM",""
"","F-25844/25","MEMANTINA CLORHIDRATO COMPRIMIDOS RECUBIERTOS 10 mg","12/7/2020","LABORATORIOS SAVAL S.A.","MEMANTINA",""
"","F-28719/25","MEMANTINA CLORHIDRATO COMPRIMIDOS RECUBIERTOS 10 mg","2/18/2025","COMERCIAL APOTECARE S.p.A.","MEMANTINA CLORHIDRATO",""
"","F-28720/25","MEMANTINA CLORHIDRATO COMPRIMIDOS RECUBIERTOS 20 mg","2/18/2025","COMERCIAL APOTECARE S.p.A.","MEMANTINA CLORHIDRATO",""
"","F-25464/25","MEMANTINA CLORHIDRATO COMPRIMIDOS RECUBIERTOS 20 mg","6/8/2020","LABORATORIOS SAVAL S.A.","MEMANTINA",""
"","F-26233/21","MEMANVITAE COMPRIMIDOS BUCODISPERSABLES 10 mg (MEMANTINA CLORHIDRATO)","6/24/2021","GALENICUM HEALTH CHILE S.p.A.","MEMANTINA",""
"","F-26232/21","MEMANVITAE COMPRIMIDOS BUCODISPERSABLES 20 mg (MEMANTINA CLORHIDRATO)","6/24/2021","GALENICUM HEALTH CHILE S.p.A.","MEMANTINA",""
"","F-25036/24","MEMANVITAE COMPRIMIDOS RECUBIERTOS 10 mg (MEMANTINA CLORHIDRATO)","9/9/2019","GALENICUM HEALTH CHILE S.p.A.","MEMANTINA",""
"","F-25456/25","MEMANVITAE COMPRIMIDOS RECUBIERTOS 20 mg (MEMANTINA CLORHIDRATO)","6/2/2020","GALENICUM HEALTH CHILE S.p.A.","MEMANTINA",""
"","F-27105/22","MEMANVITAE PLUS 10/10 COMPRIMIDOS RECUBIERTOS","10/20/2022","GALENICUM HEALTH CHILE S.p.A.","DONEPEZILO//MEMANTINA",""
"","F-27106/22","MEMANVITAE PLUS 20/10 COMPRIMIDOS RECUBIERTOS","10/20/2022","GALENICUM HEALTH CHILE S.p.A.","DONEPEZILO//MEMANTINA",""
"","F-25431/20","MEMANVITAE SOLUCIÓN ORAL PARA GOTAS 10 mg/mL (MEMANTINA)","5/19/2020","GALENICUM HEALTH CHILE S.p.A.","MEMANTINA",""
"","F-18195/25","MEMAX 20 COMPRIMIDOS RECUBIERTOS 20 mg","8/5/2010","ITF - LABOMED FARMACÉUTICA LTDA.","MEMANTINA",""
"","F-14188/24","MEMAX COMPRIMIDOS RECUBIERTOS 10 mg","9/27/2004","ITF - LABOMED FARMACÉUTICA LTDA.","MEMANTINA",""
"","F-18186/25","MEMIKARE COMPRIMIDOS RECUBIERTOS 10 mg","7/26/2010","DR. REDDY'S LABORATORIES CHILE S.p.A.","MEMANTINA",""
"","F-11037/21","MEMOREX JARABE","9/25/1990","LABORATORIOS LAFI LTDA.","ACIDO GAMA AMINO BETA HIDROXI BUTIRICO//ACIDO GAMA AMINO BUTIRICO//OXIBATO DE SODIO//PIRIDOXINA",""
"","B-2221/21","MENACTRA VACUNA ANTIMENINGOCÓCICA POLISACÁRIDA (SEROGRUPOS A, C, Y Y W135) CONJUGADA CON TOXOIDE DIFTÉRICO","11/28/2011","SANOFI VACCINES CHILE S.A","",""
"","B-2354/23","MENOPUR MULTIDOSIS POLVO LIOFILIZADO PARA SOLUCIÓN INYECTABLE 1200 UI, CON SOLVENTE","12/10/2013","FERRING PRODUCTOS FARMACÉUTICOS SpA","MENOTROPINA",""
"","B-1934/26","MENOPUR POLVO LIOFILIZADO PARA SOLUCIÓN INYECTABLE 75 U.I. CON SOLVENTE","1/15/2006","FERRING PRODUCTOS FARMACÉUTICOS SpA","MENOTROPINA",""
"","B-2903/21","MENQUADFI SOLUCIÓN INYECTABLE (VACUNA CONJUGADA DE GRUPOS DE MENINGOCOCOS A, C, W-135 e Y)","8/3/2021","SANOFI VACCINES CHILE S.A","Polisacárido Meningocóccico (Serogrupo A) (Conjugado Monovalente);Polisacárido Meningocóccico (Serogrupo C) (Conjugado Monovalente);Polisacárido Meningocóccico (Serogrupo W135) (Conjugado Monovalente);Polisacárido Meningocóccico (Serogrupo Y) (Conjugado Monovalente)",""
"","N-403/25","MENTANIA CÁPSULAS BLANDAS","8/1/2000 2:10","EUROLAB LTDA.","",""
"","F-21148/24","MENTIUM COMPRIMIDOS RECUBIERTOS 10 mg","6/9/2014","SYNTHON CHILE LTDA.","MEMANTINA",""
"","F-21149/24","MENTIUM COMPRIMIDOS RECUBIERTOS 20 mg","6/9/2014","SYNTHON CHILE LTDA.","MEMANTINA",""
"","B-3090/25","MENVEO VACUNA CONJUGADA CONTRA MENINGOCOCO DE LOS SEROGRUPOS A,C,W-135 E Y, LIOFILIZADO Y SOLUCIÓN INYECTABLE","6/19/2025","GLAXOSMITHKLINE CHILE FARMACÉUTICA LTDA.","",""
"","B-2150/25","MENVEO VACUNA CONJUGADA CONTRA MENINGOCOCO DE LOS SEROGRUPOS A,C,W-135 E Y, LIOFILIZADO Y SOLUCIÓN INYECTABLE","8/11/2010","GLAXOSMITHKLINE CHILE FARMACÉUTICA LTDA.","",""
"","F-19240/22","MEPIADRE 2% / 1:100.000 SOLUCIÓN INYECTABLE","2/14/2012","LABORATORIO MAVER S.A.","EPINEFRINA//MEPIVACAINA",""
"","F-19223/22","MEPISV SOLUCIÓN INYECTABLE 3%","1/25/2012","LABORATORIO MAVER S.A.","MEPIVACAINA",""
"","F-17081/23","MEPIVACAÍNA CLORHIDRATO AL 2% CON EPINEFRINA 1:100.000 SOLUCIÓN INYECTABLE PARA USO DENTAL","9/9/2008","INMED DROGUERÍA LTDA.","EPINEFRINA//MEPIVACAINA",""
"","F-29363/25","MEPIVACAÍNA CLORHIDRATO SOLUCIÓN INYECTABLE 3%","12/15/2025","DENTAL LAVAL LTDA.","MEPIVACAINA CLORHIDRATO",""
"","F-26444/21","MEPIVACAÍNA CLORHIDRATO SOLUCIÓN INYECTABLE PARA USO DENTAL 3%","10/13/2021","INMED DROGUERÍA SpA","MEPIVACAINA",""
"","F-21964/25","MEPRIM POLVO PARA SOLUCIÓN INYECTABLE 500 mg","6/30/2015 2:10","PHARMATECH CHILE S.p.A.","MEROPENEM",""
"","F-25710/20","MEPROKEM COMPRIMIDOS DE LIBERACIÓN PROLONGADA 25 mg (METOPROLOL TARTRATO)","10/6/2020","ASCEND LABORATORIES S.p.A.","METOPROLOL",""
"","F-25711/20","MEPROKEM COMPRIMIDOS DE LIBERACIÓN PROLONGADA 50 mg (METOPROLOL TARTRATO)","10/6/2020","ASCEND LABORATORIES S.p.A.","METOPROLOL",""
"","B-2992/23","MEPSEVII CONCENTRADO PARA SOLUCIÓN PARA PERFUSIÓN 10 mg/ 5 mL (VESTRONIDASA ALFA)","8/16/2023","PHARMASAN LTDA.","VESTRONIDASA ALFA",""
"","F-26418/21","MEPURINE COMPRIMIDOS 50 mg (MERCAPTORUPINA)","9/29/2021","UNIFARMA S.p.A.","MERCAPTOPURINA",""
"","F-19427/22","MEROMAX POLVO PARA SOLUCIÓN INYECTABLE 1 g (MEROPENEM","5/17/2012","EUROFARMA CHILE SpA","MEROPENEM",""
"","F-22657/21","MERONEM POLVO PARA SOLUCIÓN INYECTABLE 1g (MEROPENEM)","5/5/2016","PFIZER CHILE S.A.","MEROPENEM",""
"","F-22653/21","MERONEM POLVO PARA SOLUCIÓN INYECTABLE 500 mg (MEROPENEM)","5/5/2016","PFIZER CHILE S.A.","MEROPENEM",""
"","F-19341/22","MEROPENEM POLVO PARA SOLUCIÓN INYECTABLE 1 g","4/3/2012","FRESENIUS KABI CHILE LTDA.","MEROPENEM",""
"","F-14231/24","MEROPENEM POLVO PARA SOLUCIÓN INYECTABLE 1 g","10/12/2004","LIBRA CHILE S.A.","MEROPENEM",""
"","F-24246/23","MEROPENEM POLVO PARA SOLUCIÓN INYECTABLE 1 g","10/30/2018","DIFEM LABORATORIOS S.A.","MEROPENEM",""
"","F-28554/24","MEROPENEM POLVO PARA SOLUCIÓN INYECTABLE 1 g","10/22/2024","DIFEM LABORATORIOS S.A.","MEROPENEM",""
"","F-16312/22","MEROPENEM POLVO PARA SOLUCIÓN INYECTABLE 1000 mg","9/12/2007","LABVITALIS S.A.","MEROPENEM",""
"","F-17583/24","MEROPENEM POLVO PARA SOLUCIÓN INYECTABLE 1000 mg","6/3/2009","LABORATORIOS RECALCINE S.A.","MEROPENEM",""
"","F-28342/24","MEROPENEM POLVO PARA SOLUCION INYECTABLE 1g","6/26/2024","PISA FARMACÉUTICA DE CHILE S.p.A.","MEROPENEM",""
"","F-25813/25","MEROPENEM POLVO PARA SOLUCIÓN INYECTABLE 1g","11/24/2020","PINNACLE CHILE S.p.A.","MEROPENEM",""
"","F-28571/24","MEROPENEM POLVO PARA SOLUCION INYECTABLE 500 mg","11/5/2024","DIFEM LABORATORIOS S.A.","MEROPENEM",""
"","F-28334/24","MEROPENEM POLVO PARA SOLUCIÓN INYECTABLE 500 mg","6/25/2024","PISA FARMACÉUTICA DE CHILE S.p.A.","MEROPENEM",""
"","F-25814/25","MEROPENEM POLVO PARA SOLUCIÓN INYECTABLE 500 mg","11/26/2020","PINNACLE CHILE S.p.A.","MEROPENEM",""
"","F-24715/24","MEROPENEM POLVO PARA SOLUCIÓN INYECTABLE 500 mg","3/21/2019","NEOETHICALS CHILE S.p.A.","MEROPENEM",""
"","F-24244/23","MEROPENEM POLVO PARA SOLUCIÓN INYECTABLE 500 mg","10/30/2018","DIFEM LABORATORIOS S.A.","MEROPENEM",""
"","F-17584/24","MEROPENEM POLVO PARA SOLUCIÓN INYECTABLE 500 mg","6/3/2009","LABORATORIOS RECALCINE S.A.","MEROPENEM",""
"","F-16409/22","MEROPENEM POLVO PARA SOLUCIÓN INYECTABLE 500 mg","10/17/2007","LABVITALIS S.A.","MEROPENEM",""
"","F-14230/24","MEROPENEM POLVO PARA SOLUCIÓN INYECTABLE 500 mg","10/12/2004","LIBRA CHILE S.A.","MEROPENEM",""
"","F-25341/25","MEROSEG POLVO PARA SOLUCIÓN INYECTABLE 1 g (MEROPENEM)","3/27/2020","INDOPHARMA S.A.","MEROPENEM",""
"","F-25400/25","MEROSEG POLVO PARA SOLUCIÓN INYECTABLE 500 mg (MEROPENEM)","4/20/2020","INDOPHARMA S.A.","MEROPENEM",""
"","F-18799/21","MERPAL D.A.L. SUSPENSIÓN ORAL 1,8 mg/mL","8/3/2011","LABORATORIOS PRATER S.A.","DICLOFENACO",""
"","F-10834/21","MERPAL SUSPENSIÓN PARA GOTAS ORALES 15 mg/mL","12/19/1996","LABORATORIOS PRATER S.A.","DICLOFENACO",""
"","F-25324/25","MERSINOL COMPRIMIDOS RECUBIERTOS 10 mg (ESCITALOPRAM)","3/3/2020","PHARMATECH CHILE S.p.A.","ESCITALOPRAM",""
"","F-25325/25","MERSINOL COMPRIMIDOS RECUBIERTOS 20 mg (ESCITALOPRAM)","3/3/2020","PHARMATECH CHILE S.p.A.","ESCITALOPRAM",""
"","F-29361/25","MESALAZINA COMPRIMIDOS CON RECUBRIMIENTO ENTÉRICO 500 mg","12/10/2025","FAES FARMA CHILE, SALUD Y NUTRICIÓN SpA","MESALAZINA",""
"","F-15524/21","MESALAZINA COMPRIMIDOS CON RECUBRIMIENTO ENTÉRICO 500 mg","5/11/2006","PHARMAMERICA LTDA.","MESALAZINA",""
"","F-27789/23","MESALAZINA SUPOSITORIOS 1 g","8/29/2023","SEVEN PHARMA CHILE S.p.A.","MESALAZINA",""
"","F-27964/23","MESALAZINA SUPOSITORIOS 1 g","12/6/2023","BPH S.A.","MESALAZINA",""
"","F-28432/24","MESALAZINA SUPOSITORIOS 1g","8/19/2024","DIFEM LABORATORIOS S.A.","MESALAZINA",""
"","F-28431/24","MESALAZINA SUPOSITORIOS 500 mg","8/19/2024","DIFEM LABORATORIOS S.A.","MESALAZINA",""
"","F-24162/23","MESALAZINA SUPOSITORIOS 500 mg","10/8/2018","PHARMAMERICA LTDA.","MESALAZINA",""
"","F-10630/21","MESIGYNA INSTAYECT SOLUCIÓN INYECTABLE","4/26/1996","BAYER S.A.","ESTRADIOL//NORETISTERONA",""
"","F-9768/21","MESNA SOLUCIÓN INYECTABLE 400 mg/4 mL","11/28/2001","BPH S.A.","MESNA",""
"","F-23109/21","MESTINON COMPRIMIDOS 60 mg (PIRIDOSTIGMINA BROMURO)","10/5/2016","DEUTSCHE PHARMA S.A.","PIRIDOSTIGMINA",""
"","B-1632/23","METALYSE (TENECTEPLASA) POLVO LIOFILIZADO PARA SOLUCIÓN INYECTABLE 10.000 U","5/26/2003","BOEHRINGER INGELHEIM LTDA.","TENECTEPLASA",""
"","B-3178/25","METALYSE LIOFILIZADO PARA SOLUCIÓN INYECTABLE 25 mg (TENECTEPLASA)","12/23/2025","BOEHRINGER INGELHEIM LTDA.","TENECTEPLASA",""
"","F-27007/22","METAMIZOL MAGNÉSICO / PARGEVERINA CLORHIDRATO 300/6 SOLUCIÓN PARA GOTAS ORALES","8/23/2022","LABORATORIO HOSPIFARMA CHILE LTDA.","METAMIZOL MAGNESICO//PARGEVERINA",""
"","F-2571/24","METAMIZOL SÓDICO MONOHIDRATO SUPOSITORIOS 500 mg","12/6/1978","LABORATORIO PASTEUR S.A.","METAMIZOL SODICO",""
"","F-14284/24","METAMIZOL SÓDICO SOLUCIÓN INYECTABLE 1 g/2 mL","11/8/2004","LABORATORIO BIOSANO S.A.","METAMIZOL SODICO",""
"","F-6164/25","METAMIZOL SÓDICO SOLUCIÓN INYECTABLE 1 g/2 mL","1/24/1984 2:10","LABORATORIO SANDERSON SpA","METAMIZOL SODICO",""
"","F-7713/26","METAMIZOL SÓDICO Y N-BUTILBROMURO ESCOPOLAMINA SOLUCIÓN INYECTABLE","1/13/1994 2:10","LABORATORIO BIOSANO S.A.","ESCOPOLAMINA//METAMIZOL SODICO",""
"","F-23334/22","METFORMINA CLORHIDRATO COMPRIMIDOS DE LIBERACIÓN PROLONGADA 750 mg","2/1/2017","ASCEND LABORATORIES S.p.A.","METFORMINA",""
"","F-14634/25","METFORMINA CLORHIDRATO COMPRIMIDOS 850 mg","3/21/2005","LABORATORIO CHILE S.A.","METFORMINA",""
"","F-18634/21","METFORMINA CLORHIDRATO COMPRIMIDOS 850 mg","5/11/2011","MINTLAB Co. S.A.","METFORMINA",""
"","F-26874/22","METFORMINA CLORHIDRATO COMPRIMIDOS DE LIBERACIÓN PROLONGADA 1000 mg","6/29/2022","MDC HEALTH S.p.A.","METFORMINA",""
"","F-27610/23","METFORMINA CLORHIDRATO COMPRIMIDOS DE LIBERACIÓN PROLONGADA 1000 mg","6/28/2023","SEVEN PHARMA CHILE S.p.A.","METFORMINA",""
"","F-28497/24","METFORMINA CLORHIDRATO COMPRIMIDOS DE LIBERACIÓN PROLONGADA 1000 mg ","10/1/2024","NEOETHICALS CHILE S.p.A.","METFORMINA",""
"","F-28186/24","METFORMINA CLORHIDRATO COMPRIMIDOS DE LIBERACIÓN PROLONGADA 1000 mg","4/3/2024","MINTLAB Co. S.A.","METFORMINA",""
"","F-25845/25","METFORMINA CLORHIDRATO COMPRIMIDOS DE LIBERACIÓN PROLONGADA 1000 mg","12/9/2020","ASCEND LABORATORIES S.p.A.","METFORMINA",""
"","F-27965/23","METFORMINA CLORHIDRATO COMPRIMIDOS DE LIBERACION PROLONGADA 500 mg","12/5/2023","MINTLAB Co. S.A.","METFORMINA",""
"","F-27639/23","METFORMINA CLORHIDRATO COMPRIMIDOS DE LIBERACIÓN PROLONGADA 500 mg","7/10/2023","SEVEN PHARMA CHILE S.p.A.","METFORMINA",""
"","F-28498/24","METFORMINA CLORHIDRATO COMPRIMIDOS DE LIBERACIÓN PROLONGADA 500 mg ","10/2/2024","NEOETHICALS CHILE S.p.A.","METFORMINA",""
"","F-26904/22","METFORMINA CLORHIDRATO COMPRIMIDOS DE LIBERACIÓN PROLONGADA 500 mg","7/18/2022","MDC HEALTH S.p.A.","METFORMINA",""
"","F-23335/22","METFORMINA CLORHIDRATO COMPRIMIDOS DE LIBERACIÓN PROLONGADA 500 mg","2/2/2017","ASCEND LABORATORIES S.p.A.","METFORMINA",""
"","F-27013/22","METFORMINA CLORHIDRATO COMPRIMIDOS DE LIBERACION PROLONGADA 750 mg","8/30/2022","MDC HEALTH S.p.A.","METFORMINA",""
"","F-27333/23","METFORMINA CLORHIDRATO COMPRIMIDOS DE LIBERACIÓN PROLONGADA 750 mg","2/8/2023","MINTLAB Co. S.A.","METFORMINA",""
"","F-26357/21","METFORMINA CLORHIDRATO COMPRIMIDOS DE LIBERACIÓN PROLONGADA 750 mg","8/24/2021","PINNACLE CHILE S.p.A.","METFORMINA",""
"","F-27663/23","METFORMINA CLORHIDRATO COMPRIMIDOS DE LIBERACIÓN PROLONGADA 750 mg","7/17/2023","SEVEN PHARMA CHILE S.p.A.","METFORMINA",""
"","F-28561/24","METFORMINA CLORHIDRATO COMPRIMIDOS DE LIBERACIÓN PROLONGADA 750 mg ","10/28/2024","NEOETHICALS CHILE S.p.A.","METFORMINA",""
"","F-25083/24","METFORMINA CLORHIDRATO COMPRIMIDOS DE LIBERACIÓN PROLONGADA1000 mg","10/9/2019","ASCEND LABORATORIES S.p.A.","METFORMINA",""
"","F-21637/25","METFORMINA CLORHIDRATO COMPRIMIDOS RECUBIERTOS 1000 mg","1/6/2015 2:10","INSTITUTO SANITAS S.A.","METFORMINA",""
"","F-27674/23","METFORMINA CLORHIDRATO COMPRIMIDOS RECUBIERTOS 1000 mg","7/24/2023","SIRON PHARMA S.p.A.","METFORMINA",""
"","F-27672/23","METFORMINA CLORHIDRATO COMPRIMIDOS RECUBIERTOS 500 mg","7/24/2023","SIRON PHARMA S.p.A.","METFORMINA",""
"","F-21139/24","METFORMINA CLORHIDRATO COMPRIMIDOS RECUBIERTOS 500 mg","6/9/2014","INSTITUTO SANITAS S.A.","METFORMINA",""
"","F-20937/24","METFORMINA CLORHIDRATO COMPRIMIDOS RECUBIERTOS 850 mg","2/19/2014 1:10","ARAMA NATURAL PRODUCTS DISTRIBUIDORA LTDA.","METFORMINA",""
"","F-20110/23","METFORMINA CLORHIDRATO COMPRIMIDOS RECUBIERTOS 850 mg","7/9/2013 2:10","ASCEND LABORATORIES S.p.A.","METFORMINA",""
"","F-15237/25","METFORMINA CLORHIDRATO COMPRIMIDOS RECUBIERTOS 850 mg","11/30/2005","LABORATORIOS ANDRÓMACO S.A.","METFORMINA",""
"","F-12064/22","METFORMINA CLORHIDRATO COMPRIMIDOS RECUBIERTOS 850 mg","4/9/2002","INSTITUTO SANITAS S.A.","METFORMINA",""
"","F-23952/23","METFORMINA CLORHIDRATO COMPRIMIDOS RECUBIERTOS 850 mg","7/20/2018","OPKO CHILE S.A.","METFORMINA",""
"","F-23672/22","METFORMINA CLORHIDRATO COMPRIMIDOS RECUBIERTOS 850 mg","12/14/2017","DIFEM LABORATORIOS S.A.","Metformina",""
"","F-27673/23","METFORMINA CLORHIDRATO COMPRIMIDOS RECUBIERTOS 850 mg","7/24/2023","SIRON PHARMA S.p.A.","METFORMINA",""
"","F-28242/24","METFORMINA CLORHIDRATO COMPRIMIDOS RECUBIERTOS 850 mg","4/17/2024","PINNACLE CHILE S.p.A.","METFORMINA",""
"","F-24230/23","METFORMINA CLORHIDRATO/GLIBENCLAMIDA 500/5 COMPRIMIDOS","10/26/2018","DIFEM LABORATORIOS S.A.","GLIBENCLAMIDA//METFORMINA",""
"","F-2275/24","METILDOPA COMPRIMIDOS 250 mg","7/9/1975 2:10","LABORATORIO CHILE S.A.","METILDOPA",""
"","F-3988/25","METOCLOPRAMIDA CLORHIDRATO COMPRIMIDOS 10 mg","5/30/1980 2:10","LABORATORIO CHILE S.A.","METOCLOPRAMIDA",""
"","F-24674/24","METOCLOPRAMIDA CLORHIDRATO SOLUCIÓN INYECTABLE 10 mg/2 mL","2/27/2019","DIFEM LABORATORIOS S.A.","METOCLOPRAMIDA",""
"","F-15180/25","METOCLOPRAMIDA COMPRIMIDOS 10 mg","10/26/2005","MINTLAB Co. S.A.","METOCLOPRAMIDA",""
"","F-26413/21","METOCLOPRAMIDA SOLUCIÓN INYECTABLE 10 mg/2 mL","9/28/2021","LABVITALIS S.A.","METOCLOPRAMIDA",""
"","F-3044/25","METOCLOPRAMIDA SOLUCIÓN INYECTABLE 10 mg/2 mL","5/10/1989","LABORATORIO BIOSANO S.A.","METOCLOPRAMIDA",""
"","F-21923/25","METOJECT SOLUCIÓN INYECTABLE 10 mg/ 0,2 mL (METOTREXATO )","6/22/2015 2:10","KAMPAR S.A.","METOTREXATO",""
"","F-21924/25","METOJECT SOLUCIÓN INYECTABLE 15 mg/ 0,3 mL (METOTREXATO)","6/22/2015 2:10","KAMPAR S.A.","Metotrexato",""
"","F-19159/21","METOJECT SOLUCIÓN INYECTABLE 20 mg/ 0,4 mL (METOTREXATO)","12/20/2011","KAMPAR S.A.","METOTREXATO",""
"","F-25365/25","METOJECT SOLUCIÓN INYECTABLE 25 mg/ 0,5 mL (METOTREXATO)","4/2/2020","KAMPAR S.A.","Metotrexato",""
"","F-16033/22","METOLOC SR COMPRIMIDOS DE LIBERACIÓN PROLONGADA 100 mg","4/25/2007","LABORATORIOS RECALCINE S.A.","METOPROLOL",""
"","F-16032/22","METOLOC SR COMPRIMIDOS RECUBIERTOS DE LIBERACIÓN PROLONGADA 50 mg","4/25/2007","LABORATORIOS RECALCINE S.A.","METOPROLOL",""
"","F-26327/21","METOPROLOL TARTRATO COMPRIMIDOS RECUBIERTOS DE LIBERACIÓN PROLONGADA 25 mg","8/10/2021","SEVEN PHARMA CHILE S.p.A.","METOPROLOL",""
"","F-26328/21","METOPROLOL TARTRATO COMPRIMIDOS RECUBIERTOS DE LIBERACIÓN PROLONGADA 50 mg","8/11/2021","SEVEN PHARMA CHILE S.p.A.","METOPROLOL",""
"","F-26834/22","METORENE 12,5 COMPRIMIDOS 12,5 mg (CLORTALIDONA)","6/6/2022","MEGALABS CHILE S.A.","CLORTALIDONA",""
"","F-26835/22","METORENE 25 COMPRIMIDOS 25 mg (CLORTALIDONA)","6/6/2022","MEGALABS CHILE S.A.","CLORTALIDONA",""
"","F-26558/21","METOTREXATO COMPRIMIDOS 2,5 mg","12/28/2021","PFIZER CHILE S.A.","METOTREXATO",""
"","F-21881/25","METOTREXATO COMPRIMIDOS 2,5 mg","6/9/2015 2:10","MINTLAB Co. S.A.","METOTREXATO",""
"","F-28635/24","METOTREXATO COMPRIMIDOS 2,5 mg","12/9/2024","SIRON PHARMA S.p.A.","METOTREXATO",""
"","F-28461/24","METOTREXATO COMPRIMIDOS 2,5 mg","9/3/2024","VITAFARMA S.A.","METOTREXATO",""
"","F-27953/23","METOTREXATO COMPRIMIDOS 2,5 mg","12/12/2023","ALEMBIC PHARMACEUTICALS S.p.A.","METOTREXATO",""
"","F-19444/22","METOTREXATO SOLUCIÓN INYECTABLE 50 mg/ 2 mL","5/23/2012","FRESENIUS KABI CHILE LTDA.","METOTREXATO",""
"","F-27686/23","METOTREXATO SOLUCIÓN INYECTABLE 50 mg/2 mL","7/25/2023","BLAU FARMACEUTICA CHILE S.p.A.","METOTREXATO",""
"","F-28400/24","METOTREXATO SOLUCIÓN INYECTABLE 50 mg/2 mL","7/30/2024","PFIZER CHILE S.A.","METOTREXATO",""
"","F-19445/22","METOTREXATO SOLUCIÓN INYECTABLE 500 mg/20 mL","5/23/2012","FRESENIUS KABI CHILE LTDA.","METOTREXATO",""
"","F-13946/24","METROCREAM CREMA TÓPICA 0,75%","7/15/2004","GALDERMA CHILE LABORATORIOS LTDA.","METRONIDAZOL",""
"","F-8549/21","METROGEL GEL TÓPICO AL 0,75%","7/10/1995","GALDERMA CHILE LABORATORIOS LTDA.","METRONIDAZOL",""
"","F-27852/23","METRONIDAZOL COMPRIMIDOS RECUBIERTOS 500 mg","10/2/2023","MDC HEALTH S.p.A.","METRONIDAZOL",""
"","F-26625/22","METRONIDAZOL COMPRIMIDOS RECUBIERTOS 500 mg","2/8/2022","PINNACLE CHILE S.p.A.","METRONIDAZOL",""
"","F-21434/24","METRONIDAZOL GEL TOPICO 0,75%","10/2/2014","LABORATORIO HOSPIFARMA CHILE LTDA.","METRONIDAZOL",""
"","F-23561/22","METRONIDAZOL OVULOS 500 mg","7/26/2017","LABORATORIO HOSPIFARMA CHILE LTDA.","Metronidazol",""
"","F-26637/22","METRONIDAZOL ÓVULOS 500 mg","2/15/2022","BPH S.A.","METRONIDAZOL",""
"","F-11605/21","METRONIDAZOL ÓVULOS 500 mg","10/23/1991","LABORATORIO PASTEUR S.A.","METRONIDAZOL",""
"","F-2276/24","METRONIDAZOL ÓVULOS 500 mg","3/18/1971","LABORATORIO CHILE S.A.","METRONIDAZOL",""
"","F-10902/21","METRONIDAZOL SOLUCIÓN INYECTABLE 0,5%","4/18/1995","LABORATORIO SANDERSON SpA","METRONIDAZOL",""
"","F-23116/21","METRONIDAZOL SOLUCIÓN INYECTABLE 500 mg / 100 mL","10/12/2016","LABORATORIO BIOSANO S.A.","METRONIDAZOL",""
"","F-27811/23","METRONIDAZOL SOLUCIÓN INYECTABLE 500 mg/100 mL ","9/11/2023","PISA FARMACÉUTICA DE CHILE S.p.A.","METRONIDAZOL",""
"","F-25981/21","METRONIDAZOL SOLUCIÓN PARA PERFUSIÓN 500 mg/100 mL","2/15/2021","LABORATORIO BIOSANO S.A.","METRONIDAZOL",""
"","F-11600/21","METROPAST 1000 SUPOSITORIOS (METRONIDAZOL)","11/20/1990","LABORATORIO PASTEUR S.A.","METRONIDAZOL",""
"","F-11648/21","METROPAST COMPRIMIDOS 500 mg","5/25/1993","LABORATORIO PASTEUR S.A.","METRONIDAZOL",""
"","F-28488/24","METROPAST COMPRIMIDOS RECUBIERTOS 500 mg (METRONIDAZOL)","9/23/2024","LABORATORIO PASTEUR S.A.","METRONIDAZOL",""
"","F-2574/24","METROPAST ÓVULOS 500 mg","11/20/1979","LABORATORIO PASTEUR S.A.","METRONIDAZOL",""
"","F-28550/24","METROVAL COMPRIMIDOS RECUBIERTOS 500 mg (METRONIDAZOL)","10/21/2024","LABORATORIO BIOVAL S.p.A.","METRONIDAZOL",""
"","F-27658/23","METVOB XR COMPRIMIDOS DE LIBERACIÓN PROLONGADA 500 mg (METFORMINA CLORHIDRATO)","7/17/2023","SEVEN PHARMA CHILE S.p.A.","METFORMINA",""
"","F-27606/23","METVOB XR COMPRIMIDOS DE LIBERACIÓN PROLONGADA 750 mg (METFORMINA CLORHIDRATO)","6/28/2023","SEVEN PHARMA CHILE S.p.A.","METFORMINA",""
"","F-27659/23","METVOB XR COMPRIMIDOS RECUBIERTOS DE LIBERACIÓN PROLONGADA 1000 mg (MEFORMINA CLORHIDRATO)","7/17/2023","SEVEN PHARMA CHILE S.p.A.","METFORMINA",""
"","F-14255/24","MEXAN COMPRIMIDOS 15 mg","10/25/2004","MINTLAB Co. S.A.","MELOXICAM",""
"","F-16038/22","MIAFEM 20 COMPRIMIDOS RECUBIERTOS","4/25/2007","TECNOFARMA S.A.","DROSPIRENONA//ETINILESTRADIOL",""
"","F-16116/22","MIAFEM CD COMPRIMIDOS RECUBIERTOS","5/31/2007","TECNOFARMA S.A.","DROSPIRENONA//ETINILESTRADIOL",""
"","F-16037/22","MIAFEM COMPRIMIDOS RECUBIERTOS.","4/25/2007","TECNOFARMA S.A.","DROSPIRENONA//ETINILESTRADIOL",""
"","F-26812/22","MICAFUNGINA LIOFILIZADO PARA SOLUCIÓN INYECTABLE 100 mg","5/30/2022","NEOETHICALS CHILE S.p.A.","MICAFUNGINA",""
"","F-26808/22","MICAFUNGINA LIOFILIZADO PARA SOLUCIÓN INYECTABLE 50 mg","5/30/2022","NEOETHICALS CHILE S.p.A.","MICAFUNGINA",""
"","F-26295/21","MICARDIS AMLO 80/10 COMPRIMIDOS","7/30/2021","BOEHRINGER INGELHEIM LTDA.","AMLODIPINO//TELMISARTAN",""
"","F-26294/21","MICARDIS AMLO 80/5 COMPRIMIDOS","7/30/2021","BOEHRINGER INGELHEIM LTDA.","AMLODIPINO//TELMISARTAN",""
"","F-27004/22","MICARDIS COMPRIMIDOS 40 mg","8/22/2022","BOEHRINGER INGELHEIM LTDA.","TELMISARTAN",""
"","F-27005/22","MICARDIS COMPRIMIDOS 80 mg","8/22/2022","BOEHRINGER INGELHEIM LTDA.","TELMISARTAN",""
"","F-26429/21","MICARDIS PLUS 40/12,5 COMPRIMIDOS","10/4/2021","BOEHRINGER INGELHEIM LTDA.","HIDROCLOROTIAZIDA//TELMISARTAN",""
"","F-26431/21","MICARDIS PLUS 80/12,5 COMPRIMIDOS","10/4/2021","BOEHRINGER INGELHEIM LTDA.","HIDROCLOROTIAZIDA//TELMISARTAN",""
"","F-12416/22","MICARDIS PLUS 80/12,5 COMPRIMIDOS","10/1/2002","BOEHRINGER INGELHEIM LTDA.","HIDROCLOROTIAZIDA//TELMISARTAN",""
"","F-17265/23","MICARDIS PLUS 80/25 COMPRIMIDOS","12/10/2008","BOEHRINGER INGELHEIM LTDA.","HIDROCLOROTIAZIDA//TELMISARTAN",""
"","F-26430/21","MICARDIS PLUS 80/25 COMPRIMIDOS","10/4/2021","BOEHRINGER INGELHEIM LTDA.","HIDROCLOROTIAZIDA//TELMISARTAN",""
"","F-22803/21","MICINOL COMPRIMIDOS RECUBIERTOS 2,5 mg","6/23/2016","OPKO CHILE S.A.","LETROZOL",""
"","F-23510/22","MICOFENOLATO MOFETILO CÁPSULAS 250 mg","6/14/2017","SEVEN PHARMA CHILE S.p.A.","MICOFENOLATO",""
"","F-18230/25","MICOFENOLATO MOFETILO CÁPSULAS 250 mg","8/31/2010","LABORATORIO CHILE S.A.","MICOFENOLATO",""
"","F-22857/21","MICOFENOLATO MOFETILO COMPRIMIDOS RECUBIERTOS 500 mg","7/13/2016 2:10","SEVEN PHARMA CHILE S.p.A.","MICOFENOLATO",""
"","F-18229/25","MICOFENOLATO MOFETILO COMPRIMIDOS RECUBIERTOS 500 mg","8/31/2010","LABORATORIO CHILE S.A.","MICOFENOLATO",""
"","F-21110/24","MICOLIS CREMA TÓPICA 1%","5/20/2014","MEGALABS CHILE S.A.","ECONAZOL",""
"","F-19805/23","MICOLIS POLVO TÓPICO 1%","3/9/2013","MEGALABS CHILE S.A.","ECONAZOL",""
"","F-2250/24","MICONAZOL NITRATO CREMA VAGINAL 2%","10/28/1999","LABORATORIO PASTEUR S.A.","MICONAZOL",""
"","F-18674/21","MICOPIROX CHAMPÚ 1%","6/7/2011","LABORATORIOS D & M PHARMA LTDA.","CICLOPIROX",""
"","F-15277/25","MICOPIROX CREMA DÉRMICA 1%","12/2/2005","LABORATORIOS D & M PHARMA LTDA.","CICLOPIROX",""
"","F-15276/25","MICOPIROX LACA PARA UÑAS 8%","12/2/2005","LABORATORIOS D & M PHARMA LTDA.","CICLOPIROX",""
"","F-12145/22","MICOSET COMPRIMIDOS 250 mg.","6/3/2002","LABORATORIO BAGÓ DE CHILE S.A.","TERBINAFINA",""
"","F-12144/22","MICOSET CREMA DÉRMICA 1%","6/3/2002","LABORATORIO BAGÓ DE CHILE S.A.","TERBINAFINA",""
"","F-27297/23","MICROCORT CREMA TÓPICA 1% (HIDROCORTISONA)","1/23/2023","LABORATORIO D & M PHARMA LTDA.","HIDROCORTISONA",""
"","F-27058/22","MICROCORT LOCIÓN TÓPICA 1% (HIDROCORTISONA)","9/27/2022","LABORATORIO D & M PHARMA LTDA.","HIDROCORTISONA",""
"","F-19166/21","MICROCORT LOCIÓN TÓPICA 1% (HIDROCORTISONA)","12/22/2011","LABORATORIOS D & M PHARMA LTDA.","HIDROCORTISONA",""
"","F-9817/21","MICROGYNON CD GRAGEAS","12/6/2001 2:10","TECNOFARMA S.A.","ETINILESTRADIOL//LEVONORGESTREL",""
"","F-9818/21","MICROGYNON GRAGEAS","12/6/2001 2:10","TECNOFARMA S.A.","ETINILESTRADIOL//LEVONORGESTREL",""
"","F-18988/21","MICROSER COMPRIMIDOS 16 mg","10/17/2011","GRÜNENTHAL CHILENA LTDA.","BETAHISTINA",""
"","F-18989/21","MICROSER COMPRIMIDOS 24 mg","10/17/2011","GRÜNENTHAL CHILENA LTDA.","BETAHISTINA",""
"","F-18987/21","MICROSER COMPRIMIDOS 8 mg","10/17/2011","GRÜNENTHAL CHILENA LTDA.","BETAHISTINA",""
"","F-28795/25","MICTIUM COMPRIMIDOS RECUBIERTOS DE LIBERACIÓN PROLONGADA 50 mg (MIRABEGRÓN)","4/14/2025","LABORATORIOS SAVAL S.A.","MIRABEGRÓN",""
"","F-25438/25","MIDATUS SOLUCIÓN INYECTABLE 20 mg/10 mL","5/19/2020","GADOR LTDA.","ETOMIDATO",""
"","F-28276/24","MIDAVITAE SOLUCIÓN BUCAL 10 mg/2 mL (MIDAZOLAM)","6/25/2024","GALENICUM HEALTH CHILE S.p.A.","MIDAZOLAM","Psicotrópico"
"","F-28273/24","MIDAVITAE SOLUCIÓN BUCAL 2,5 mg/0,5 mL","6/19/2024","GALENICUM HEALTH CHILE S.p.A.","MIDAZOLAM","Psicotrópico"
"","F-28274/24","MIDAVITAE SOLUCIÓN BUCAL 5 mg/1 mL","6/19/2024","GALENICUM HEALTH CHILE S.p.A.","MIDAZOLAM","Psicotrópico"
"","F-28275/24","MIDAVITAE SOLUCIÓN BUCAL 7,5 mg/1,5 mL (MIDAZOLAM)","6/19/2024","GALENICUM HEALTH CHILE S.p.A.","MIDAZOLAM","Psicotrópico"
"","F-27161/22","MIDRAFAR SOLUCIÓN OFTÁLMICA 1 % (TROPICAMIDA)","11/15/2022","PHARMATECH CHILE S.p.A.","TROPICAMIDA",""
"","F-23162/21","MIGRA-NEFERSIL COMPRIMIDOS RECUBIERTOS","11/9/2016","MEGALABS CHILE S.A.","CLONIXINIO//ERGOTAMINA",""
"","F-7003/25","MIGRANOL COMPRIMIDOS RECUBIERTOS","6/12/1987 2:10","LABORATORIO BAGÓ DE CHILE S.A.","CAFEINA//ERGOTAMINA//METAMIZOL SODICO",""
"","F-16977/23","MIGRAPIRETANYL COMPRIMIDOS RECUBIERTOS","8/6/2008","LABORATORIO PASTEUR S.A.","CAFEINA//CLORFENAMINA//ERGOTAMINA//METAMIZOL SODICO",""
"","F-4306/25","MIGRAX COMPRIMIDOS RECUBIERTOS","6/20/2000 2:10","LABORATORIOS SAVAL S.A.","CAFEINA//ERGOTAMINA//PARACETAMOL",""
"","F-15501/21","MILISER COMPRIMIDOS 1 mg","5/3/2006","LABORATORIOS RECALCINE S.A.","ACIDO FOLICO",""
"","F-20420/23","MILRINONA SOLUCIÓN INYECTABLE 1 mg/mL","10/24/2013","REPRESENTACIONES BIOTEC S.p.A.","MILRINONA",""
"","F-23186/21","MILRINONA SOLUCIÓN INYECTABLE 10 mg/10 mL","11/22/2016","DIFEM LABORATORIOS S.A.","MILRINONA",""
"","F-24590/24","MILRINONA SOLUCIÓN INYECTABLE 10 mg/10 mL ","1/24/2019","FRESENIUS KABI CHILE LTDA.","Milrinona",""
"","F-26779/22","MILRINONA SOLUCIÓN INYECTABLE 10 mg/10 mL","5/3/2022","NEOETHICALS CHILE S.p.A.","MILRINONA",""
"","F-28376/24","MILRINONA SOLUCIÓN INYECTABLE 10 mg/10 mL ","7/18/2024","EMCURE PHARMA CHILE S.p.A.","MILRINONA",""
"","F-27737/23","MILRINONA SOLUCIÓN INYECTABLE 20 mg/100 mL EN DEXTROSA AL 5%","8/10/2023","FARMEDICAL S.p.A.","MILRINONA",""
"","F-21527/24","MILRON SOLUCIÓN INYECTABLE 10 mg/10 mL (MILRINONA)","11/12/2014 1:10","LIBRA CHILE S.A.","MILRINONA",""
"","F-18834/21","MIMETIX ODT COMPRIMIDOS DISPERSABLES 10 mg","8/17/2011 1:10","LABORATORIOS RECALCINE S.A.","MEMANTINA",""
"","F-18835/21","MIMETIX ODT COMPRIMIDOS DISPERSABLES 20 mg","8/17/2011","LABORATORIOS RECALCINE S.A.","MEMANTINA",""
"","F-16207/22","MIMETIX SOLUCIÓN ORAL PARA GOTAS 10 mg/mL","7/26/2007","LABORATORIOS RECALCINE S.A.","MEMANTINA",""
"","F-21831/25","MINEVA E 150/30 COMPRIMIDOS RECUBIERTOS","4/23/2015","MINTLAB Co. S.A.","ETINILESTRADIOL//LEVONORGESTREL",""
"","F-17260/23","MINIRIN MELT LIOFILIZADO ORAL 120 mcg","12/10/2008","FERRING PRODUCTOS FARMACÉUTICOS SpA","DESMOPRESINA",""
"","F-17259/23","MINIRIN MELT LIOFILIZADO ORAL 60 mcg","12/10/2008","FERRING PRODUCTOS FARMACÉUTICOS SpA","DESMOPRESINA",""
"","F-29360/25","MINOCASS COMPRIMIDOS 2,5 mg (MINOXIDIL)","12/9/2025","LABORATORIO D & M PHARMA LTDA.","MINOXIDIL",""
"","F-23635/22","MINOCTRE SOLUCIÓN INYECTABLE 0,1 mg/1 mL","6/15/2007","LABORATORIOS RAFFO S.A.","OCTREOTIDA",""
"","F-26588/22","MINOPEL SOLUCIÓN TÓPICA 5% (MINOXIDIL)","1/18/2022","SOCIEDAD FARMACÉUTICA TERVIS PHARMA LTDA.","MINOXIDIL",""
"","F-27208/22","MINOSTA COMPRIMIDOS 2 mg (DIENOGEST)","12/9/2022","GEDEON RICHTER CHILE SpA","DIENOGEST",""
"","F-25395/25","MIO-RELAX COMPRIMIDOS RECUBIERTOS 10 mg","4/16/2020","EUROFARMA CHILE SpA","CICLOBENZAPRINA",""
"","F-25032/24","MIO-RELAX COMPRIMIDOS RECUBIERTOS 5 mg","9/5/2019","EUROFARMA CHILE SpA","CICLOBENZAPRINA",""
"","F-3248/25","MIOSTAT SOLUCIÓN INTRAOCULAR ESTÉRIL 0,01% (CARBACOL)","9/10/1987","ALCON LABORATORIOS CHILE LTDA.","CARBACOL",""
"","F-27558/23","MIRABLOK COMPRIMIDOS RECUBIERTOS DE LIBERACIÓN PROLONGADA 50 mg (METOPROLOL TARTRATO)","6/6/2023","SEVEN PHARMA CHILE S.p.A.","METOPROLOL",""
"","F-24928/24","MIRAGRAN COMPRIMIDOS RECUBIERTOS 2,5 mg (NARATRIPTÁN)","7/8/2019","MEGALABS CHILE S.A.","NARATRIPTAN",""
"","F-22625/21","MIRANDA COMPRIMDIOS RECUBIERTOS 0,075 mg","4/27/2016","EXELTIS CHILE S.p.A.","DESOGESTREL",""
"","B-2827/25","MIRCERA SOLUCIÓN INYECTABLE 100 mcg/0,3 mL","7/1/2020","ROCHE CHILE LTDA.","Metoxipolietilenglicol-Epoetina Beta",""
"","B-2828/25","MIRCERA SOLUCIÓN INYECTABLE 150 mcg/0,3 mL (METOXIPOLIETILENGLICOL-EPOETINA BETA)","7/1/2020","ROCHE CHILE LTDA.","Metoxipolietilenglicol-Epoetina Beta",""
"","B-2825/25","MIRCERA SOLUCIÓN INYECTABLE 50 mcg/0,3 mL (METOXIPOLIETILENGLICOL-EPOETINA BETA)","7/1/2020","ROCHE CHILE LTDA.","Metoxipolietilenglicol-Epoetina Beta;L-Metionina",""
"","B-2826/25","MIRCERA SOLUCIÓN INYECTABLE 75 mcg/0,3 mL (METOXIPOLIETILENGLICOL-EPOETINA BETA)","7/1/2020","ROCHE CHILE LTDA.","Metoxipolietilenglicol-Epoetina Beta;L-Metionina",""
"","F-4298/25","MIRENA SISTEMA INTRAUTERINO 20 mcg/24 hrs. (LEVONORGESTREL)","6/28/2000 2:10","BAYER S.A.","LEVONORGESTREL",""
"","F-26958/22","MIRTAVITAE COMPRIMIDOS RECUBIERTOS 15 mg (MIRTAZAPINA)","8/2/2022","GALENICUM HEALTH CHILE S.p.A.","MIRTAZAPINA",""
"","F-26908/22","MIRTAVITAE COMPRIMIDOS RECUBIERTOS 30 mg (MIRTAZAPINA)","7/18/2022","GALENICUM HEALTH CHILE S.p.A.","MIRTAZAPINA",""
"","F-26383/21","MIRTAZAPINA COMPRIMIDOS BUCODISPERSABLES 30 mg","9/20/2021 23:00","GADOR LTDA.","MIRTAZAPINA",""
"","F-27787/23","MIRTAZAPINA COMPRIMIDOS RECUBIERTOS 15 mg","8/29/2023","SIAA VIDA FARMA SPA","MIRTAZAPINA",""
"","F-28079/24","MIRTAZAPINA COMPRIMIDOS RECUBIERTOS 15 mg","2/6/2024","ASCEND LABORATORIES S.p.A.","MIRTAZAPINA",""
"","F-28202/24","MIRTAZAPINA COMPRIMIDOS RECUBIERTOS 15 mg","4/3/2024","LABORATORIO CHILE S.A.","MIRTAZAPINA",""
"","F-28203/24","MIRTAZAPINA COMPRIMIDOS RECUBIERTOS 30 mg","4/3/2024","LABORATORIO CHILE S.A.","MIRTAZAPINA",""
"","F-28078/24","MIRTAZAPINA COMPRIMIDOS RECUBIERTOS 30 mg","2/6/2024","ASCEND LABORATORIES S.p.A.","MIRTAZAPINA",""
"","F-28690/25","MIRTAZAPINA COMPRIMIDOS RECUBIERTOS 30mg ","1/20/2025","SEVEN PHARMA CHILE S.p.A.","MIRTAZAPINA",""
"","F-28536/24","MISARVEN - A 40/5 COMPRIMIDOS","10/10/2024","LABORATORIO FLEMING SPA","AMLODIPINO//TELMISARTAN",""
"","F-28538/24","MISARVEN - A 80/10 COMPRIMIDOS","10/11/2024","LABORATORIO FLEMING SPA","AMLODIPINO//TELMISARTAN",""
"","F-24205/23","MISOPROSTOL COMPRIMIDOS 200 mcg","10/25/2018","DIFEM LABORATORIOS S.A.","MISOPROSTOL",""
"","F-15901/22","MISULVAN CÁPSULAS 25 mg","3/12/2007","LABORATORIOS RECALCINE S.A.","MILNACIPRAN",""
"","F-15902/22","MISULVAN CÁPSULAS 50 mg","3/13/2007","LABORATORIOS RECALCINE S.A.","MILNACIPRAN",""
"","F-28691/25","MITOGUT CÁPSULAS CON GRÁNULOS CON RECUBRIMIENTO ENTÉRICO 20 mg (ESOMEPRAZOL)","1/29/2025","DR. REDDYS LABORATORIES CHILE S.p.A.","ESOMEPRAZOL MAGNÉSICO TRIHIDRATO",""
"","F-27803/23","MITOGUT CÁPSULAS CON GRÁNULOS CON RECUBRIMIENTO ENTÉRICO 40 mg (ESOMEPRAZOL)","11/14/2023","DR. REDDY'S LABORATORIES CHILE S.p.A.","ESOMEPRAZOL",""
"","F-19531/22","MITOMICINA LIOFILIZADO PARA SOLUCIÓN INYECTABLE 20 mg","7/9/2012 2:10","LABORATORIO SANDERSON SpA","MITOMICINA",""
"","F-19530/22","MITOMICINA LIOFILIZADO PARA SOLUCIÓN INYECTABLE 5 mg","7/9/2012 2:10","LABORATORIO SANDERSON SpA","MITOMICINA",""
"","F-527/23","MITOXANTRONA SOLUCIÓN INYECTABLE 20 mg/10 mL","5/12/1998 2:10","INDUSTRIAL Y COMERCIAL BAXTER DE CHILE LTDA.","MITOXANTRONA",""
"","F-10679/21","MIVACRON SOLUCIÓN INYECTABLE 10 mg/5 mL","3/2/1995","ASPEN CHILE S.A.","MIVACURIO",""
"","F-26587/22","MIVACRON SOLUCIÓN INYECTABLE 10 mg/5 mL","1/17/2022","ASPEN CHILE S.A.","MIVACURIO",""
"","B-811/25","MIXGEN CREMA DÉRMICA","1/15/1988","LABORATORIO CHILE S.A.","BETAMETASONA//GENTAMICINA",""
"","B-2339/23","MIXTARD 30 SUSPENSIÓN INYECTABLE 100 UI/mL","9/9/2013","NOVO NORDISK FARMACÉUTICA LTDA.","INSULINA",""
"","F-18585/21","MIZONASE CREMA VAGINAL","4/11/2011","LABORATORIOS RECALCINE S.A.","MICONAZOL//TINIDAZOL",""
"","F-19365/22","MIZONASE ÓVULOS","4/11/2012","LABORATORIOS RECALCINE S.A.","MICONAZOL//TINIDAZOL",""
"","F-19364/22","MIZONASE SET ÓVULOS Y CREMA VAGINAL","4/11/2012","LABORATORIOS RECALCINE S.A.","MICONAZOL//TINIDAZOL",""
"","F-22050/25","MODULCASS CREMA TÓPICA 5% (IMIQUIMOD)","8/12/2015 1:10","LABORATORIOS D & M PHARMA LTDA.","IMIQUIMOD",""
"","F-25659/25","MODUMIQ CREMA TÓPICA 5% (IMIQUIMOD)","8/27/2020","LABORATORIOS RAFFO S.A.","IMIQUIMOD",""
"","F-13844/24","MODUSIK - A OFTENO SOLUCIÓN OFTÁLMICA 0,1%","6/8/2004","GLOBAL MERCURY CHILE S.A.","CICLOSPORINA",""
"","F-25746/25","MOMEDERM CREMA TÓPICA 0,1% (MOMETASONA FUROATO)","10/19/2020","LABORATORIO SCL LIMITADA","MOMETASONA",""
"","F-9842/21","MOMETASONA CREMA DÉRMICA 0,1%","11/14/2001","LABORATORIO CHILE S.A.","MOMETASONA",""
"","F-21399/24","MOMETASONA FUROATO CREMA TOPICA","9/15/2014","LABORATORIO HOSPIFARMA CHILE LTDA.","MOMETASONA",""
"","F-25923/26","MOMETASONA FUROATO CREMA TÓPICA 0,1 % ","1/18/2021","DROGUERÍA GLOBAL PHARMA S.p.A.","MOMETASONA",""
"","F-24824/24","MOMETASONA FUROATO CREMA TÓPICA 0,1%","5/8/2019","ASCEND LABORATORIES S.p.A.","MOMETASONA",""
"","F-22938/21","MONKAST COMPRIMIDOS MASTICABLES 4 mg (MONTELUKAST)","8/17/2016","LABORATORIO PASTEUR S.A.","MONTELUKAST",""
"","F-22945/21","MONKAST COMPRIMIDOS MASTICABLES 5 mg (MONTELUKAST)","8/2/2016","LABORATORIO PASTEUR S.A.","MONTELUKAST",""
"","F-23120/21","MONKAST COMPRIMIDOS RECUBIERTOS 10 mg (MONTELUKAST)","10/13/2016","LABORATORIO PASTEUR S.A.","MONTELUKAST",""
"","F-28382/24","MONOFER SOLUCIÓN INYECTABLE 1000 mg/10 mL (HIERRO) ","7/17/2024","KAMPAR S.A.","HIERRO (como derisomaltosa férrica)",""
"","F-28384/24","MONOFER SOLUCIÓN INYECTABLE 1000 mg/10 mL (HIERRO)","7/17/2024","KAMPAR S.A.","HIERRO (como derisomaltosa férrica)",""
"","F-28383/24","MONOFER SOLUCIÓN INYECTABLE 500 mg/5 mL (HIERRO)","7/17/2024","KAMPAR S.A.","HIERRO (como derisomaltosa férrica)",""
"","F-28381/24","MONOFER SOLUCIÓN INYECTABLE 500 mg/5 mL (HIERRO)","7/17/2024","KAMPAR S.A.","HIERRO (como derisomaltosa férrica)",""
"","F-25497/25","MONOPROST DUO SOLUCIÓN OFTÁLMICA","6/24/2020","THEA PHARMA S.p.A.","LATANOPROST//TIMOLOL",""
"","F-21752/25","MONOPROST SOLUCIÓN OFTÁLMICA 50 mcg/mL (LATANOPROST)","3/16/2015 2:10","THEA PHARMA S.p.A.","LATANOPROST",""
"","F-28053/24","MONTELUKAST COMPRIMIDOS 10 mg ","1/16/2024","LABORATORIO CHILE S.A.","MONTELUKAST",""
"","F-28849/25","MONTELUKAST COMPRIMIDOS MASTICABLES 4 mg","5/8/2025","SEVEN PHARMA CHILE S.p.A.","MONTELUKAST",""
"","F-22602/21","MONTELUKAST COMPRIMIDOS MASTICABLES 4 mg","4/26/2016","SEVEN PHARMA CHILE S.p.A.","MONTELUKAST",""
"","F-22600/21","MONTELUKAST COMPRIMIDOS MASTICABLES 5 mg","4/22/2016","SEVEN PHARMA CHILE S.p.A.","MONTELUKAST",""
"","F-27175/22","MONTELUKAST COMPRIMIDOS MASTICABLES 5 mg","11/24/2022","SIAA VIDA FARMA SPA","MONTELUKAST",""
"","F-28851/25","MONTELUKAST COMPRIMIDOS MASTICABLES 5 mg","5/8/2025","SEVEN PHARMA CHILE S.p.A.","MONTELUKAST",""
"","F-28238/24","MONTELUKAST COMPRIMIDOS RECUBIERTOS 10 mg","4/16/2024","SEVEN PHARMA CHILE S.p.A.","MONTELUKAST",""
"","F-27016/22","MONTELUKAST COMPRIMIDOS RECUBIERTOS 10 mg","8/29/2022","SIAA VIDA FARMA SPA","MONTELUKAST",""
"","F-26668/22","MONTELUKAST COMPRIMIDOS RECUBIERTOS 10 mg","3/8/2022","EUROFARMA CHILE SpA","MONTELUKAST",""
"","F-23300/22","MONTELUKAST COMPRIMIDOS RECUBIERTOS 10 mg","1/16/2017","SEVEN PHARMA CHILE S.p.A.","MONTELUKAST",""
"","B-1038/21","MONTICINA UNGÜENTO DÉRMICO","4/23/2001","MINTLAB Co. S.A.","BACITRACINA//NEOMICINA",""
"","F-27778/23","MONTIKAR COMPRIMIDOS MASTICABLES 4 mg (MONTELUKAST)","8/23/2023","SEVEN PHARMA CHILE S.p.A.","MONTELUKAST",""
"","F-28850/25","MONTIKAR COMPRIMIDOS MASTICABLES 4 mg (MONTELUKAST)","5/8/2025","SEVEN PHARMA CHILE S.p.A.","MONTELUKAST",""
"","F-28230/24","MONTIKAR COMPRIMIDOS MASTICABLES 5 mg (MONTELUKAST)","4/2/2024","SEVEN PHARMA CHILE S.p.A.","MONTELUKAST",""
"","F-27452/23","MONTIKAR COMPRIMIDOS MASTICABLES 5 mg (MONTELUKAST)","4/11/2023","SEVEN PHARMA CHILE S.p.A.","MONTELUKAST",""
"","F-26525/21","MONTIKAR COMPRIMIDOS RECUBIERTOS 10 mg (MONTELUKAST)","12/7/2021","SEVEN PHARMA CHILE S.p.A.","MONTELUKAST",""
"","F-28947/25","MONTIKAR COMPRIMIDOS RECUBIERTOS 10 mg (MONTELUKAST)","6/24/2025","SEVEN PHARMA CHILE S.p.A.","MONTELUKAST",""
"","F-29341/25","MOUNJARO KWIKPEN SOLUCIÓN INYECTABLE 12,5 mg/0,6 mL (TIRZEPATIDA)","12/1/2025","TECNOFARMA S.A.","TIRZEPATIDA",""
"","F-29345/25","MOUNJARO KWIKPEN SOLUCIÓN INYECTABLE 15 mg/0,6 mL (TIRZEPATIDA)","12/1/2025","TECNOFARMA S.A.","TIRZEPATIDA",""
"","F-29332/25","MOUNJARO KWIKPEN SOLUCIÓN INYECTABLE 2,5 mg/0,6 mL (TIRZEPATIDA)","12/1/2025","TECNOFARMA S.A.","TIRZEPATIDA",""
"","F-29339/25","MOUNJARO KWIKPEN SOLUCIÓN INYECTABLE 5 mg/0,6 mL (TIRZEPATIDA)","12/1/2025","TECNOFARMA S.A.","TIRZEPATIDA",""
"","F-29351/25","MOUNJARO KWIKPEN SOLUCIÓN INYECTABLE 7,5 mg/0,6 mL (TIRZEPATIDA)","12/1/2025","TECNOFARMA S.A.","TIRZEPATIDA",""
"","F-28425/24","MOUNJARO SOLUCIÓN INYECTABLE 10 mg/0,5 mL (TIRZEPATIDA)","9/23/2024","TECNOFARMA S.A.","TIRZEPATIDA",""
"","F-29340/25","MOUNJARO SOLUCIÓN INYECTABLE 10 mg/0,6 mL (TIRZEPATIDA)","12/1/2025","TECNOFARMA S.A.","TIRZEPATIDA",""
"","F-28426/24","MOUNJARO SOLUCIÓN INYECTABLE 12,5 mg/0,5 mL (TIRZEPATIDA)","9/23/2024","TECNOFARMA S.A.","TIRZEPATIDA",""
"","F-28427/24","MOUNJARO SOLUCIÓN INYECTABLE 15 mg/0,5 mL (TIRZEPATIDA)","9/23/2024","TECNOFARMA S.A.","TIRZEPATIDA",""
"","F-28422/24","MOUNJARO SOLUCIÓN INYECTABLE 2,5 mg/0,5 mL (TIRZEPATIDA)","9/23/2024","TECNOFARMA S.A.","TIRZEPATIDA",""
"","F-28423/24","MOUNJARO SOLUCIÓN INYECTABLE 5 mg/0,5 mL (TIRZEPATIDA)","9/23/2024","TECNOFARMA S.A.","TIRZEPATIDA",""
"","F-28424/24","MOUNJARO SOLUCIÓN INYECTABLE 7,5 mg/0,5 mL (TIRZEPATIDA)","9/23/2024","TECNOFARMA S.A.","TIRZEPATIDA",""
"","F-28620/24","MOVERADEX SOLUCIÓN INYECTABLE 200 mg/2mL (SUGAMMADEX)","11/26/2024","SRS LIFE SCIENCES CHILE S.p.A.","SUGAMMADEX",""
"","F-18045/25","MOVIDOL CÁPSULAS CON GRÁNULOS RECUBIERTOS DE LIBERACIÓN PROLONGADA 200 mg (MEBEVERINA)","5/18/2010","LABORATORIO PASTEUR S.A.","MEBEVERINA",""
"","F-17793/24","MOVIPLUS COMPRIMIDOS 25 mg","10/22/2009","LABORATORIO BAGÓ DE CHILE S.A.","DIFENIDOL",""
"","F-15478/21","MOXAVAL COMPRIMIDOS RECUBIERTOS 400 mg (MOXIFLOXACINO)","3/31/2006","LABORATORIOS SAVAL S.A.","MOXIFLOXACINO",""
"","F-22172/25","MOXIFLOXACINO COMPRIMIDOS RECUBIERTOS 400 mg","10/26/2015","MSN LABS CHILE S.p.A.","MOXIFLOXACINO",""
"","F-22933/21","MOXIFLOXACINO COMPRIMIDOS RECUBIERTOS 400 mg","8/2/2016","SEVEN PHARMA CHILE S.p.A.","MOXIFLOXACINO",""
"","F-24117/23","MOXIFLOXACINO COMPRIMIDOS RECUBIERTOS 400 mg","9/26/2018 1:10","LABORATORIO CHILE S.A.","MOXIFLOXACINO",""
"","F-22365/25","MOXIFLOXACINO SOLUCIÓN OFTÁLMICA 0,5%","12/23/2015 2:10","MEDINOVA FARMA LTDA.","MOXIFLOXACINO",""
"","F-22751/21","MOXIFLOXACINO SOLUCIÓN PARA PERFUSIÓN 400 mg/250 mL","6/1/2016","FRESENIUS KABI CHILE LTDA.","MOXIFLOXACINO",""
"","F-25244/25","MOXIVULAN 875/125 COMPRIMIDOS RECUBIERTOS","1/22/2020","ASCEND LABORATORIES S.p.A.","ACIDO CLAVULANICO//AMOXICILINA",""
"","F-15694/21","MOXOF SOLUCIÓN OFTÁLMICA 0,5%","10/13/2006","LABORATORIOS SAVAL S.A.","MOXIFLOXACINO",""
"","F-24139/23","MOZOLA CÁPSULAS 100 mg","10/3/2018","EUROFARMA CHILE SpA","Temozolomida",""
"","F-24164/23","MOZOLA CÁPSULAS 140 mg (TEMOZOLOMIDA)","10/8/2018","EUROFARMA CHILE SpA","TEMOZOLOMIDA",""
"","F-24165/23","MOZOLA CÁPSULAS 180 mg","10/9/2018","EUROFARMA CHILE SpA","TEMOZOLOMIDA",""
"","F-24138/23","MOZOLA CÁPSULAS 20 mg","10/3/2018","EUROFARMA CHILE SpA","TEMOZOLOMIDA",""
"","F-23939/23","MOZOLA CÁPSULAS 250 mg","7/12/2018","EUROFARMA CHILE SpA","TEMOZOLOMIDA",""
"","F-17034/23","MUCIVIL COMPRIMIDOS 250 mg (TERBINAFINA CLORHIDRATO)","9/1/2008","LABORATORIOS PRATER S.A.","TERBINAFINA",""
"","F-15618/21","MUCIVIL CREMA TÓPICA 1%","7/21/2006","LABORATORIOS PRATER S.A.","TERBINAFINA",""
"","F-15504/21","MUCIVIL SOLUCIÓN TÓPICA 1%","5/3/2006","LABORATORIOS PRATER S.A.","TERBINAFINA",""
"","F-11102/21","MUCOBROL JARABE ADULTOS","4/1/1993","LABORATORIOS LAFI LTDA.","BROMHEXINA//CLOFEDANOL",""
"","F-11103/21","MUCOBROL JARABE INFANTIL","4/1/1993","LABORATORIOS LAFI LTDA.","BROMHEXINA//CLOFEDANOL",""
"","F-1267/23","MUCOLÍTICO SOLUCIÓN PARA NEBULIZACIONES","11/27/1965","INSTITUTO SANITAS S.A.","N-ACETILCISTEINA",""
"","H-1141/24","MUCOSA COMPOSITUM SOLUCIÓN INYECTABLE","2/5/2009","PRODUCTOS FARMACÉUTICOS HEEL CHILE LTDA.","",""
"","F-10437/21","MULCATEL SUSPENSIÓN ORAL 10%","10/22/1990","LABORATORIO MAVER S.A.","SUCRALFATO",""
"","F-22455/21","MULTIBIC 2K SOLUCIÓN PARA HEMODÍALISIS/ HEMOFILTRACIÓN 2 mmol/L","2/11/2016","PENTAFARMA S.A.","BICARBONATO SODICO//CALCIO CLORURO//GLUCOSA//MAGNESIO CLORURO//POTASIO CLORURO//SODIO CLORURO",""
"","F-22454/21","MULTIBIC 4K SOLUCIÓN PARA HEMODIÁLISIS/HEMOFILTRACIÓN 4 mmol/L","2/11/2016","PENTAFARMA S.A.","BICARBONATO SODICO//CALCIO CLORURO//GLUCOSA//MAGNESIO CLORURO//POTASIO CLORURO//SODIO CLORURO",""
"","F-22456/21","MULTIBIC S/K SOLUCIÓN PARA HEMODIÁLISIS/HEMOFILTRACIÓN","2/11/2016","PENTAFARMA S.A.","BICARBONATO SODICO//CALCIO CLORURO//GLUCOSA//MAGNESIO CLORURO",""
"","F-22820/21","MUPAX CREMA TÓPICA 2% (MUPIROCINA)","7/6/2016 2:10","LABORATORIOS RAFFO S.A.","MUPIROCINA",""
"","F-22821/21","MUPAX UNGÜENTO NASAL 2% (MUPIROCINA)","7/6/2016 2:10","LABORATORIOS RAFFO S.A.","MUPIROCINA",""
"","F-22854/21","MUPAX UNGÜENTO TÓPICO 2% (MUPIROCINA)","7/7/2016 2:10","LABORATORIOS RAFFO S.A.","MUPIROCINA",""
"","F-19021/21","MUPICIL CREMA DÉRMICA 2%","10/26/2011","LABORATORIOS D & M PHARMA LTDA.","MUPIROCINA",""
"","F-19024/21","MUPICIL UNGÜENTO DÉRMICO 2%","10/26/2011","LABORATORIOS D & M PHARMA LTDA.","MUPIROCINA",""
"","F-21282/24","MUPIROCINA UNGUENTO TOPICO 2%","8/21/2014","LABORATORIO HOSPIFARMA CHILE LTDA.","MUPIROCINA",""
"","F-28408/24","MUPIROCINA UNGÜENTO TOPICO 2%","8/5/2024","LABORATORIO BIOVAL S.p.A.","MUPIROCINA",""
"","F-28063/24","MUPIROCINA UNGÜENTO TÓPICO 2%","1/24/2024","GLENMARK FARMACEUTICA S.p.A.","MUPIROCINA",""
"","F-24858/24","MUPIROCINA UNGÜENTO TÓPICO 2%","5/29/2019","ASCEND LABORATORIES S.p.A.","MUPIROCINA",""
"","F-27386/23","MUPIROCINA UNGÜENTO TÓPICO 2% (MUPIROCINA)","3/17/2023","SCM PHARMA S.p.A.","MUPIROCINA",""
"","B-1630/26","MYCOBACTERIUM BOVIS (BCG) DANISH 1331 LIOFILIZADO PARA INSTILACIÓN INTRAVESICAL 30 mg","1/7/1997","GRÜNENTHAL CHILENA LTDA.","",""
"","F-26861/22","MYCOBIL-S COMPRIMIDOS CON RECUBRIMIENTO ENTÉRICO 180 mg (ÁCIDO MICOFENÓLICO)","6/20/2022","VITAFARMA S.A.","MICOFENOLATO",""
"","F-26860/22","MYCOBIL-S COMPRIMIDOS CON RECUBRIMIENTO ENTÉRICO 360 mg (ÁCIDO MICOFENÓLICO)","6/20/2022","VITAFARMA S.A.","MICOFENOLATO",""
"","F-3249/25","MYDFRIN SOLUCIÓN OFTÁLMICA 2,5% (FENILEFRINA CLORHIDRATO)","8/13/1984 1:10","ALCON LABORATORIOS CHILE LTDA.","FENILEFRINA",""
"","F-25730/25","MYDRANE SOLUCIÓN INYECTABLE","11/10/2020","THEA PHARMA S.p.A.","FENILEFRINA//LIDOCAINA//TROPICAMIDA",""
"","F-28820/25","MYDRIACYL SOLUCIÓN OFTÁLMICA 1% (TROPICAMIDA)","4/23/2025","ALCON LABORATORIOS CHILE LTDA.","TROPICAMIDA",""
"","F-1180/23","MYDRIACYL SOLUCIÓN OFTÁLMICA ESTÉRIL 1%","3/17/1967","ALCON LABORATORIOS CHILE LTDA.","TROPICAMIDA",""
"","F-26013/21","MYFORTIC COMPRIMIDOS CON RECUBRIMIENTO ENTÉRICO 180 mg (ÁCIDO MICOFENÓLICO)","3/3/2021","NOVARTIS CHILE S.A.","MICOFENOLATO",""
"","F-26014/21","MYFORTIC COMPRIMIDOS CON RECUBRIMIENTO ENTÉRICO 360 mg (ÁCIDO MICOFENÓLICO)","3/4/2021","NOVARTIS CHILE S.A.","MICOFENOLATO",""
"","B-2939/22","MYLOTARG LIOFILIZADO PARA SOLUCIÒN CONCENTRADA PARA PERFUSION 5 mg (GEMTUZUMAB OZOGAMICINA )","6/9/2022","PFIZER CHILE S.A.","GEMTUZUMAB",""
"","F-28290/24","MYMOF 0,2/0,5 SOLUCIÓN OFTÁLMICA","5/13/2024","SEVEN PHARMA CHILE S.p.A.","BRIMONIDINA//TIMOLOL",""
"","B-2400/25","MYOZYME POLVO LIOFILIZADO PARA INFUSIÓN INTRAVENOSA 50 mg (ALGLUCOSIDASA ALFA)","8/18/2010","SANOFI-AVENTIS DE CHILE S.A.","ALGLUCOSIDASA ALFA",""
"","F-25484/25","MYPOM CAPSULAS 4 mg (POMALIDOMIDA)","6/17/2020","SEVEN PHARMA CHILE S.p.A.","POMALIDOMIDA",""
"","F-16378/22","N-BUTIL BROMURO DE HIOSCINA + METAMIZOL SÓDICO SOLUCIÓN INYECTABLE","10/22/2007","LABVITALIS S.A.","ESCOPOLAMINA//METAMIZOL SODICO",""
"","F-7714/21","N-BUTILBROMURO DE ESCOPOLAMINA SOLUCIÓN INYECTABLE 20 mg/mL","5/18/1993","LABORATORIO BIOSANO S.A.","ESCOPOLAMINA",""
"","F-17827/24","NABILA COMPRIMIDOS 10 mg (NEBIVOLOL CLORHIDRATO)","10/30/2009","TECNOFARMA S.A.","NEBIVOLOL",""
"","F-17826/24","NABILA COMPRIMIDOS 2,5 mg","10/30/2009","TECNOFARMA S.A.","NEBIVOLOL",""
"","F-17338/24","NABILA COMPRIMIDOS 5 mg","1/30/2009","TECNOFARMA S.A.","NEBIVOLOL",""
"","B-2879/21","NABOTA POLVO PARA SOLUCIÓN INYECTABLE 100 U (TOXINA CLOSTRIDIUM BOTULINUM TIPO A)","7/27/2021","TORREGAL CHILE S.p.A.","TOXINA CLOSTRIDIUM BOTULINUM TIPO A",""
"","F-9001/21","NAFAZOLINA CLORHIDRATO FENIRAMINA MALEATO SOLUCIÓN OFTÁLMICA ESTÉRIL","4/29/1991","INSTITUTO SANITAS S.A.","FENIRAMINA//NAFAZOLINA",""
"","F-28648/24","NAFIZRED CÁPSULAS 200 mg (NILOTINIB)","12/30/2024","DR. REDDYS LABORATORIES CHILE S.p.A.","NILOTINIB CLORHIDRATO MONOHIDRATO",""
"","F-26786/22","NAFTOIN 100 CÁPSULAS 100 mg (NITROFURANTOÍNA)","5/11/2022","EMCURE PHARMA CHILE S.p.A.","NITROFURANTOINA",""
"","F-26785/22","NAFTOIN 50 CÁPSULAS 50 mg (NITROFURANTOÍNA)","5/11/2022","EMCURE PHARMA CHILE S.p.A.","NITROFURANTOINA",""
"","F-20025/23","NAGESOL FORTE COMPRIMIDOS RECUBIERTOS 550 mg","6/13/2013","MINTLAB Co. S.A.","NAPROXENO",""
"","B-2863/21","NAGLAZYME SOLUCIÓN INYECTABLE PARA PERFUSIÓN 5 mg/ 5 mL (GALSULFASA)","3/30/2021","BIOMARIN CHILE SPA","GALSULFASA",""
"","F-27263/23","NAIRE COMPRIMIDOS 20 mg (BILASTINA)","1/4/2023","EUROFARMA CHILE SpA","BILASTINA",""
"","F-7808/21","NALOXONA CLORHIDRATO SOLUCIÓN INYECTABLE 0,4 mg/mL","4/19/1991","BPH S.A.","NALOXONA",""
"","F-24500/23","NALOXONA SOLUCIÓN INYECTABLE 0,4 mg/ mL","12/27/2018","DIFEM LABORATORIOS S.A.","NALOXONA",""
"","F-22329/25","NAPHCON A SOLUCIÓN OFTÁLMICA","12/10/2015","ALCON LABORATORIOS CHILE LTDA.","FENIRAMINA//NAFAZOLINA",""
"","F-1837/24","NAPROXENO SÓDICO COMPRIMIDOS RECUBIERTOS 550 mg","6/17/1999","MINTLAB Co. S.A.","NAPROXENO",""
"","F-7582/21","NAPROXENO SÓDICO COMPRIMIDOS RECUBIERTOS 550 mg","5/15/2001","LABORATORIO CHILE S.A.","NAPROXENO",""
"","F-13868/24","NAPROXENO SÓDICO COMPRIMIDOS RECUBIERTOS 550 mg","6/18/2004","LABORATORIOS ANDRÓMACO S.A.","NAPROXENO",""
"","F-598/23","NARAMIG COMPRIMIDOS RECUBIERTOS 2,5 mg (NARATRIPTAN)","6/19/1998","GLAXOSMITHKLINE CHILE FARMACÉUTICA LTDA.","NARATRIPTAN",""
"","F-27562/23","NARATRIPTÁN COMPRIMIDOS RECUBIERTOS 2,5 mg","6/6/2023","MINTLAB Co. S.A.","NARATRIPTAN",""
"","F-18651/21","NARTAN COMPRIMIDOS RECUBIERTOS 2,5 mg","5/23/2011","LABORATORIO CHILE S.A.","NARATRIPTAN",""
"","F-13934/24","NASOLVER JARABE","7/30/2004","MINTLAB Co. S.A.","CLORFENAMINA//CODEINA//PSEUDOEFEDRINA","Estupefaciente"
"","F-8463/21","NASTIFRIN COMPUESTO COMPRIMIDOS RECUBIERTOS","5/12/1993","LABORATORIO CHILE S.A.","CLORFENAMINA//PARACETAMOL//PSEUDOEFEDRINA",""
"","F-5301/25","NASTIFRIN COMPUESTO DN COMPRIMIDOS RECUBIERTOS","7/20/2000","LABORATORIO CHILE S.A.","CLORFENAMINA//PARACETAMOL//PSEUDOEFEDRINA",""
"","F-6967/25","NASTIZOL COMPOSITUM COMPRIMIDOS RECUBIERTOS","6/9/1982 2:10","LABORATORIO BAGÓ DE CHILE S.A.","CLORFENAMINA//PARACETAMOL//PSEUDOEFEDRINA",""
"","F-6966/25","NASTIZOL COMPOSITUM JARABE","6/9/1982 2:10","LABORATORIO BAGÓ DE CHILE S.A.","CLORFENAMINA//PARACETAMOL//PSEUDOEFEDRINA",""
"","F-13511/24","NASTIZOL COMPOSITUM PEDIÁTRICO SOLUCIÓN PARA GOTAS ORALES","2/6/2004","LABORATORIO BAGÓ DE CHILE S.A.","CLORFENAMINA//PARACETAMOL//PSEUDOEFEDRINA",""
"","F-2181/24","NASTIZOL COMPRIMIDOS RECUBIERTOS","8/24/1978 1:10","LABORATORIO BAGÓ DE CHILE S.A.","CLORFENAMINA//PSEUDOEFEDRINA",""
"","F-13251/23","NASTIZOL DÍA-NOCHE COMPRIMIDOS","11/3/2003","LABORATORIO BAGÓ DE CHILE S.A.","CLORFENAMINA//PARACETAMOL//PSEUDOEFEDRINA",""
"","F-2180/24","NASTIZOL JARABE","8/25/1978","LABORATORIO BAGÓ DE CHILE S.A.","CLORFENAMINA//PSEUDOEFEDRINA",""
"","F-2187/24","NASTIZOL SOLUCIÓN PARA GOTAS ORALES","9/28/1978","LABORATORIO BAGÓ DE CHILE S.A.","CLORFENAMINA//PSEUDOEFEDRINA",""
"","F-8745/21","NASTUL COMPRIMIDOS RECUBIERTOS","11/3/1994","CHEMOPHARMA S.A.","CLORFENAMINA//PSEUDOEFEDRINA",""
"","F-8746/21","NASTUL COMPUESTO COMPRIMIDOS RECUBIERTOS","8/10/1994","CHEMOPHARMA S.A.","CLORFENAMINA//PARACETAMOL//PSEUDOEFEDRINA",""
"","F-8747/21","NASTUL COMPUESTO JARABE","8/1/1994 2:10","CHEMOPHARMA S.A.","CLORFENAMINA//PARACETAMOL//PSEUDOEFEDRINA",""
"","F-11954/22","NASTUL DÍA Y NOCHE COMPRIMIDOS RECUBIERTOS","3/28/2002","CHEMOPHARMA S.A.","CLORFENAMINA//PARACETAMOL//PSEUDOEFEDRINA",""
"","F-8748/21","NASTUL JARABE","10/4/1994","CHEMOPHARMA S.A.","CLORFENAMINA//PSEUDOEFEDRINA",""
"","F-8744/21","NASTUL SOLUCIÓN ORAL PARA GOTAS","12/17/1994","CHEMOPHARMA S.A.","CLORFENAMINA//PSEUDOEFEDRINA",""
"","F-1774/24","NATRILIX SR COMPRIMIDOS RECUBIERTOS DE LIBERACIÓN PROLONGADA 1,5 mg","4/30/1999","LABORATORIO SERVIER CHILE LTDA.","INDAPAMIDA",""
"","F-20441/23","NATUREL COMPRIMIDOS RECUBIERTOS","10/15/2013","GRÜNENTHAL CHILENA LTDA.","ESTRADIOL//NOMEGESTROL",""
"","F-26740/22","NAVALIT 10/10 CÁPSULAS CON GRÁNULOS CON RECUBRIMIENTO ENTÉRICO","5/3/2022","ITF - LABOMED FARMACÉUTICA LTDA.","DOXILAMINA//PIRIDOXINA",""
"","F-28107/24","NAVALIT 10/10 CÁPSULAS CON GRÁNULOS CON RECUBRIMIENTO ENTÉRICO","2/22/2024","ITF - LABOMED FARMACÉUTICA LTDA.","DOXILAMINA//PIRIDOXINA",""
"","F-28847/25","NAVALIT 10/10 CÁPSULAS CON GRÁNULOS CON RECUBRIMIENTO ENTÉRICO","5/7/2025","ITF - LABOMED FARMACÉUTICA LTDA.","DOXILAMINA//PIRIDOXINA",""
"","F-27122/22","NEBETA COMPRIMIDOS 5 mg","11/2/2022","PINNACLE CHILE S.p.A.","NEBIVOLOL",""
"","F-15205/25","NEBIDO SOLUCIÓN INYECTABLE 1000 mg/4 mL (TESTOSTERONA UNDECANOATO)","11/9/2005","GRÜNENTHAL CHILENA LTDA.","TESTOSTERONA",""
"","F-20120/23","NEBILET COMPRIMIDOS 5 mg","8/23/2013","ITF - LABOMED FARMACÉUTICA LTDA.","NEBIVOLOL",""
"","F-25511/25","NEBILET-D 5/12,5 COMPRIMIDOS RECUBIERTOS","6/25/2020","ITF - LABOMED FARMACÉUTICA LTDA.","HIDROCLOROTIAZIDA//NEBIVOLOL",""
"","F-25512/25","NEBILET-D 5/25 COMPRIMIDOS RECUBIERTOS","6/25/2020","ITF - LABOMED FARMACÉUTICA LTDA.","HIDROCLOROTIAZIDA//NEBIVOLOL",""
"","F-24240/23","NEBIVITAE COMPRIMIDOS 5 mg","10/30/2018","GALENICUM HEALTH CHILE S.p.A.","NEBIVOLOL",""
"","F-25831/25","NEFERSIL 100 SOLUCIÓN INYECTABLE 100 mg/2mL (CLONIXINATO DE LISINA)","12/2/2020","MEGALABS CHILE S.A.","CLONIXINIO",""
"","F-24186/23","NEFERSIL B COMPRIMIDOS RECUBIERTOS","10/22/2018","MEGALABS CHILE S.A.","CIANOCOBALAMINA//CLONIXINIO//PIRIDOXINA//TIAMINA",""
"","F-16747/23","NEFERSIL B COMPRIMIDOS RECUBIERTOS","3/20/2008","MEGALABS CHILE S.A.","CIANOCOBALAMINA//CLONIXINIO//PIRIDOXINA//TIAMINA",""
"","F-22912/21","NEFERSIL COMPRIMIDOS RECUBIERTOS 125 mg (CLONIXINATO DE LISINA)","8/5/2016","MEGALABS CHILE S.A.","CLONIXINIO",""
"","F-18766/21","NEFERSIL SOLUCIÓN INYECTABLE 100 mg/2mL","7/15/2011","MEGALABS CHILE S.A.","CLONIXINIO",""
"","F-23476/22","NEFEX DUO CAPSULAS CON GRÁNULOS DE LIBERACIÓN SOSTENIDA","5/26/2017","OPKO CHILE S.A.","DUTASTERIDA//TAMSULOSINA",""
"","B-3078/25","Negma solución inyectable 6 mg/0,6 mL (pegfilgrastim)","2/20/2025","INSTITUTO SANITAS S.A.","Pegfilgrastim",""
"","F-27753/23","NEGPEM LIOFILIZADO PARA SOLUCIÓN INYECTABLE 1 g (ERTAPENEM)","8/17/2023","LIBRA CHILE S.A.","ERTAPENEM",""
"","F-16473/22","NEO-ALLEDRYL COMPRIMIDOS RECUBIERTOS 5 mg","11/7/2007","LABORATORIOS PRATER S.A.","DESLORATADINA",""
"","F-23439/22","NEO-ALLEDRYL D COMPRIMIDOS DE LIBERACIÓN PROLONGADA","5/4/2017","LABORATORIOS PRATER S.A.","DESLORATADINA//PSEUDOEFEDRINA",""
"","F-15537/21","NEO-ALLEDRYL JARABE 2,5 mg/5 mL","5/26/2006","LABORATORIOS PRATER S.A.","DESLORATADINA",""
"","F-14077/24","NEOALERTOP COMPRIMIDOS RECUBIERTOS 5 mg","8/27/2004","LABORATORIO CHILE S.A.","LEVOCETIRIZINA",""
"","F-15932/22","NEOALERTOP SOLUCIÓN ORAL 2,5 mg/5 mL (LEVOCETIRIZINA DICLORHIDRATO)","2/9/2007","LABORATORIO CHILE S.A.","LEVOCETIRIZINA",""
"","F-18158/25","NEOALERTOP SOLUCIÓN ORAL PARA GOTAS 5 mg/mL","7/20/2010","LABORATORIO CHILE S.A.","LEVOCETIRIZINA",""
"","F-14378/24","NEOHYSTICLAR COMPRIMIDOS RECUBIERTOS 5 mg (DESLORATADINA)","12/22/2004","MINTLAB Co. S.A.","DESLORATADINA",""
"","F-14380/24","NEOHYSTICLAR SOLUCIÓN ORAL 2,5 mg/5 mL (DESLORATADINA)","12/22/2004","MINTLAB Co. S.A.","DESLORATADINA",""
"","F-15836/21","NEOPRESOL COMPRIMIDOS RECUBIERTOS 10 mg","12/18/2006","LABORATORIO BAGÓ DE CHILE S.A.","ESCITALOPRAM",""
"","F-21888/25","NEOQUIN FORTE CREMA TOPICA 4% (HIDROQUINONA)","6/3/2015 2:10","LABORATORIO D & M PHARMA LTDA.","HIDROQUINONA",""
"","F-22910/21","NEORAXIS CÁPSULAS 5 mg (TACROLIMUS)","7/28/2016","LABORATORIOS RECALCINE S.A.","TACROLIMUS",""
"","F-6168/25","NEOSTIGMINA METILSULFATO SOLUCIÓN INYECTABLE 0,5 mg/1 mL","7/30/1984 2:10","LABORATORIO SANDERSON SpA","NEOSTIGMINA",""
"","F-3360/25","NEOSTIGMINA METILSULFATO SOLUCIÓN INYECTABLE 0,5 mg/mL","4/17/2000","LABORATORIO BIOSANO S.A.","NEOSTIGMINA",""
"","F-25448/25","Neostigmina metilsulfato solución inyectable 5mg/10 mL","5/27/2020","SEVEN PHARMA CHILE S.p.A.","NEOSTIGMINA",""
"","F-20964/24","NEOZENTIUS 10 COMPRIMIDOS RECUBIERTOS 10 mg","3/19/2014","MEGALABS CHILE S.A.","Escitalopram",""
"","F-28638/24","NEOZENTIUS 10 COMPRIMIDOS RECUBIERTOS 10 mg","12/10/2024","MEGALABS CHILE S.A.","ESCITALOPRAM",""
"","F-20790/24","NEOZENTIUS 20 COMPRIMIDOS RECUBIERTOS 20 mg","1/20/2014","MEGALABS CHILE S.A.","ESCITALOPRAM",""
"","F-28478/24","NEOZENTIUS 20 COMPRIMIDOS RECUBIERTOS 20 mg (ESCITALOPRAM)","9/11/2024","MEGALABS CHILE S.A.","ESCITALOPRAM",""
"","B-2987/23","NEPEXTO SOLUCIÓN INYECTABLE 50 mg/1 mL (ETANERCEPT)","8/4/2023","PHARMARIS CHILE S.p.A.","ETANERCEPT",""
"","F-27342/23","NEPOKARE COMPRIMIDOS RECUBIERTOS 10 mg (DONEPEZILO CLORHIDRATO)","2/15/2023","DR. REDDYS LABORATORIES CHILE S.p.A.","DONEPEZILO",""
"","F-27343/23","NEPOKARE COMPRIMIDOS RECUBIERTOS 5 mg (DONEPEZILO CLORHIDRATO)","2/15/2023","DR. REDDYS LABORATORIES CHILE S.p.A.","DONEPEZILO",""
"","F-11415/21","NERATOL CÁPSULAS 3 mg","3/26/1997","FLAVIA WOLOSZYN Y CIA. LTDA. (GREEN MEDICAL LABORATORIOS)","MELATONINA",""
"","F-25366/25","NERLYNX COMPRIMIDOS RECUBIERTOS 40 mg (NERATINIB)","4/28/2020","LABORATORIOS PINT-PHARMA CHILE S.p.A.","NERATINIB",""
"","F-12491/22","NERVIX COMPRIMIDOS RECUBIERTOS 75 mg","11/20/2002","LABORATORIO BAGÓ DE CHILE S.A.","VENLAFAXINA",""
"","F-25509/25","NERVOTON JARABE","6/25/2020","DROGUERÍA FARMOQUÍMICA DEL PACÍFICO S.p.A.","CIANOCOBALAMINA//NICOTINAMIDA//PIRIDOXINA//RIBOFLAVINA//TIAMINA",""
"","F-26110/21","NESTAFAR SOLUCIÓN CONCENTRADA PARA PERFUSIÓN 20 mg/1 mL (DOCETAXEL)","4/27/2021","PHARMATECH CHILE S.p.A.","DOCETAXEL",""
"","F-26281/21","NESTAFAR SOLUCIÓN CONCENTRADA PARA PERFUSIÓN 80 mg/4 mL (DOCETAXEL)","7/26/2021","PHARMATECH CHILE S.p.A.","DOCETAXEL",""
"","F-8749/21","NETAF COMPRIMIDOS RECUBIERTOS 10 mg","3/5/1992","CHEMOPHARMA S.A.","KETOROLACO TROMETAMOL",""
"","B-3058/24","NETIRA SOLUCIÓN OFTÁLMICA 0,3% (NETILMICINA)","12/4/2024","GADOR LTDA.","NETILMICINA",""
"","B-3077/25","NEUCYTE solución inyectable 6 mg/0,6 mL (pegfilgrastim)","2/20/2025","INSTITUTO SANITAS S.A.","PEGFILGRASTIM",""
"","B-2642/21","NEULASTIM RECOMBINANTE SOLUCIÓN INYECTABLE 6 mg/0,6 mL (PEGFILGRASTIM)","9/2/2016","TECNOFARMA S.A.","PEGFILGRASTIM",""
"","B-2650/21","NEUPOGEN RECOMBINANTE SOLUCIÓN INYECTABLE 30 MU/1 mL (FILGRASTIM)","9/24/2016","TECNOFARMA S.A.","FILGRASTIM",""
"","B-2649/21","NEUPOGEN RECOMBINANTE SOLUCIÓN INYECTABLE 30 MU/0,5 mL, JERINGA PRELLENA (FILGRASTIM)","9/24/2016","TECNOFARMA S.A.","FILGRASTIM",""
"","F-17422/24","NEUPRO PARCHE TRANSDÉRMICO 4 mg/24 Horas","3/24/2009","LABORATORIO BIOPAS S.A.","ROTIGOTINA",""
"","F-17423/24","NEUPRO PARCHE TRANSDÉRMICO 6 mg/24 Horas","3/24/2009","LABORATORIO BIOPAS S.A.","ROTIGOTINA",""
"","F-17424/24","NEUPRO PARCHE TRANSDÉRMICO 8 mg/ 24 Horas","3/24/2009","LABORATORIO BIOPAS S.A.","ROTIGOTINA",""
"","F-21286/24","NEUROBION DC 10.000 SOLUCIÓN INYECTABLE","7/29/2014","PROCTER & GAMBLE CHILE LTDA.","CIANOCOBALAMINA//PIRIDOXINA//TIAMINA",""
"","F-11105/21","NEUROCAM COMPRIMIDOS RECUBIERTOS","11/13/1991","LABORATORIOS LAFI LTDA.","CIANOCOBALAMINA//CLONIXINIO//PIRIDOXINA//TIAMINA",""
"","F-23432/22","NEUROPREG CÁPSULAS 75 mg (PREGABALINA)","4/20/2017","INDOPHARMA S.A.","PREGABALINA",""
"","F-26870/22","NEUROSTAB CÁPSULAS CON GRÁNULOS CON RECUBRIMIENTO ENTÉRICO 60 mg (DULOXETINA)","6/28/2022","MINTLAB Co. S.A.","DULOXETINA",""
"","F-18952/21","NEURUM CÁPSULAS 50 mg (PREGABALINA)","10/11/2011","LABORATORIOS SAVAL S.A.","PREGABALINA",""
"","F-24560/24","NEURUM COMPRIMIDOS 150 mg","1/15/2019","LABORATORIOS SAVAL S.A.","PREGABALINA",""
"","F-24558/24","NEURUM COMPRIMIDOS 75 mg ","1/15/2019","LABORATORIOS SAVAL S.A.","PREGABALINA",""
"","F-27299/23","NEVANAC SUSPENSIÓN OFTÁLMICA 0,1% (NEPAFENACO)","1/24/2023","NOVARTIS CHILE S.A.","NEPAFENACO",""
"","F-24640/24","NEVINEX 150 CÁPSULAS 150 mg (PREGABALINA)","2/12/2019","OPKO CHILE S.A.","PREGABALINA",""
"","F-24636/24","NEVINEX 75 CÁPSULAS 75 mg (PREGABALINA)","2/12/2019","OPKO CHILE S.A.","PREGABALINA",""
"","F-24776/24","NEVOBI COMPRIMIDOS 5 mg","4/12/2019","SEVEN PHARMA CHILE S.p.A.","NEBIVOLOL",""
"","F-25064/24","NEWCAINA 2%, LIDOCAINA CLORHIDRATO CON EPINEFRINA 1:100.000, SOLUCIÓN INYECTABLE","10/4/2019","BUHOS SOCIEDAD COMERCIAL INDUSTRIAL LTDA.","EPINEFRINA//LIDOCAINA",""
"","F-28024/24","NEXAVAR COMPRIMIDOS RECUBIERTOS 200 mg (SORAFENI)","1/4/2024","BAYER S.A.","SORAFENIB",""
"","F-22659/21","NEXIUM COMPRIMIDOS CON RECUBRIMIENTO ENTÉRICO 20 mg","5/10/2016","ASTRAZENECA S.A.","ESOMEPRAZOL",""
"","F-22660/21","NEXIUM COMPRIMIDOS CON RECUBRIMIENTO ENTÉRICO 40 mg","5/10/2016","ASTRAZENECA S.A.","ESOMEPRAZOL",""
"","F-21315/24","NEXIUM GRÁNULOS CON RECUBRIMIENTO ENTÉRICO PARA SUSPENSIÓN ORAL 10 mg, EN SOBRES","8/13/2014","ASTRAZENECA S.A.","ESOMEPRAZOL",""
"","F-14628/25","NEXIUM POLVO LIOFILIZADO PARA SOLUCIÓN INYECTABLE 40 mg","3/9/2005","ASTRAZENECA S.A.","ESOMEPRAZOL",""
"","B-3184/25","NEXVIAZYME POLVO CONCENTRADO PARA SOLUCIÓN PARA PERFUSIÓN 100 mg (AVALGLUCOSIDASA ALFA)","1/6/2026","SANOFI-AVENTIS DE CHILE S.A.","AVALGLUCOSIDASA ALFA",""
"","F-23374/22","NEZEL XR CÁPSULAS CON GRÁNULOS RECUBIERTOS DE LIBERACIÓN PROLONGADA 75 mg (VENLAFAXINA)","3/14/2017","MINTLAB Co. S.A.","VENLAFAXINA",""
"","F-22603/21","NEZEL XR CÁPSULAS CON MICROGRÁNULOS DE LIBERACIÓN PROLONGADA 150 mg (VENLAFAXINA)","4/20/2016","MINTLAB Co. S.A.","VENLAFAXINA",""
"","F-25734/25","NIBCLUS COMPRIMIDOS RECUBIERTOS 15 mg (PONATINIB)","10/14/2020","VARIFARMA CHILE S.p.A.","PONATINIB",""
"","F-25733/25","NIBCLUS COMPRIMIDOS RECUBIERTOS 45 mg (PONATINIB)","10/14/2020","VARIFARMA CHILE S.p.A.","PONATINIB",""
"","F-28364/24","NIBISNU LIOFILIZADO PARA SOLUCIÓN INYECTABLE 100 mg CON SOLVENTE (CARMUSTINA)","7/9/2024","DR. REDDYS LABORATORIES CHILE S.p.A.","Carmustina",""
"","F-25777/25","NIBITIK CÁPSULAS 140 mg (IBRUTINIB)","11/9/2020","VARIFARMA CHILE S.p.A.","IBRUTINIB",""
"","F-3993/25","NICERGOLINA COMPRIMIDOS RECUBIERTOS 15 mg","4/9/1987","LABORATORIO CHILE S.A.","NICERGOLINA",""
"","F-24798/24","NICOL COMPRIMIDOS RECUBIERTOS","4/26/2019","LABORATORIOS SAVAL S.A.","DIENOGEST//ETINILESTRADIOL",""
"","F-17463/24","NICORETTE FRESHMINT GOMA MASTICABLE 2 mg","4/15/2009","JOHNSON & JOHNSON PERSONAL CARE CHILE S.A.","NICOTINA",""
"","F-17464/24","NICORETTE FRESHMINT GOMA MASTICABLE 4 MG","5/4/2009","JOHNSON & JOHNSON PERSONAL CARE CHILE S.A.","NICOTINA",""
"","F-27458/23","NILOTINIB CÁPSULAS 150 mg","4/17/2023 0:00","SEVEN PHARMA CHILE S.p.A.","NILOTINIB",""
"","F-27459/23","NILOTINIB CÁPSULAS 200 mg","4/17/2023","SEVEN PHARMA CHILE S.p.A.","NILOTINIB",""
"","F-26624/22","NIMBEX SOLUCIÓN INYECTABLE 20 mg/10 mL (CISATRACURIO BESILATO)","2/7/2022","ASPEN CHILE S.A.","CISATRACURIO BESILATO",""
"","F-98/22","NIMBEX SOLUCIÓN INYECTABLE 20 mg/10 mL (CISATRACURIO BESILATO)","7/16/1997","ASPEN CHILE S.A.","CISATRACURIO BESILATO",""
"","F-24822/24","NIMOTOP SOLUCIÓN INYECTABLE 10 mg/50 mL (NIMODIPINO)","5/7/2019","BAYER S.A.","NIMODIPINO",""
"","F-5622/25","NIMUS RETARD COMPRIMIDOS DE LIBERACIÓN PROLONGADA 400 mg","7/21/1988 2:10","TECNOFARMA S.A.","BEZAFIBRATO",""
"","F-26291/21","NINLARO CÁPSULAS 4 mg (IXAZOMIB)","8/2/2021","TAKEDA CHILE S.p.A.","IXAZOMIB",""
"","F-16133/22","NIOFEN COLD HBP COMPRIMIDOS RECUBIERTOS","5/31/2007","LABORATORIOS RECALCINE S.A.","CLORFENAMINA//IBUPROFENO",""
"","F-19133/21","NIOFEN COLD HBP SUSPENSIÓN ORAL","12/14/2011","LABORATORIOS RECALCINE S.A.","CLORFENAMINA//IBUPROFENO",""
"","F-12283/22","NIOFEN FLU COMPRIMIDOS RECUBIERTOS (IBUPROFENO/PSEUDOEFEDRINA CLORHIDRATO)","8/2/2002","LABORATORIOS RECALCINE S.A.","IBUPROFENO//PSEUDOEFEDRINA",""
"","F-15705/21","NIOFEN FLU FORTE CÁPSULAS BLANDAS","9/14/2006","LABORATORIOS RECALCINE S.A.","IBUPROFENO//PSEUDOEFEDRINA",""
"","F-12282/22","NIOFEN FLU FORTE COMPRIMIDOS RECUBIERTOS (PSEUDOEFEDRINA CLORHIDRATO / IBUPROFENO)","8/2/2002","LABORATORIOS RECALCINE S.A.","IBUPROFENO//PSEUDOEFEDRINA",""
"","F-19456/22","NIOFEN FLU PM FORTE COMPRIMIDOS RECUBIERTOS","6/4/2012","LABORATORIOS RECALCINE S.A.","CLORFENAMINA//IBUPROFENO//PSEUDOEFEDRINA",""
"","F-12285/22","NIOFEN FLU SUSPENSIÓN ORAL(IBUPROFENO/PSEUDOFEDRINACLORHIDRATO)","8/2/2002","LABORATORIOS RECALCINE S.A.","IBUPROFENO//PSEUDOEFEDRINA",""
"","F-19420/22","NIOFEN NEO 200/10 COMPRIMIDOS RECUBIERTOS","5/15/2012","LABORATORIOS RECALCINE S.A.","FENILEFRINA//IBUPROFENO",""
"","F-19074/21","NIOFEN NEO COMPRIMIDOS RECUBIERTOS","11/13/2011","LABORATORIOS RECALCINE S.A.","FENILEFRINA//IBUPROFENO",""
"","F-19109/21","NIOFEN NEO SUSPENSIÓN ORAL","11/23/2011","LABORATORIOS RECALCINE S.A.","FENILEFRINA//IBUPROFENO",""
"","F-13441/23","NIPOLEN COMPRIMIDOS 4 mg","12/31/2003","MINTLAB Co. S.A.","CLORFENAMINA",""
"","F-12167/22","NIPOLEN JARABE 2,5 mg/5 mL (CLORFENAMINA)","6/7/2002","MINTLAB Co. S.A.","CLORFENAMINA",""
"","F-26163/21","NIRFOL EMULSIÓN INYECTABLE 10 mg/mL (PROPOFOL) ","5/17/2021","COMERCIAL APOTECARE S.p.A.","PROPOFOL",""
"","F-26178/21","NIRMET SOLUCIÓN INYECTABLE 500 mg/ 100 mL (METRONIDAZOL)","5/27/2021","COMERCIAL APOTECARE S.p.A.","METRONIDAZOL",""
"","B-2980/23","NISTAGLÓS NF UNGÜENTO TÓPICO","6/12/2023","LABORATORIOS ANDRÓMACO S.A.","NISTATINA//ZINC OXIDO",""
"","B-815/25","NISTATINA - METRONIDAZOL ÓVULOS VAGINALES","6/1/1987","LABORATORIO CHILE S.A.","METRONIDAZOL//NISTATINA",""
"","B-814/25","NISTATINA ÓVULOS VAGINALES 100.000 U.I.","3/10/1981","LABORATORIO CHILE S.A.","NISTATINA",""
"","B-3004/24","NISTATINA SUSPENSIÓN ORAL 100.000 UI/mL","1/27/2004","BPH S.A.","NISTATINA",""
"","B-1031/21","NISTATINA UNGÜENTO DÉRMICO 100.000 U.I./g","4/25/2001","MINTLAB Co. S.A.","NISTATINA",""
"","B-315/23","NISTATINA UNGÜENTO DÉRMICO 100.000 U.I./g","8/27/1986","LABORATORIO CHILE S.A.","NISTATINA",""
"","B-2501/25","NISTATINA UNGUENTO TÓPICO 100.000 UI/g","4/16/2015","LABORATORIO HOSPIFARMA CHILE LTDA.","NISTATINA",""
"","F-16174/22","NITEXOL CÁPSULAS CON GRÁNULOS CON RECUBRIMIENTO ENTÉRICO 30 mg","7/19/2007","LABORATORIOS ANDRÓMACO S.A.","DULOXETINA",""
"","F-16173/22","NITEXOL CÁPSULAS CON GRÁNULOS CON RECUBRIMIENTO ENTÉRICO 60 mg (DULOXETINA)","7/19/2007","LABORATORIOS ANDRÓMACO S.A.","DULOXETINA",""
"","F-9594/21","NITRENDIPINO COMPRIMIDOS 20 mg","10/22/2001","SYNTHON CHILE LTDA.","NITRENDIPINO",""
"","F-9921/21","NITROFURANTOINA MACROCRISTALES CÁPSULAS 100 mg","5/26/1994 2:10","MINTLAB Co. S.A.","NITROFURANTOINA",""
"","F-3251/25","NITROGLICERINA SOLUCIÓN INYECTABLE 200 mcg/mL EN DEXTROSA AL 5%","4/13/2000 1:10","INDUSTRIAL Y COMERCIAL BAXTER DE CHILE LTDA.","NITROGLICERINA",""
"","F-10905/21","NITROGLICERINA SOLUCIÓN INYECTABLE 50 mg/10 mL.","12/28/1992","LABORATORIO SANDERSON SpA","NITROGLICERINA",""
"","F-26894/22","NITROPRUSIATO DE SODIO DIHIDRATO LIOFILIZADO PARA SOLUCIÓN INYECTABLE 50 mg, CON SOLVENTE","7/12/2022","CRISTALIA CHILE S.p.A.","NITROPRUSIATO",""
"","F-27779/23","NITROPRUSIATO DE SODIO DIHIDRATO SOLUCIÓN INYECTABLE 50 mg/2 mL","9/11/2023","LABVITALIS S.A.","NITROPRUSIATO",""
"","F-28291/24","NITROPRUSIATO DE SODIO SOLUCIÓN INYECTABLE CONCENTRADA PARA PERFUSIÓN 50 mg/2mL","5/13/2024","NEOETHICALS CHILE S.p.A.","NITROPRUSIATO",""
"","F-9007/21","NO-REF CÁPSULAS","4/27/1990","INSTITUTO SANITAS S.A.","CLORDIAZEPOXIDO//METOCLOPRAMIDA//SIMETICONA","Psicotrópico"
"","F-22824/21","NODOCIB CÁPSULAS 200 mg (CELECOXIB)","6/23/2016","LABORATORIO PASTEUR S.A.","CELECOXIB",""
"","F-18640/21","NODUTAX COMPRIMIDOS RECUBIERTOS 25 mg (EXEMESTANO)","5/13/2011","SYNTHON CHILE LTDA.","EXEMESTANO",""
"","F-22357/25","NOGESTA COMPRIMIDOS RECUBIERTOS 75 mcg (DESOGESTREL)","12/21/2015 2:10","LABORATORIO CHILE S.A.","DESOGESTREL",""
"","F-27823/23","NOGLUCET COMPRIMIDOS RECUBIERTOS 100 mg","9/13/2023","EXELTIS CHILE S.p.A.","SITAGLIPTINA",""
"","F-27406/23","NOGLUCET MET 50/1000 COMPRIMIDOS RECUBIERTOS","3/29/2023","EXELTIS CHILE S.p.A.","METFORMINA//SITAGLIPTINA",""
"","F-27407/23","NOGLUCET MET 50/850 COMPRIMIDOS RECUBIERTOS","3/29/2023","EXELTIS CHILE S.p.A.","METFORMINA//SITAGLIPTINA",""
"","N-112/21","NOKATAR COMPRIMIDOS RECUBIERTOS 40 mg","12/19/1996","LABORATORIOS PRATER S.A.","Ginkgo Biloba Extracto",""
"","F-21893/25","NOLVADEX - D COMPRIMIDOS RECUBIERTOS 20 mg","6/3/2015 2:10","ASTRAZENECA S.A.","TAMOXIFENO",""
"","F-18218/25","NONTOX SOLUCIÓN ORAL 60 mg/10 mL","8/31/2010","LABORATORIOS RECALCINE S.A.","LEVODROPROPIZINA",""
"","F-18530/21","NONTOX SOLUCIÓN PARA GOTAS ORALES 60 mg/mL","3/7/2011","LABORATORIOS RECALCINE S.A.","LEVODROPROPIZINA",""
"","F-20978/24","NORAH COMPRIMIDOS RECUBIERTOS","3/26/2014","LABORATORIO CHILE S.A.","DIENOGEST//ETINILESTRADIOL",""
"","F-24287/23","NORAH COMPRIMIDOS RECUBIERTOS","11/7/2018","LABORATORIO CHILE S.A.","DIENOGEST//ETINILESTRADIOL",""
"","F-385/23","NORDOX COMPRIMIDOS RECUBIERTOS 200 mg (FENAZOPIRIDINA CLORHIDRATO)","2/27/1998","TECNOFARMA S.A.","FENAZOPIRIDINA",""
"","F-27993/23","NOREPINEFRINA SOLUCIÓN INYECTABLE 4 mg/ 4 mL","12/19/2023","FRESENIUS KABI CHILE LTDA.","NOREPINEFRINA",""
"","F-28254/24","NOREPINEFRINA SOLUCIÓN INYECTABLE 4 mg/4 mL","4/23/2024","NEOETHICALS CHILE S.p.A.","NOREPINEFRINA",""
"","F-24669/24","NOREPINEFRINA SOLUCIÓN INYECTABLE 4 mg/4 mL","2/22/2019","GADOR LTDA.","NOREPINEFRINA",""
"","F-26691/22","NORETIS COMPRIMIDOS 16 mg (BETAHISTINA DICLORHIDRATO)","3/21/2022","FAES FARMA CHILE, SALUD Y NUTRICIÓN SpA","BETAHISTINA",""
"","F-25643/25","NORETISTERONA ENANTATO/ ESTRADIOL VALERATO 50/5 SOLUCIÓN INYECTABLE ","8/19/2020","BPH S.A.","ESTRADIOL//NORETISTERONA",""
"","F-18586/21","NORMIX COMPRIMIDOS RECUBIERTOS 200 mg (RIFAXIMINA)","4/11/2011","LABORATORIOS ANDRÓMACO S.A.","RIFAXIMINA",""
"","F-26359/21","NORMOART XR COMPRIMIDOS DE LIBERACIÓN PROLONGADA 1000 mg (METFORMINA CLORHIDRATO)","8/24/2021","PINNACLE CHILE S.p.A.","METFORMINA",""
"","F-27627/23","NORMOART XR Comprimidos de liberación prolongada 500 mg (Metformina clorhidrato)","7/4/2023","PINNACLE CHILE S.p.A.","METFORMINA",""
"","F-27628/23","NORMOART XR COMPRIMIDOS DE LIBERACIÓN PROLONGADA 750 mg (METFORMINA CLORHIDRATO)","7/4/2023","PINNACLE CHILE S.p.A.","METFORMINA",""
"","F-21869/25","NORTIUM COMPRIMIDOS RECUBIERTOS 100 mg","5/22/2015","ASCEND LABORATORIES S.p.A.","QUETIAPINA",""
"","F-22917/21","NORTIUM COMPRIMIDOS RECUBIERTOS 200 mg","7/26/2016 2:10","ASCEND LABORATORIES S.p.A.","QUETIAPINA",""
"","F-21868/25","NORTIUM COMPRIMIDOS RECUBIERTOS 25 mg","5/22/2015","ASCEND LABORATORIES S.p.A.","QUETIAPINA",""
"","F-24039/23","NORTIUM XR COMPRIMIDOS RECUBIERTOS DE LIBERACIÓN PROLONGADA 300 mg (QUETIAPINA)","8/24/2018","ASCEND LABORATORIES S.p.A.","QUETIAPINA",""
"","F-24037/23","NORTIUM XR COMPRIMIDOS RECUBIERTOS DE LIBERACIÓN PROLONGADA 150 mg (QUETIAPINA) ","8/24/2018","ASCEND LABORATORIES S.p.A.","QUETIAPINA",""
"","F-24038/23","NORTIUM XR COMPRIMIDOS RECUBIERTOS DE LIBERACIÓN PROLONGADA 200 mg (QUETIAPINA)","8/24/2018","ASCEND LABORATORIES S.p.A.","QUETIAPINA",""
"","F-24673/24","NORTIUM XR COMPRIMIDOS RECUBIERTOS DE LIBERACIÓN PROLONGADA 50 mg (QUETIAPINA)","2/25/2019","ASCEND LABORATORIES S.p.A.","QUETIAPINA",""
"","F-11414/21","NORUBIT LIOFILIZADO PARA SOLUCIÓN INYECTABLE CON DISOLVENTE","3/6/1997","FLAVIA WOLOSZYN Y CIA. LTDA. (GREEN MEDICAL LABORATORIOS)","ACIDO ASCORBICO//ACIDO FOLICO//BIOTINA//CIANOCOBALAMINA//ERGOCALCIFEROL//NICOTINAMIDA//PANTENOL//PIRIDOXINA//RETINOL//RIBOFLAVINA//TIAMINA//TOCOFEROL",""
"","F-26320/21","NORVASC COMPRIMIDOS 10 mg","10/10/2021","ASPEN CHILE S.A.","AMLODIPINO",""
"","F-25434/25","NORVASC COMPRIMIDOS 5 mg (Amlodipino)","5/19/2020","ASPEN CHILE S.A.","AMLODIPINO",""
"","F-17304/23","NORVETAL 20 CD COMPRIMIDOS RECUBIERTOS","12/22/2008","LABORATORIOS LAFI LTDA.","ETINILESTRADIOL//LEVONORGESTREL",""
"","B-151/23","NORVETAL 20 COMPRIMIDOS RECUBIERTOS","9/4/1998","LABORATORIOS LAFI LTDA.","ETINILESTRADIOL//LEVONORGESTREL",""
"","F-2084/24","NOSPASMIN COMPUESTO SOLUCIÓN ORAL PARA GOTAS","9/20/1999","INSTITUTO SANITAS S.A.","METAMIZOL MAGNESICO//PARGEVERINA",""
"","F-2083/24","NOSPASMIN SOLUCIÓN ORAL PARA GOTAS 5 mg/mL","9/16/1999 1:10","INSTITUTO SANITAS S.A.","PARGEVERINA",""
"","F-12150/22","NOSTADEN COMPRIMIDOS RECUBIERTOS 10 mg (CICLOBENZAPRINA)","6/3/2002","MINTLAB Co. S.A.","CICLOBENZAPRINA",""
"","F-17911/25","NOSTADEN COMPRIMIDOS RECUBIERTOS 5 mg","1/15/2010","MINTLAB Co. S.A.","CICLOBENZAPRINA",""
"","F-26629/22","NOTRIX COMPRIMIDOS RECUBIERTOS 30 mg (CINACALCET CLORHIDRATO)","2/9/2022","INSTITUTO SANITAS S.A.","CINACALCET",""
"","F-26630/22","NOTRIX COMPRIMIDOS RECUBIERTOS 60 mg (CINACALCET)","2/9/2022","INSTITUTO SANITAS S.A.","CINACALCET",""
"","F-27164/22","NOVACAREL SOLUCIÓN INYECTABLE 400 mg/ 4 mL (MESNA)","11/16/2022","PISA FARMACÉUTICA DE CHILE S.p.A.","MESNA",""
"","F-11537/21","NOVAFEM SUSPENSIÓN INYECTABLE","5/23/1996","LABORATORIOS SILESIA S.A.","ESTRADIOL//MEDROXIPROGESTERONA",""
"","F-14431/24","NOVAMOX COMPRIMIDOS DISPERSABLES 1 g (AMOXICILINA TRIHIDRATO COMPACTADA)","12/21/1999","LABORATORIO PASTEUR S.A.","AMOXICILINA",""
"","F-17635/24","NOVAMOX POLVO PARA SUSPENSIÓN ORAL 1000 mg/ 5 mL","7/1/2009","LABORATORIO PASTEUR S.A.","AMOXICILINA",""
"","F-9924/21","NOVAMOX POLVO PARA SUSPENSIÓN ORAL 250 mg/5 mL","11/28/1995","LABORATORIO PASTEUR S.A.","AMOXICILINA",""
"","F-9925/26","NOVAMOX POLVO PARA SUSPENSIÓN ORAL 500 mg/5 mL","1/11/1996 2:10","LABORATORIO PASTEUR S.A.","AMOXICILINA",""
"","B-2886/21","NOVOEIGHT LIOFILIZADO PARA SOLUCIÓN INYECTABLE 1000 UI CON SOLVENTE (FACTOR VIII DE COAGULACIÓN HUMANA (ADNr) (TUROCTOCOG ALFA))","6/4/2021","NOVO NORDISK FARMACÉUTICA LTDA.","Factor Viii De Coagulación Humana (Adnr) (Turoctocog Alfa)",""
"","B-2723/23","NOVOEIGHT LIOFILIZADO PARA SOLUCIÓN INYECTABLE 1000 UI CON SOLVENTE (FACTOR VIII DE COAGULACIÓN HUMANA (ADNr) (TUROCTOCOG ALFA))","10/24/2018","NOVO NORDISK FARMACÉUTICA LTDA.","Factor Viii De Coagulación Humana (Adnr) (Turoctocog Alfa)",""
"","B-2884/21","NOVOEIGHT LIOFILIZADO PARA SOLUCIÓN INYECTABLE 250 UI CON SOLVENTE (FACTOR VIII DE COAGULACIÓN HUMANA (ADNr) (TUROCTOCOG ALFA))","6/4/2021","NOVO NORDISK FARMACÉUTICA LTDA.","Factor Viii De Coagulación Humana (Adnr) (Turoctocog Alfa)",""
"","B-2722/23","NOVOEIGHT LIOFILIZADO PARA SOLUCIÓN INYECTABLE 500 UI CON SOLVENTE (FACTOR VIII DE COAGULACIÓN HUMANA (ADNr) (TUROCTOCOG ALFA))","10/24/2018","NOVO NORDISK FARMACÉUTICA LTDA.","Factor Viii De Coagulación Humana (Adnr) (Turoctocog Alfa)",""
"","B-2885/21","NOVOEIGHT LIOFILIZADO PARA SOLUCIÓN INYECTABLE 500 UI CON SOLVENTE (FACTOR VIII DE COAGULACIÓN HUMANA (ADNr) (TUROCTOCOG ALFA))","6/4/2021","NOVO NORDISK FARMACÉUTICA LTDA.","Factor Viii De Coagulación Humana (Adnr) (Turoctocog Alfa)",""
"","F-28324/24","NOVOLEX SOLUCION INYECTABLE EN JERINGA PRECARGADA 0,25 mg/0,5 mL (GANIRELIX)","6/17/2024","GEDEON RICHTER CHILE SPA","GANIRELIX",""
"","B-1897/25","NOVOMIX 30 RECOMBINANTE SUSPENSIÓN INYECTABLE 100 U/mL (INSULINA ASPARTA RECOMBINANTE BIFÁSICA)","9/1/2005","NOVO NORDISK FARMACÉUTICA LTDA.","INSULINA",""
"","F-25458/25","NOVOPRESSINA V SOLUCIÓN INYECTABLE 20 UI/1mL (VASOPRESINA)","6/4/2020","GADOR LTDA.","VASOPRESINA",""
"","B-2585/26","NOVORAPID SOLUCIÓN INYECTABLE 100 U/mL","1/15/2016","NOVO NORDISK FARMACÉUTICA LTDA.","INSULINA",""
"","B-2582/26","NOVORAPID SOLUCIÓN INYECTABLE 100 U/mL, PENFILL, FLEXPEN Y FLEXTOUCH CON 3 mL","1/15/2016","NOVO NORDISK FARMACÉUTICA LTDA.","INSULINA",""
"","B-2583/26","NOVORAPID SOLUCIÓN INYECTABLE 100 U/mL, PENFILL, FLEXPEN Y FLEXTOUCH CON 3 mL","1/15/2016","NOVO NORDISK FARMACÉUTICA LTDA.","INSULINA",""
"","B-2878/21","NOVOSEVEN RT MIXPRO liofilizado para solución inyectable 2 mg, con solvente (eptacog alfa (activado)) ","5/12/2021","NOVO NORDISK FARMACÉUTICA LTDA.","EPTACOG ALFA",""
"","F-10502/21","NOVOTHYRAL COMPRIMIDOS (LEVOTIROXINA/LIOTIRONINA)","10/30/1995","MERCK S.A.","LEVOTIROXINA SODICA//LIOTIRONINA",""
"","F-16688/23","NOXAFIL SUSPENSIÓN ORAL","3/5/2008","MERCK SHARP & DOHME CHILE LTDA.","POSACONAZOL",""
"","F-24941/24","NOXAP GAS PARA INHALACIÓN 800 ppm (Óxido nítrico)","7/12/2019","INDURA S.A.","OXIDO NITRICO",""
"","B-2259/22","NOXIPAR-20 SOLUCIÓN INYECTABLE 20 mg /0,2 mL","7/9/2012","LABORATORIO BIOSANO S.A.","ENOXAPARINA",""
"","B-2260/22","NOXIPAR-40 (ENOXAPARINA) SOLUCIÓN INYECTABLE 40 mg/0,4 mL","7/9/2012","LABORATORIO BIOSANO S.A.","ENOXAPARINA",""
"","B-2261/22","NOXIPAR-60 SOLUCIÓN INYECTABLE 60 mg/0,6 mL","7/9/2012","LABORATORIO BIOSANO S.A.","ENOXAPARINA",""
"","B-2262/22","NOXIPAR-80 SOLUCIÓN INYECTABLE 80 mg/0,8 mL","7/9/2012","LABORATORIO BIOSANO S.A.","ENOXAPARINA",""
"","B-2194/21","NPLATE POLVO PARA SOLUCIÓN PARA INYECTABLE 250 mcg (ROMIPLOSTIM)","8/18/2011","TECNOFARMA S.A.","ROMIPLOSTIM",""
"","F-27234/22","NUBEQA COMPRIMIDOS RECUBIERTOS 300 mg (DAROLUTAMIDA)","12/27/2022","BAYER S.A.","DAROLUTAMIDA",""
"","B-2620/21","NUCALA RECOMBINANTE LIOFILIZADO PARA SOLUCIÓN INYECTABLE 100 mg (MEPOLIZUMAB)","5/31/2016","GLAXOSMITHKLINE CHILE FARMACÉUTICA LTDA.","MEPOLIZUMAB",""
"","B-2989/23","NUCALA SOLUCIÓN INYECTABLE 100 mg/1 mL (MEPOLIZUMAB)","9/5/2023","GLAXOSMITHKLINE CHILE FARMACÉUTICA LTDA.","MEPOLIZUMAB",""
"","F-24577/24","NUCLOFAR SOLUCIÓN INYECTABLE 20 mg/20 mL (CLOFARABINA)","1/22/2019","MSN LABS CHILE S.p.A.","CLOFARABINA",""
"","F-15677/21","NUMENOR COMPRIMIDOS RECUBIERTOS 5 mg","9/8/2006","LABORATORIOS RECALCINE S.A.","NOMEGESTROL",""
"","B-1819/24","NUROX SOLUCIÓN INYECTABLE 20 mg/0,2 mL","9/1/2004","LABORATORIO CHILE S.A.","ENOXAPARINA",""
"","B-1820/24","NUROX SOLUCIÓN INYECTABLE 40 mg/0,4 mL","9/1/2004","LABORATORIO CHILE S.A.","ENOXAPARINA",""
"","B-1821/24","NUROX SOLUCIÓN INYECTABLE 60 mg/0,6 mL","9/1/2004","LABORATORIO CHILE S.A.","ENOXAPARINA",""
"","B-1822/24","NUROX SOLUCIÓN INYECTABLE 80 mg/0,8 mL","9/1/2004","LABORATORIO CHILE S.A.","ENOXAPARINA",""
"","F-27331/23","NURTEC ODT LIOFILIZADO ORAL 75 mg (RIMEGEPANT)","2/21/2023","PFIZER CHILE S.A.","RIMEGEPANT",""
"","F-4400/25","NUTRACORT LOCIÓN 1%","5/22/1987","GALDERMA CHILE LABORATORIOS LTDA.","HIDROCORTISONA",""
"","F-12683/22","NUTRIFLEX LIPID PERI EMULSIÓN INYECTABLE","12/30/2002","B. BRAUN MEDICAL SpA","ACEITE DE SOYA//ACIDO ASPARTICO//ACIDO GLUTAMICO//ALANINA//ARGININA//DEXTROSA//FENILALANINA//GLICEROL//GLICINA//HISTIDINA//ISOLEUCINA//LECITINA DE HUEVO//LEUCINA//LISINA//METIONINA//PROLINA//SERINA//SODIO OLEATO//TREONINA//TRIGLICERIDO//TRIPTOFANO//VALINA",""
"","F-19280/22","NUTRIFLEX OMEGA SPECIAL EMULSIÓN PARA INFUSIÓN","3/6/2012","B. BRAUN MEDICAL SpA","ACIDO ASPARTICO//ACIDO GLUTAMICO//ALANINA//ARGININA//CALCIO CLORURO//FENILALANINA//GLICINA//GLUCOSA//HISTIDINA//ISOLEUCINA//LEUCINA//LISINA//MAGNESIO ACETATO//METIONINA//POTASIO ACETATO//PROLINA//SERINA//SODIO ACETATO//SODIO CLORURO//SODIO FOSFATO//SODIO HIDROXIDO//TREONINA//TRIPTOFANO//VALINA//ZINC ACETATO",""
"","B-130/23","NUTRIFLEX PERI SOLUCIÓN PARENTERAL DE AMINOÁCIDOS Y GLUCOSA (40/80) CON ELECTROLITOS","7/22/1998","B. BRAUN MEDICAL SpA","ACIDO CITRICO//CALCIO CLORURO//GLUCOSA//SODIO CLORURO",""
"","B-127/23","NUTRIFLEX PLUS SOLUCIÓN PARA NUTRICIÓN PARENTERAL DE AMINOÁCIDOS Y GLUCOSA (48/150) CON ELECTROLITOS","7/22/1998","B. BRAUN MEDICAL SpA","ACIDO CITRICO//CALCIO CLORURO//GLUCOSA",""
"","F-13186/23","NUVARING ANILLO VAGINAL","10/6/2003","ORGANON CHILE S.p.A.","ETINILESTRADIOL//ETONOGESTREL",""
"","B-2533/25","NUWIQ RECOMBINANTE LIOFILIZADO PARA SOLUCIÓN INYECTABLE 1000 U.I., CON SOLVENTE (FACTOR VIII DE COAGULACION HUMANO RECOMBINANTE)","9/3/2015","LABORATORIO BAGÓ DE CHILE S.A.","SIMOCTOCOG ALFA",""
"","B-2532/25","NUWIQ RECOMBINANTE LIOFILIZADO PARA SOLUCIÓN INYECTABLE 500 U.I., CON SOLVENTE (FACTOR VIII DE COAGULACION HUMANO RECOMBINANTE)","9/3/2015","LABORATORIO BAGÓ DE CHILE S.A.","SIMOCTOCOG ALFA",""
"","F-28511/24","NYRIN COMPRIMIDOS 40 mg (TELMISARTAN)","10/9/2024","MINTLAB Co. S.A.","TELMISARTAN",""
"","F-16794/23","NYSKIN CREMA DÉRMICA 0,1%","5/2/2008","LABORATORIOS SAVAL S.A.","ADAPALENO",""
"","F-16681/23","NYSKIN GEL DÉRMICO 0,1 %","1/29/2008","LABORATORIOS SAVAL S.A.","ADAPALENO",""
"","F-17919/25","NYSKIN GEL DÉRMICO 0,3 %","1/15/2010","LABORATORIOS SAVAL S.A.","ADAPALENO",""
"","F-27055/22","NYVEM COMPRIMIDOS CON RECUBRIMIENTO ENTÉRICO","9/26/2022","MEGALABS CHILE S.A.","DOXILAMINA//PIRIDOXINA",""
"","F-3513/25","OBLAX A-1-1 COMPRIMIDOS","10/23/1986","KNOP LABORATORIOS S.A.","FENOLFTALEINA",""
"","B-2693/23","OCREVUS CONCENTRADO PARA SOLUCIÓN PARA PERFUSIÓN 300 mg/10 mL (OCRELIZUMAB)","3/21/2018","ROCHE CHILE LTDA.","OCRELIZUMAB",""
"","B-2995/23","OCTAGAM (INMUNOGLOBULINA HUMANA) SOLUCIÓN INYECTABLE 50 mg/mL","8/29/2023","LABORATORIO BAGÓ DE CHILE S.A.","INMUNOGLOBULINA HUMANA",""
"","B-612/24","OCTAGAM (INMUNOGLOBULINA HUMANA) SOLUCIÓN INYECTABLE 50 mg/mL","12/16/1999","LABORATORIO BAGÓ DE CHILE S.A.","INMUNOGLOBULINA HUMANA",""
"","B-2463/25","OCTAGAM 10 SOLUCIÓN INYECTABLE 100 mg/mL","2/26/2015","LABORATORIO BAGÓ DE CHILE S.A.","INMUNOGLOBULINA HUMANA",""
"","B-2253/22","OCTAGAM SOLUCIÓN INYECTABLE 100 mg/mL","5/15/2012","LABORATORIO BAGÓ DE CHILE S.A.","INMUNOGLOBULINA HUMANA",""
"","B-2466/25","OCTANATE 1000 LIOFILIZADO PARA SOLUCIÓN INYECTABLE 1.000 U.I. CON SOLVENTE","2/27/2015","LABORATORIO BAGÓ DE CHILE S.A.","Factor Von Willebrand;Factor VIII De Coagulación Humano",""
"","B-791/25","OCTANATE 1000 LIOFILIZADO PARA SOLUCIÓN INYECTABLE 1.000 U.I. CON SOLVENTE","6/28/2000","LABORATORIO BAGÓ DE CHILE S.A.","",""
"","B-442/24","OCTANATE LIOFILIZADO PARA SOLUCIÓN INYECTABLE 250 U.I., CON SOLVENTE","9/24/1999","LABORATORIO BAGÓ DE CHILE S.A.","FACTOR DE VON WILLEBRAND//FACTOR VIII DE COAGULACION HUMANO",""
"","B-2467/25","OCTANATE LIOFILIZADO PARA SOLUCIÓN INYECTABLE 250 U.I., CON SOLVENTE","2/27/2015","LABORATORIO BAGÓ DE CHILE S.A.","FACTOR DE VON WILLEBRAND//FACTOR VIII DE COAGULACION HUMANO",""
"","B-2468/25","OCTANATE LIOFILIZADO PARA SOLUCIÓN INYECTABLE 500 U.I., CON SOLVENTE","3/2/2015","LABORATORIO BAGÓ DE CHILE S.A.","FACTOR DE VON WILLEBRAND//FACTOR VIII DE COAGULACION HUMANO",""
"","B-441/24","OCTANATE LIOFILIZADO PARA SOLUCIÓN INYECTABLE 500 U.I., CON SOLVENTE","9/24/1999","LABORATORIO BAGÓ DE CHILE S.A.","",""
"","B-1342/21","OCTANINE F 1000 (FACTOR IX COMPLEJO HUMANO), LIOFILIZADO PARA SOLUCIÓN INYECTABLE 1000 U.I. CON SOLVENTE","10/30/2001","LABORATORIO BAGÓ DE CHILE S.A.","FACTOR IX DE COAGULACIÓN HUMANO",""
"","B-2469/25","OCTANINE F 1000 LIOFILIZADO PARA SOLUCIÓN INYECTABLE 1000 U.I. CON SOLVENTE","3/2/2015","LABORATORIO BAGÓ DE CHILE S.A.","FACTOR IX DE COAGULACIÓN HUMANO",""
"","B-1340/21","OCTANINE F 500 (FACTOR IX COMPLEJO HUMANO), LIOFILIZADO PARA SOLUCIÓN INYECTABLE 500 U.I. CON SOLVENTE","10/30/2001","LABORATORIO BAGÓ DE CHILE S.A.","FACTOR IX DE COAGULACIÓN HUMANO",""
"","B-2470/25","OCTANINE F 500 LIOFILIZADO PARA SOLUCIÓN INYECTABLE 500 U.I. CON SOLVENTE","3/2/2015","LABORATORIO BAGÓ DE CHILE S.A.","FACTOR IX DE COAGULACIÓN HUMANO",""
"","B-2960/22","OCTAPLEX 1000 LIOFILIZADO PARA SOLUCIÓN INYECTABLE, CON SOLVENTE (COMPLEJO DE PROTOMBINA HUMANO)","12/14/2022","LABORATORIO BAGÓ DE CHILE S.A.","FACTOR II DE LA COAGULACIÓN HUMANO;FACTOR IX DE COAGULACIÓN HUMANO;FACTOR VII DE LA COAGULACIÓN HUMANO;FACTOR X DE LA COAGULACIÓN HUMANO;PROTEINA C;PROTEINA S",""
"","B-2202/21","OCTAPLEX 500 (FACTOR II/FACTOR VII/FACTOR IX/FACTOR X DE LA COAGULACION HUMANO,PROTEINA C,PROTEINA S), LIOFILIZADO PARA SOLUCIÓN INYECTABLE, CON SOLVENTE","10/22/2011","LABORATORIO BAGÓ DE CHILE S.A.","",""
"","B-2471/25","OCTAPLEX 500 LIOFILIZADO PARA SOLUCIÓN INYECTABLE, CON SOLVENTE","3/2/2015","LABORATORIO BAGÓ DE CHILE S.A.","Factor Ix De La Coagulación Humano;Factor Ii De La Coagulación Humano;Factor Vii De La Coagulación Humano;Factor X De La Coagulación Humano;Proteina C;Proteina S",""
"","F-16062/22","OCTOCAINE 100 SOLUCIÓN INYECTABLE PARA USO DENTAL","4/25/2007","SOCIEDAD IMPORTADORA DENTAL S.A. ""SIDENTAL""","EPINEFRINA//LIDOCAINA",""
"","F-21975/25","OCTOSTIM SOLUCIÓN INYECTABLE 15 mcg / 1 mL (DESMOPRESINA ACETATO TRIHIDRATO","7/3/2015","FERRING PRODUCTOS FARMACÉUTICOS SpA","DESMOPRESINA",""
"","F-27460/23","OCTREOTIDA SOLUCIÓN INYECTABLE 0,1 mg/ 1 mL","4/18/2023","DIFEM LABORATORIOS S.A.","OCTEOTRIDA",""
"","F-24433/24","OCTREOTIDA SOLUCIÓN INYECTABLE 0,1 mg/ 1 mL ","1/22/2019","DIFEM LABORATORIOS S.A.","OCTREOTIDA",""
"","F-26377/21","OCTREOTIDA SOLUCIÓN INYECTABLE 0,1 mg/1 mL","9/7/2021","NEOETHICALS CHILE S.p.A.","OCTREOTIDA",""
"","F-24662/24","OCTREOTIDA SOLUCIÓN INYECTABLE 0,1 mg/mL","2/21/2019","BPH S.A.","OCTREOTIDA",""
"","F-23797/21","OCTRIN LAR (OCTREOTIDA ACETATO), MICROESFERAS PARA SUSPENSIÓN INYECTABLE 20 mg, CON SOLVENTE","11/10/2011","LIBRA CHILE S.A.","OCTREOTIDA",""
"","F-9066/21","OCULIX SOLUCIÓN OFTÁLMICA 0,5%","2/18/1991","INSTITUTO SANITAS S.A.","TIMOLOL",""
"","F-26762/22","OCUMIDRA SOLUCIÓN OFTÁLMICA 2,5% (FENILEFRINA CLORHIDRATO)","4/26/2022","PHARMATECH CHILE S.p.A.","FENILEFRINA",""
"","F-22921/21","ODANEX SOLUCIÓN INYECTABLE 4 mg/2 mL (ONDANSETRÓN)","7/27/2016","EUROLAB LTDA.","ONDANSETRON",""
"","F-22922/21","ODANEX SOLUCIÓN INYECTABLE 8 mg/4 mL (ONDANSETRON)","7/28/2016","EUROLAB LTDA.","ONDANSETRON",""
"","F-19705/22","ODATRON COMPRIMIDOS BUCODISPERSABLES 4 mg","12/3/2012","LABORATORIO PASTEUR S.A.","ONDANSETRON",""
"","F-19704/22","ODATRON COMPRIMIDOS BUCODISPERSABLES 8 mg","11/29/2012","LABORATORIO PASTEUR S.A.","ONDANSETRON",""
"","F-24703/24","ODATRON COMPRIMIDOS RECUBIERTOS 8 mg (Ondansetrón)","3/13/2019","LABORATORIO PASTEUR S.A.","ONDANSETRON",""
"","F-27491/23","ODATRON ODT COMPRIMIDOS BUCODISPERSABLES 4 mg","5/16/2023","LABORATORIO PASTEUR S.A.","ONDANSETRON",""
"","F-27534/23","ODATRON ODT COMPRIMIDOS BUCODISPERSABLES 8 mg (ONDANSETRON) ","5/23/2023","LABORATORIO PASTEUR S.A.","ONDANSETRON",""
"","F-22616/21","ODATRON SOLUCIÓN INYECTABLE 4 mg/ 2 mL (ONDANSETRON)","4/26/2016","LABORATORIO PASTEUR S.A.","ONDANSETRON",""
"","F-22615/21","ODATRON SOLUCIÓN INYECTABLE 8 mg/ 4 mL (ONDANSETRÓN)","4/26/2016","LABORATORIO PASTEUR S.A.","ONDANSETRON",""
"","F-23601/22","ODONTOCAINA NEW STETIC SOLUCIÓN INYECTABLE 3%","9/25/2017","BUHOS SOCIEDAD COMERCIAL INDUSTRIAL LTDA.","MEPIVACAINA",""
"","F-25076/24","ODONTOCAÍNA SOLUCIÓN INYECTABLE","10/15/2019","BUHOS SOCIEDAD COMERCIAL INDUSTRIAL LTDA.","EPINEFRINA//MEPIVACAINA",""
"","B-885/25","OFTABIÓTICO CON BACITRACINA UNGÜENTO OFTÁLMICO","6/27/1980","LABORATORIOS SAVAL S.A.","BACITRACINA//NEOMICINA//POLIMIXINA B",""
"","B-519/24","OFTABIOTICO CON GRAMICIDINA SOLUCIÓN OFTÁLMICA","6/23/1978","LABORATORIOS SAVAL S.A.","GRAMICIDINA//NEOMICINA//POLIMIXINA B",""
"","F-9584/21","OFTACON UNGÜENTO OFTÁLMICO 4%","2/1/1997","LABORATORIOS SAVAL S.A.","SODIO CROMOGLICATO",""
"","B-888/25","OFTAGEN SOLUCIÓN OFTÁLMICA 0,3%","7/24/1980","LABORATORIOS SAVAL S.A.","GENTAMICINA",""
"","B-889/25","OFTAGEN UNGÜENTO OFTÁLMICO 0,3%","7/24/1981","LABORATORIOS SAVAL S.A.","GENTAMICINA",""
"","B-2639/21","OFTAGLICOL SOLUCIÓN OFTÁLMICA 0,3% (GENTAMICINA)","7/18/2016","OPKO CHILE S.A.","GENTAMICINA",""
"","F-2555/24","OFTALER FORTE SOLUCIÓN OFTÁLMICA 0,05%","12/10/1999","LABORATORIOS SAVAL S.A.","KETOTIFENO",""
"","F-14977/25","OFTALER SOLUCIÓN OFTÁLMICA 0,025%","7/28/2005","LABORATORIOS SAVAL S.A.","KETOTIFENO",""
"","F-5540/25","OFTALIRIO SOLUCIÓN OFTÁLMICA","9/10/1985","LABORATORIOS SAVAL S.A.","ANTAZOLINA//NAFAZOLINA",""
"","F-9585/26","OFTAVIR UNGÜENTO OFTÁLMICO AL 3%","1/16/1990 2:10","LABORATORIOS SAVAL S.A.","ACICLOVIR",""
"","F-21932/25","OFTAVITA COMPRIMIDOS RECUBIERTOS","6/22/2015 2:10","LABORATORIOS SAVAL S.A.","ACIDO ASCORBICO//BETACAROTENO//COBRE GLICINATO//LUTEINA//MANGANESO GLICINATO//RIBOFLAVINA//SELENIO//TOCOFEROL//ZINC ACETATO",""
"","F-9586/21","OFTIC SOLUCIÓN OFTÁLMICA 1 mg/mL","5/3/1995","LABORATORIOS SAVAL S.A.","DICLOFENACO",""
"","F-21985/25","OLANVITAE COMPRIMIDOS RECUBIERTOS 10 mg (OLANZAPINA)","7/14/2015 2:10","GALENICUM HEALTH CHILE S.p.A.","OLANZAPINA",""
"","F-21980/25","OLANVITAE COMPRIMIDOS RECUBIERTOS 5 mg (OLANZAPINA)","7/9/2015 2:10","GALENICUM HEALTH CHILE S.p.A.","OLANZAPINA",""
"","F-27003/22","OLANZAPINA COMPRIMIDOS 10 mg","8/22/2022","EUROFARMA CHILE SpA","OLANZAPINA",""
"","F-26992/22","OLANZAPINA COMPRIMIDOS 10 mg","8/22/2022","EUROFARMA CHILE SpA","OLANZAPINA",""
"","F-26995/22","OLANZAPINA COMPRIMIDOS 5 mg","8/22/2022","EUROFARMA CHILE SpA","OLANZAPINA",""
"","F-24576/24","OLANZAPINA COMPRIMIDOS 5 mg","1/24/2019","EUROFARMA CHILE SpA","OLANZAPINA",""
"","F-22929/21","OLANZAPINA COMPRIMIDOS RECUBIERTOS 10 mg","7/28/2016","SEVEN PHARMA CHILE S.p.A.","OLANZAPINA",""
"","F-26002/21","OLANZAPINA COMPRIMIDOS RECUBIERTOS 10 mg","2/24/2021","LABORATORIO CELNOVA CHILE S.p.A.","OLANZAPINA",""
"","F-25879/25","OLANZAPINA COMPRIMIDOS RECUBIERTOS 10 mg","12/22/2020","PISA FARMACÉUTICA DE CHILE S.p.A.","OLANZAPINA",""
"","F-26004/21","OLANZAPINA COMPRIMIDOS RECUBIERTOS 5 mg","2/24/2021","LABORATORIO CELNOVA CHILE S.p.A.","OLANZAPINA",""
"","F-27844/23","OLANZAPINA LIOFILIZADO PARA SOLUCIÓN INYECTABLE 10 mg","9/25/2023","SEVEN PHARMA CHILE S.p.A.","OLANZAPINA",""
"","F-16439/22","OLANZYL COMPRIMIDOS RECUBIERTOS 10 mg (OLANZAPINA)","10/26/2007","AXON PHARMA S.p.A.","OLANZAPINA",""
"","F-16440/22","OLANZYL COMPRIMIDOS RECUBIERTOS 5 mg (OLANZAPINA)","10/26/2007","AXON PHARMA S.p.A.","OLANZAPINA",""
"","F-21638/25","OLEXAR COMPRIMIDOS RECUBIERTOS 10 mg","1/7/2015 1:10","INDOPHARMA S.A.","OLANZAPINA",""
"","F-21850/25","OLIMEL N9E EMULSIÓN INYECTABLE","5/11/2015 2:10","INDUSTRIAL Y COMERCIAL BAXTER DE CHILE LTDA.","ACEITE DE OLIVA//ACIDO ASPARTICO//ACIDO GLUTAMICO//ALANINA//ARGININA//CALCIO CLORURO//FENILALANINA//GLICINA//GLUCOSA//HISTIDINA//ISOLEUCINA//LEUCINA//LISINA//MAGNESIO CLORURO//METIONINA//POTASIO CLORURO//PROLINA//SERINA//SODIO ACETATO//SODIO GLICEROFOSFATO//TIROSINA//TREONINA//TRIPTOFANO//VALINA",""
"","F-25361/25","OLIVIN DB 10 COMPRIMIDOS BUCODISPERSABLES 10 mg (OLANZAPINA)","4/1/2020","MEGALABS CHILE S.A.","OLANZAPINA",""
"","F-25360/25","OLIVIN DB 5 COMPRIMIDOS BUCODISPERSABLES 5 mg (OLANZAPINA)","3/31/2020","MEGALABS CHILE S.A.","OLANZAPINA",""
"","F-24916/24","OLMECARD AM 40/10 COMPRIMIDOS RECUBIERTOS","6/28/2019","SEVEN PHARMA CHILE S.p.A.","AMLODIPINO//OLMESARTAN MEDOXOMILO",""
"","F-24493/23","OLMECARD COMPRIMIDOS 20 mg (OLMESARTAN MEDOXOMILO)","12/26/2018","SEVEN PHARMA CHILE S.p.A.","OLMESARTAN MEDOXOMILO",""
"","F-24492/23","OLMECARD COMPRIMIDOS RECUBIERTOS 40 mg","12/26/2018","SEVEN PHARMA CHILE S.p.A.","OLMESARTAN MEDOXOMILO",""
"","F-26998/22","OLMECARD D 20/12,5 COMPRIMIDOS RECUBIERTOS (OLMESARTÁN MEDOXOMILO / HIDROCLOROTIAZIDA)","8/19/2022","SEVEN PHARMA CHILE S.p.A.","HIDROCLOROTIAZIDA//OLMESARTAN MEDOXOMILO",""
"","F-26991/22","OLMECARD D 40/12,5 COMPRIMIDOS RECUBIERTOS (OLMESARTÁN MEDOXOMILO / HIDROCLOROTIAZIDA)","8/17/2022","SEVEN PHARMA CHILE S.p.A.","HIDROCLOROTIAZIDA//OLMESARTAN MEDOXOMILO",""
"","F-26997/22","OLMECARD D 40/25 COMPRIMIDOS RECUBIERTOS","8/18/2022","SEVEN PHARMA CHILE S.p.A.","HIDROCLOROTIAZIDA//OLMESARTAN MEDOXOMILO",""
"","F-22760/21","OLMEPRESS COMPRIMIDOS RECUBIERTOS 20 mg","6/9/2016","ASCEND LABORATORIES S.p.A.","OLMESARTAN MEDOXOMILO",""
"","F-22759/21","OLMEPRESS COMPRIMIDOS RECUBIERTOS 40 mg (OLMESARTAN)","6/9/2016","ASCEND LABORATORIES S.p.A.","OLMESARTAN MEDOXOMILO",""
"","F-22092/25","OLMEPRESS D 20/12,5 COMPRIMIDOS RECUBIERTOS","8/27/2015","ASCEND LABORATORIES S.p.A.","HIDROCLOROTIAZIDA//OLMESARTAN MEDOXOMILO",""
"","F-22094/25","OLMEPRESS D 40/12,5 COMPRIMIDOS RECUBIERTOS","8/27/2015","ASCEND LABORATORIES S.p.A.","HIDROCLOROTIAZIDA//OLMESARTAN MEDOXOMILO",""
"","F-28189/24","OLMESARTAN MEDOXOMILO COMPRIMIDOS RECUBIERTOS 20 mg","4/4/2024","ALEMBIC PHARMACEUTICALS S.p.A.","OLMESARTAN MEDOXOMILO",""
"","F-26010/21","OLMESARTAN MEDOXOMILO COMPRIMIDOS RECUBIERTOS 20 mg","3/3/2021","LABORATORIO PASTEUR S.A.","OLMESARTAN MEDOXOMILO",""
"","F-26037/21","OLMESARTÁN MEDOXOMILO COMPRIMIDOS RECUBIERTOS 20 mg","3/17/2021","EUROFARMA CHILE SpA","OLMESARTAN MEDOXOMILO",""
"","F-28489/24","OLMESARTÁN MEDOXOMILO COMPRIMIDOS RECUBIERTOS 20 mg","9/23/2024","EUROFARMA CHILE SpA","OLMESARTAN MEDOXOMILO",""
"","F-26009/21","OLMESARTAN MEDOXOMILO COMPRIMIDOS RECUBIERTOS 40 mg","3/3/2021","LABORATORIO PASTEUR S.A.","OLMESARTAN MEDOXOMILO",""
"","F-25976/21","OLMESARTÁN MEDOXOMILO COMPRIMIDOS RECUBIERTOS 40 mg","2/10/2021","EUROFARMA CHILE SpA","OLMESARTAN MEDOXOMILO",""
"","F-27019/22","OLMESARTÁN MEDOXOMILO COMPRIMIDOS RECUBIERTOS 40 mg","8/31/2022","MSN LABS CHILE S.p.A.","OLMESARTAN MEDOXOMILO",""
"","F-28490/24","OLMESARTÁN MEDOXOMILO COMPRIMIDOS RECUBIERTOS 40 mg","9/23/2024","EUROFARMA CHILE SpA","OLMESARTAN MEDOXOMILO",""
"","F-28188/24","OLMESARTÁN MEDOXOMILO COMPRIMIDOS RECUBIERTOS 40 mg","4/4/2024","ALEMBIC PHARMACEUTICALS S.p.A.","OLMESARTAN MEDOXOMILO",""
"","F-26208/21","OLMESARTAN MEDOXOMILO/HIDROCLOROTIAZIDA 20/12,5 COMPRIMIDOS RECUBIERTOS","6/15/2021","LABORATORIO PASTEUR S.A.","HIDROCLOROTIAZIDA//OLMESARTAN MEDOXOMILO",""
"","F-26705/22","OLMESARTÁN MEDOXOMILO/HIDROCLOROTIAZIDA 20/12,5 COMPRIMIDOS RECUBIERTOS","3/29/2022","EUROFARMA CHILE SpA","HIDROCLOROTIAZIDA//OLMESARTAN MEDOXOMILO",""
"","F-26120/21","OLMESARTAN MEDOXOMILO/HIDROCLOROTIAZIDA 40/12,5 COMPRIMIDOS RECUBIERTOS","4/27/2021","LABORATORIO PASTEUR S.A.","HIDROCLOROTIAZIDA//OLMESARTAN MEDOXOMILO",""
"","F-26707/22","OLMESARTÁN MEDOXOMILO/HIDROCLOROTIAZIDA 40/12,5 COMPRIMIDOS RECUBIERTOS","3/30/2022","EUROFARMA CHILE SpA","HIDROCLOROTIAZIDA//OLMESARTAN MEDOXOMILO",""
"","F-28463/24","OLMEVAL COMPRIMIDOS RECUBIERTOS 20 mg (OLMESARTAN MEDOXOMILO)","9/3/2024","LABORATORIOS SAVAL S.A.","OLMESARTAN MEDOXOMILO",""
"","F-28513/24","OLMEVAL COMPRIMIDOS RECUBIERTOS 40 mg (OLMESARTÁN MEDOXOMILO)","10/8/2024","LABORATORIOS SAVAL S.A.","OLMESARTAN MEDOXOMILO",""
"","F-28662/25","OLMEVAL-D 20/12,5 COMPRIMIDOS RECUBIERTOS ","1/2/2025","LABORATORIOS SAVAL S.A.","OLMESARTÁN MEDOXOMILO//HIDROCLOROTIAZIDA",""
"","F-28663/25","OLMEVAL-D 40/12,5 COMPRIMIDOS RECUBIERTOS","1/2/2025","LABORATORIOS SAVAL S.A.","OLMESARTÁN MEDOXOMILO//HIDROCLOROTIAZIDA",""
"","F-28661/25","OLMEVAL-D 40/25 COMPRIMIDOS RECUBIERTOS","1/2/2025","LABORATORIOS SAVAL S.A.","OLMESARTÁN MEDOXOMILO//HIDROCLOROTIAZIDA",""
"","F-27809/23","OLODINA PF SOLUCIÓN OFTÁLMICA 0,2 % (OLOPATADINA)","9/11/2023","ESPECIALIDADES OFTALMOLÓGICAS SUCURSAL CHILE SPA","OLOPATADINA",""
"","F-24871/24","OLODINA SOLUCIÓN OFTÁLMICA 0,2% (OLOPATADINA)","6/6/2019","ESPECIALIDADES OFTALMOLÓGICAS SUCURSAL CHILE SPA","OLOPATADINA",""
"","F-22309/25","OLOF SOLUCIÓN OFTÁLMICA 0,2% (OLOPATADINA)","11/24/2015 2:10","LABORATORIOS SAVAL S.A.","OLOPATADINA",""
"","F-27399/23","OLOKEM SOLUCION OFTÁLMICA 0,2% (OLOPATADINA)","3/22/2023","ASCEND LABORATORIES S.p.A.","OLOPATADINA",""
"","F-22927/21","OLOPATADINA SOLUCIÓN OFTÁLMICA 0,1%","7/28/2016","LABORATORIO HOSPIFARMA CHILE LTDA.","OLOPATADINA",""
"","F-25025/24","OLTAN 20 COMPRIMIDOS RECUBIERTOS 20 mg (OLMESARTAN MEDOXOMILO)","8/30/2019","ITF - LABOMED FARMACÉUTICA LTDA.","OLMESARTAN MEDOXOMILO",""
"","F-25027/24","OLTAN 40 COMPRIMIDOS RECUBIERTOS 40 mg (Olmesartan medoxomilo)","9/2/2019","ITF - LABOMED FARMACÉUTICA LTDA.","OLMESARTAN MEDOXOMILO",""
"","F-25631/25","OLTAN AMLO 40/10 COMPRIMIDOS RECUBIERTOS","8/17/2020","ITF - LABOMED FARMACÉUTICA LTDA.","AMLODIPINO//OLMESARTAN MEDOXOMILO",""
"","F-25578/25","OLTAN AMLO 40/5 COMPRIMIDOS RECUBIERTOS","7/22/2020","ITF - LABOMED FARMACÉUTICA LTDA.","AMLODIPINO//OLMESARTAN MEDOXOMILO",""
"","F-26603/22","OLTAN AMLO D 40/5/12,5 COMPRIMIDOS RECUBIERTOS","1/25/2022","ITF - LABOMED FARMACÉUTICA LTDA.","AMLODIPINO//HIDROCLOROTIAZIDA//OLMESARTAN MEDOXOMILO",""
"","F-25727/25","OLTAN D 20/12,5 COMPRIMIDOS RECUBIERTOS","10/13/2020","ITF - LABOMED FARMACÉUTICA LTDA.","HIDROCLOROTIAZIDA//OLMESARTAN MEDOXOMILO",""
"","F-25683/25","OLTAN D 40/12,5 COMPRIMIDOS RECUBIERTOS","9/14/2020","ITF - LABOMED FARMACÉUTICA LTDA.","HIDROCLOROTIAZIDA//OLMESARTAN MEDOXOMILO",""
"","F-24682/24","OLUMIANT COMPRIMIDOS RECUBIERTOS 2 mg","2/27/2019","TECNOFARMA S.A.","BARICITINIB",""
"","F-24681/24","OLUMIANT COMPRIMIDOS RECUBIERTOS 4 mg","2/27/2019","TECNOFARMA S.A.","BARICITINIB",""
"","K-100/23","OMACOR CÁPSULAS BLANDAS 1000 mg (ESTERES ETÍLICOS DEL ÁCIDO OMEGA-3)","10/1/2013","FERRER CHILE S.A.","ÉSTERES ETÍLICOS DEL ÁCIDO OMEGA-3",""
"","K-115/22","OMECAP CÁPSULAS BLANDAS 1000 mg (ÉSTERES ETÍLICOS DEL ÁCIDO OMEGA-3)","3/25/2022","GADOR LTDA.","ESTERES ETÍLICOS DEL ÁCIDO OMEGA-3",""
"","F-27381/23","OMEGAFLEX PERI EMULSIÓN PARA PERFUSIÓN","3/21/2023","B. BRAUN MEDICAL SpA","ACEITE DE SOJA PURIFICADO;ACETATO DE POTASIO;ACETATO DE SODIO TRIHIDRATO;ACIDO ASPARTICO;ACIDO GLUTAMICO;ALANINA;ARGININA;CLORURO DE CALCIO DIHIDRATO;CLORURO DE SODIO ;DIHIDROGENO FOSFATO DE SODIO DIHIDRATO;FENILALANINA;GLICINA ;GLUCOSA MONOHIDRATO;HIDROXIDO DE SODIO;HISTIDINA CLORHIDRATO MONOHIDRATO;ISOLEUCINA;LEUCINA;LISINA CLORHIDRATO;MAGNESIO ACETATO TETRAHIDRATO;METIONINA;Prolina;SERINA;TREONINA;TRIGLICERIDOS DE ACIDO OMEGA-3;TRIGLICERIDOS DE CADENA MEDIA;TRIPTOFANO;VALINA;ZINC ACETATO DIHIDRATO",""
"","F-27578/23","OMEGAFLEX SPECIAL EMULSIÓN PARA PERFUSIÓN","6/13/2023","B. BRAUN MEDICAL SpA","ACEITE DE SOJA PURIFICADO;ACETATO DE POTASIO;ACETATO DE SODIO TRIHIDRATO;ACIDO ASPARTICO;ACIDO GLUTAMICO;ALANINA;ARGININA;CLORURO DE CALCIO DIHIDRATO;CLORURO DE SODIO ;DIHIDROGENO FOSFATO DE SODIO DIHIDRATO;FENILALANINA;GLICINA ;GLUCOSA MONOHIDRATO;HIDROXIDO DE SODIO;HISTIDINA CLORHIDRATO MONOHIDRATO;ISOLEUCINA;LEUCINA;LISINA CLORHIDRATO;MAGNESIO ACETATO TETRAHIDRATO;METIONINA;Prolina;SERINA;TREONINA;TRIGLICERIDOS DE ACIDO OMEGA-3;TRIGLICERIDOS DE CADENA MEDIA;TRIPTOFANO;VALINA;ZINC ACETATO DIHIDRATO",""
"","F-19899/23","OMEGAVEN EMULSIÓN INYECTABLE","4/16/2013","FRESENIUS KABI CHILE LTDA.","ACEITE DE PESCADO//FOSFOLIPIDO//GLICEROL//SODIO OLEATO",""
"","F-18450/25","OMEPRAZOL CÁPSULAS CON GRÁNULOS CON RECUBRIMIENTO ENTÉRICO 20 mg","12/14/2010","OPKO CHILE S.A.","OMEPRAZOL",""
"","F-21448/24","OMEPRAZOL CÁPSULAS CON GRÁNULOS CON RECUBRIMIENTO ENTÉRICO 20 mg","10/17/2014","LABORATORIO CHILE S.A.","Omeprazol",""
"","F-20704/23","OMEPRAZOL CÁPSULAS CON GRÁNULOS CON RECUBRIMIENTO ENTÉRICO 20 mg","12/18/2013","ASCEND LABORATORIES S.p.A.","OMEPRAZOL",""
"","F-26545/21","OMEPRAZOL CÁPSULAS CON GRÁNULOS CON RECUBRIMIENTO ENTÉRICO 20 mg","12/17/2021","MDC HEALTH S.p.A.","OMEPRAZOL",""
"","F-27541/23","OMEPRAZOL LIOFILIZADO PARA SOLUCIÓN INYECTABLE 40 mg","5/24/2023","SEVEN PHARMA CHILE S.p.A.","OMEPRAZOL",""
"","F-26881/22","OMEPRAZOL LIOFILIZADO PARA SOLUCIÓN INYECTABLE 40 mg","7/4/2022","NEOETHICALS CHILE S.p.A.","OMEPRAZOL",""
"","F-23558/22","OMEPRAZOL LIOFILIZADO PARA SOLUCIÓN INYECTABLE 40 mg","7/22/2017","LABORATORIO HOSPIFARMA CHILE LTDA.","Omeprazol",""
"","F-20509/23","OMEPRAZOL LIOFILIZADO PARA SOLUCIÓN INYECTABLE 40 mg","11/13/2013 1:10","SCM PHARMA S.p.A.","OMEPRAZOL",""
"","F-21780/25","OMEPRAZOL LIOFILIZADO PARA SOLUCIÓN INYECTABLE 40 mg","4/8/2015","LABORATORIO BIOSANO S.A.","OMEPRAZOL",""
"","F-27826/23","OMEPRAZOL LIOFILIZADO PARA SOLUCIÓN INYECTABLE 40 mg","9/27/2023","OPKO CHILE S.A.","OMEPRAZOL",""
"","F-28355/24","OMEPRAZOL LIOFILIZADO PARA SOLUCIÓN INYECTABLE 40 mg ","7/10/2024","PISA FARMACÉUTICA DE CHILE S.p.A.","OMEPRAZOL",""
"","F-28301/24","OMEPRAZOL LIOFILIZADO PARA SOLUCIÓN INYECTABLE 40 mg","5/24/2024","DISTRIBUIDORA SICMAFARMA CHILE SpA","OMEPRAZOL",""
"","F-28167/24","OMEPRAZOL LIOFILIZADO PARA SOLUCIÓN INYECTABLE 40 mg","3/20/2024","BPH S.A.","OMEPRAZOL",""
"","F-13903/24","OMEPRAZOL POLVO LIOFILIZADO PARA SOLUCIÓN INYECTABLE 40 mg","7/2/2004","LABVITALIS S.A.","OMEPRAZOL",""
"","F-26694/22","OMEPRAZOL POLVO PARA SOLUCIÓN INYECTABLE 40 mg CON SOLVENTE","3/22/2022","BLAU FARMACEUTICA CHILE S.p.A.","OMEPRAZOL",""
"","F-23228/21","OMERAZ CÁPSULAS CON GRÁNULOS CON RECUBRIMIENTO ENTÉRICO 20 mg (OMEPRAZOL)","12/7/2016","SEVEN PHARMA CHILE S.p.A.","OMEPRAZOL",""
"","F-23229/21","OMERAZ CÁPSULAS CON GRÁNULOS CON RECUBRIMIENTO ENTÉRICO 40 mg","12/7/2016","SEVEN PHARMA CHILE S.p.A.","OMEPRAZOL",""
"","F-4506/25","OMNIPAQUE SOLUCIÓN INYECTABLE 300 mg IODO/mL","2/19/1985 2:10","GE HEALTHCARE INTERNATIONAL LLC AGENCIA EN CHILE","IOHEXOL",""
"","F-4507/25","OMNIPAQUE SOLUCIÓN INYECTABLE 350 mg IODO/mL","2/19/1985 2:10","GE HEALTHCARE INTERNATIONAL LLC AGENCIA EN CHILE","IOHEXOL",""
"","F-9491/21","OMNISCAN SOLUCIÓN INYECTABLE 0,5 mmol/mL","12/14/1995","GE HEALTHCARE INTERNATIONAL LLC AGENCIA EN CHILE","GADODIAMIDA",""
"","B-2322/23","OMNITROPE SOLUCIÓN INYECTABLE 10 mg/1.5 mL","7/29/2013","SANDOZ CHILE S.p.A.","SOMATROPINA",""
"","B-2293/23","OMNITROPE SOLUCIÓN INYECTABLE 5 mg /1,5 mL","2/12/2013","SANDOZ CHILE S.p.A.","SOMATROPINA",""
"","F-27679/23","OMNIZEM CÁPSULAS CON GRÁNULOS RECUBIERTOS DE LIBERACIÓN PROLONGADA 120 mg (DILTIAZEM CLORHIDRATO)","7/24/2023","EMCURE PHARMA CHILE S.p.A.","DILTIAZEM",""
"","F-27680/23","OMNIZEM CÁPSULAS CON GRANULOS RECUBIERTOS DE LIBERACIÓN PROLONGADA 180 mg (DILTIAZEM CLORHIDRATO)","7/24/2023","EMCURE PHARMA CHILE S.p.A.","DILTIAZEM",""
"","B-2871/21","ONCASPAR LIOFILIZADO PARA SOLUCIÓN INYECTABLE 3750 U (PEGASPARGASA)","3/30/2021","LABORATORIO SERVIER CHILE LTDA.","PEGASPARGASA",""
"","F-26121/21","ONDANSETRON COMPRIMIDOS RECUBIERTOS 8 mg","4/28/2021","DIFEM LABORATORIOS S.A.","ONDANSETRON",""
"","F-24992/24","ONDANSETRÓN COMPRIMIDOS BUCODISPERSABLES 4mg","8/7/2019","VITAFARMA S.A.","ONDANSETRON",""
"","F-24967/24","ONDANSETRÓN COMPRIMIDOS BUCODISPERSABLES 8 mg","7/31/2019","VITAFARMA S.A.","ONDANSETRON",""
"","F-26119/21","ONDANSETRON COMPRIMIDOS RECUBIERTOS 4 mg","4/28/2021","DIFEM LABORATORIOS S.A.","ONDANSETRON",""
"","F-26274/21","ONDANSETRON SOLUCIÓN INYECTABLE 4 mg/2 mL ","7/22/2021","NEOETHICALS CHILE S.p.A.","ONDANSETRON",""
"","F-15848/21","ONDANSETRON SOLUCIÓN INYECTABLE 4 mg/2 mL","12/22/2006","LABORATORIO SANDERSON SpA","ONDANSETRON",""
"","F-15338/25","ONDANSETRÓN SOLUCIÓN INYECTABLE 4 mg/2 mL","12/23/2005","LABORATORIO BIOSANO S.A.","ONDANSETRON",""
"","F-25385/25","ONDANSETRÓN SOLUCIÓN INYECTABLE 4 mg/2 mL","4/13/2020","BLAU FARMACEUTICA CHILE S.p.A.","ONDANSETRON",""
"","F-24137/23","ONDANSETRÓN SOLUCIÓN INYECTABLE 4 mg/2 mL","10/2/2018","SEVEN PHARMA CHILE S.p.A.","ONDANSETRON",""
"","F-28479/24","ONDANSETRÓN SOLUCIÓN INYECTABLE 4 mg/2 mL","9/12/2024","VITAFARMA S.A.","ONDANSETRON",""
"","F-26197/21","ONDANSETRON SOLUCIÓN INYECTABLE 8 mg/4 mL ","6/4/2021","NEOETHICALS CHILE S.p.A.","ONDANSETRON",""
"","F-15339/25","ONDANSETRON SOLUCIÓN INYECTABLE 8 mg/4 mL","12/23/2005","LABORATORIO BIOSANO S.A.","ONDANSETRON",""
"","F-15849/21","ONDANSETRON SOLUCIÓN INYECTABLE 8 mg/4 mL","12/22/2006","LABORATORIO SANDERSON SpA","ONDANSETRON",""
"","F-25386/25","ONDANSETRÓN SOLUCIÓN INYECTABLE 8 mg/4 mL","4/14/2020","BLAU FARMACEUTICA CHILE S.p.A.","ONDANSETRON",""
"","F-28480/24","ONDANSETRÓN SOLUCIÓN INYECTABLE 8 mg/4 mL","9/16/2024","VITAFARMA S.A.","ONDANSETRON",""
"","F-27799/23","ONDANSETRÓN SOLUCIÓN INYECTABLE 8 mg/4 mL","9/7/2023","SEVEN PHARMA CHILE S.p.A.","ONDANSETRON",""
"","F-25439/25","ONDANSETRÓN SOLUCIÓN PARA PERFUSIÓN 8 mg/50 mL","5/25/2020","B. BRAUN MEDICAL SpA","ONDANSETRON",""
"","F-22377/26","ONDANVITAE COMPRIMIDOS RECUBIERTOS 8mg (ONDANSETRÓN)","1/5/2016 2:10","GALENICUM HEALTH CHILE S.p.A.","ONDANSETRON",""
"","F-28737/25","ONDANVITAE ODT TABLETAS LIOFILIZADAS BUCODISPERSABLES 4 mg (ONDANSETRÓN)","3/4/2025","GALENICUM HEALTH CHILE S.p.A.","ONDANSETRÓN",""
"","F-28818/25","ONDASAN LÁMINAS BUCODISPERABLES 4 MG ","4/22/2025","INSTITUTO SANITAS S.A.","ONDANSETRON",""
"","F-29404/26","ONEMER SL COMPRIMIDOS SUBLINGUALES 30 mg (KETOROLACO TROMETAMOL)","1/19/2026","PISA FARMACÉUTICA DE CHILE SpA","KETOROLACO TROMETAMOL",""
"","F-22919/21","ONEMER SOLUCIÓN INYECTABLE 30 mg/1 mL (KETOROLACO TROMETAMINA)","7/26/2016","PISA FARMACÉUTICA DE CHILE S.p.A.","KETOROLACO TROMETAMOL",""
"","F-27102/22","ONUREG COMPRIMIDOS RECUBIERTOS 200 mg (AZACITIDINA)","10/24/2022","BRISTOL - MYERS SQUIBB DE CHILE","AZACITIDINA",""
"","F-27107/22","ONUREG COMPRIMIDOS RECUBIERTOS 300 mg (AZACITIDINA)","10/24/2022","BRISTOL - MYERS SQUIBB DE CHILE","AZACITIDINA",""
"","B-2561/25","OPDIVO RECOMBINANTE SOLUCIÓN INYECTABLE PARA PERFUSIÓN INTRAVENOSA 100 mg/ 10 mL","12/23/2015","BRISTOL - MYERS SQUIBB DE CHILE","NIVOLUMAB",""
"","B-2562/25","OPDIVO RECOMBINANTE SOLUCIÓN INYECTABLE PARA PERFUSIÓN INTRAVENOSA 40 mg/ 4 mL (NIVOLUMAB)","12/23/2015","BRISTOL - MYERS SQUIBB DE CHILE","NIVOLUMAB",""
"","B-3173/25","OPDUALAG CONCENTRADO PARA SOLUCIÓN PARA PERFUSIÓN","11/27/2025","BRISTOL - MYERS SQUIBB DE CHILE","NIVOLUMAB//RELATLIMAB",""
"","F-26379/21","OPSUMIT COMPRIMIDOS RECUBIERTOS 10 mg","9/7/2021","JOHNSON & JOHNSON DE CHILE S.A.","MACITENTAN",""
"","F-9943/21","OPTAMOX COMPRIMIDOS RECUBIERTOS 875 mg (AMOXICILINA)","12/12/2001","MEGALABS CHILE S.A.","AMOXICILINA",""
"","F-9235/21","OPTIRAY 320 SOLUCIÓN INYECTABLE 68% (IOVERSOL)","10/1/1992 1:10","GUERBET CHILE LIMITADA","IOVERSOL",""
"","F-27955/23","OPTIRAY 320 SOLUCIÓN INYECTABLE 68% (IOVERSOL)","11/29/2023","GUERBET CHILE LIMITADA","IOVERSOL",""
"","F-27956/23","OPTIRAY 350 SOLUCION INYECTABLE 74% (IOVERSOL)","11/29/2023","GUERBET CHILE LIMITADA","IOVERSOL",""
"","F-9236/21","OPTIRAY 350 SOLUCIÓN INYECTABLE AL 74%","12/21/1996 1:10","GUERBET CHILE LIMITADA","IOVERSOL",""
"","F-27449/23","ORACEA CÁPSULAS CON MICROGRÁNULOS DE LIBERACIÓN MODIFICADA 40 mg (DOXICICLINA)","4/11/2023 0:00","GALDERMA CHILE LABORATORIOS LTDA.","DOXICICLINA",""
"","F-16963/23","ORADIET CÁPSULAS 120 mg","8/1/2008","INSTITUTO SANITAS S.A.","ORLISTAT",""
"","F-18854/21","ORALAFI COMPRIMIDOS RECUBIERTOS DE LIBERACIÓN PROLONGADA 7,5 mg","9/2/2011","LABORATORIOS RECALCINE S.A.","DARIFENACINA",""
"","F-10443/26","ORALGENE COMPUESTO GEL DENTAL","1/24/1997","LABORATORIO MAVER S.A.","CLORHEXIDINA//SODIO FLUORURO",""
"","B-1982/22","ORENCIA POLVO LIOFILIZADO PARA SOLUCIÓN INYECTABLE 250 mg (ABATACEPT)","7/31/2007","BRISTOL - MYERS SQUIBB DE CHILE","ABATACEPT",""
"","B-2284/22","ORENCIA SOLUCIÓN INYECTABLE 125 mg/ mL","12/27/2012","BRISTOL - MYERS SQUIBB DE CHILE","ABATACEPT",""
"","F-18103/25","ORFADIN CÁPSULAS 10 mg","6/4/2010","INNOVATIVE MEDICINES S.A. - AGENCIA EN CHILE","NITISINONA",""
"","F-18105/25","ORFADIN CÁPSULAS 2 mg","6/4/2010","INNOVATIVE MEDICINES S.A. - AGENCIA EN CHILE","NITISINONA",""
"","F-24998/24","ORFADIN CÁPSULAS 20 mg (NITISINONA)","8/13/2019","INNOVATIVE MEDICINES S.A. - AGENCIA EN CHILE","NITISINONA",""
"","F-18104/25","ORFADIN CÁPSULAS 5 mg","6/4/2010","INNOVATIVE MEDICINES S.A. - AGENCIA EN CHILE","NITISINONA",""
"","F-24999/24","ORFADIN SUSPENSIÓN ORAL 4 mg/mL (NITISINONA)","8/13/2019","INNOVATIVE MEDICINES S.A. - AGENCIA EN CHILE","NITISINONA",""
"","F-13107/23","ORGALUTRAN SOLUCIÓN INYECTABLE 0,25 mg/0,5 mL","8/22/2003","ORGANON CHILE S.p.A.","GANIRELIX",""
"","F-27461/23","ORLADEYO CÁPSULAS 150 mg (BEROTRALSTAT)","4/17/2023 0:00","LABORATORIOS PINT-PHARMA CHILE S.p.A.","BEROTRALSTAT",""
"","F-27014/22","OROFER JARABE 50 mg/5 mL (HIERRO)","8/29/2022","EMCURE PHARMA CHILE S.p.A.","HIERRO HIDROXIDO-POLIMALTOSA",""
"","F-27125/22","OROFER SOLUCIÓN ORAL PARA GOTAS 50 mg/mL","11/2/2022","EMCURE PHARMA CHILE S.p.A.","HIERRO HIDROXIDO-POLIMALTOSA",""
"","F-20629/23","ORVAKARE COMPRIMIDOS RECUBIERTOS 10 mg","12/10/2013","DR. REDDYS LABORATORIES CHILE S.p.A.","ATORVASTATINA",""
"","F-20630/23","ORVAKARE COMPRIMIDOS RECUBIERTOS 20 mg","12/10/2013","DR. REDDYS LABORATORIES CHILE S.p.A.","ATORVASTATINA",""
"","F-19731/22","ORVAKARE COMPRIMIDOS RECUBIERTOS 40 mg","12/26/2012","DR. REDDYS LABORATORIES CHILE S.p.A.","ATORVASTATINA",""
"","F-25653/25","OSTEODYN SOLUCIÓN ORAL 100.000 UI/ 2 mL (COLECALCIFEROL)","8/24/2020 2:10","LABORATORIO BAGÓ DE CHILE S.A.","Colecalciferol",""
"","F-19479/22","OSTEOKER SOLUCIÓN INYECTABLE 4 mg/ 5 mL","6/8/2012","SYNTHON CHILE LTDA.","ACIDO ZOLEDRONICO",""
"","F-12589/22","OTEX HC SUSPENSIÓN ÓTICA","12/30/2002","LABORATORIOS D & M PHARMA LTDA.","CIPROFLOXACINO//HIDROCORTISONA",""
"","B-891/25","OTICUM SOLUCIÓN ÓTICA","10/23/2000","LABORATORIOS SAVAL S.A.","BETAMETASONA//NEOMICINA//POLIMIXINA B",""
"","F-11846/22","OTIPAX SOLUCIÓN ÓTICA PARA GOTAS","1/29/2002","AXON PHARMA S.p.A.","FENAZONA//LIDOCAINA",""
"","F-25430/25","OTOC COMPRIMIDOS BUCODISPERSABLES 4 mg (ONDANSETRON)","5/12/2020","SEVEN PHARMA CHILE S.p.A.","ONDANSETRON",""
"","F-25428/25","OTOC COMPRIMIDOS BUCODISPERSABLES 8 mg","5/12/2020","SEVEN PHARMA CHILE S.p.A.","ONDANSETRON",""
"","B-779/25","OTOSEPTIL SOLUCIÓN ÓTICA PARA GOTAS","7/4/2000","INSTITUTO SANITAS S.A.","",""
"","F-22806/21","OVESTIN CREMA VAGINAL 0,1% (ESTRIOL)","6/22/2016","ASPEN CHILE S.A.","ESTRIOL",""
"","F-5345/25","OVESTIN ÓVULOS 0,5 mg","6/23/1998 2:10","ASPEN CHILE S.A.","ESTRIOL",""
"","B-2321/23","OVIDREL SOLUCIÓN INYECTABLE 250 mcg/0,5 mL","7/29/2013","MERCK S.A.","",""
"","F-26069/21","OXALIPLATINO SOLUCIÓN CONCENTRADA PARA PERFUSIÓN 100 mg/ 20 mL","4/6/2021","BLAU FARMACEUTICA CHILE S.p.A.","OXALIPLATINO",""
"","F-25058/24","OXALIPLATINO SOLUCIÓN CONCENTRADA PARA PERFUSIÓN 50 mg/10 mL","9/26/2019","FARMACÉUTICA XENIUS LTDA.","OXALIPLATINO",""
"","F-27551/23","OXALIPLATINO LIOFILIZADO PARA SOLUCIÓN INYECTABLE 100 mg","5/31/2023","SEVEN PHARMA CHILE S.p.A.","OXALIPLATINO",""
"","F-19562/22","OXALIPLATINO LIOFILIZADO PARA SOLUCIÓN INYECTABLE 100 mg","7/24/2012 2:10","LABORATORIO SANDERSON SpA","OXALIPLATINO",""
"","F-19576/22","OXALIPLATINO LIOFILIZADO PARA SOLUCIÓN INYECTABLE 50 mg","8/7/2012 2:10","LABORATORIO SANDERSON SpA","OXALIPLATINO",""
"","F-27550/23","OXALIPLATINO LIOFILIZADO PARA SOLUCIÓN INYECTABLE 50 mg","5/30/2023","SEVEN PHARMA CHILE S.p.A.","OXALIPLATINO",""
"","F-25057/24","OXALIPLATINO SOLUCIÓN CONCENTRADA PARA PERFUSIÓN 100 mg/20 mL","9/26/2019","FARMACÉUTICA XENIUS LTDA.","OXALIPLATINO",""
"","F-23065/21","OXALIPLATINO SOLUCIÓN CONCENTRADA PARA PERFUSIÓN 100 mg/20 mL","9/20/2016","SANDOZ CHILE S.p.A.","OXALIPLATINO",""
"","F-28001/23","OXALIPLATINO SOLUCIÓN CONCENTRADA PARA PERFUSIÓN 100 mg/20 mL","12/27/2023","SIAA VIDA FARMA SPA","OXALIPLATINO",""
"","F-28633/24","OXALIPLATINO SOLUCIÓN CONCENTRADA PARA PERFUSIÓN 100 mg/20 mL ","12/4/2024","SEVEN PHARMA CHILE S.p.A.","OXALIPLATINO",""
"","F-25297/25","OXALIPLATINO SOLUCIÓN CONCENTRADA PARA PERFUSIÓN 200 mg/40 mL","2/27/2020","FARMACÉUTICA XENIUS SPA","OXALIPLATINO",""
"","F-17588/24","OXALIPLATINO SOLUCIÓN CONCENTRADA PARA PERFUSIÓN 5 mg/mL","5/29/2009","LABORATORIO CHILE S.A.","OXALIPLATINO",""
"","F-26068/21","OXALIPLATINO SOLUCIÓN CONCENTRADA PARA PERFUSION 50 mg/10 mL","4/6/2021","BLAU FARMACEUTICA CHILE S.p.A.","OXALIPLATINO",""
"","F-23064/21","OXALIPLATINO SOLUCIÓN CONCENTRADA PARA PERFUSIÓN 50 mg/10 mL","9/20/2016","SANDOZ CHILE S.p.A.","OXALIPLATINO",""
"","F-28634/24","OXALIPLATINO SOLUCIÓN CONCENTRADA PARA PERFUSIÓN 50 mg/10 mL ","12/4/2024","SEVEN PHARMA CHILE S.p.A.","OXALIPLATINO",""
"","F-25966/21","OXALIPLATINO SOLUCIÓN INYECTABLE 100 mg/20 mL","2/1/2021","LABORATORIO BIOSANO S.A.","OXALIPLATINO",""
"","F-19108/21","OXALIPLATINO SOLUCIÓN INYECTABLE 100 mg/20 mL","11/23/2011","FRESENIUS KABI CHILE LTDA.","OXALIPLATINO",""
"","F-18666/21","OXALIPLATINO SOLUCIÓN INYECTABLE 50 mg/ 10 mL","6/1/2011","FRESENIUS KABI CHILE LTDA.","OXALIPLATINO",""
"","F-25961/21","OXALIPLATINO SOLUCIÓN INYECTABLE 50 mg/10 mL","2/1/2021","LABORATORIO BIOSANO S.A.","OXALIPLATINO",""
"","F-28516/24","OXCARBAZEPINA COMPRIMIDOS RECUBIERTOS 300 mg","10/7/2024","SEVEN PHARMA CHILE S.p.A.","OXCARBAZEPINA",""
"","F-27873/23","OXCARBAZEPINA COMPRIMIDOS RECUBIERTOS 600 mg","10/11/2023","SEVEN PHARMA CHILE S.p.A.","OXCARBAZEPINA",""
"","F-11108/21","OXICODAL COMPRIMIDOS 300 mg","2/28/1997","LABORATORIOS LAFI LTDA.","OXCARBAZEPINA",""
"","F-141/22","OXICODAL COMPRIMIDOS 600 mg","10/1/1997","LABORATORIOS LAFI LTDA.","OXCARBAZEPINA",""
"","F-21969/25","OXILER D SOLUCIÓN NASAL 0,05 % (OXIMETAZOLINA CLORHIDRATO)","7/3/2015 2:10","LABORATORIOS D & M PHARMA LTDA.","OXIMETAZOLINA",""
"","F-15485/21","OXILIN SOLUCIÓN NASAL 0,05%","4/10/2006","LABORATORIO PASTEUR S.A.","OXIMETAZOLINA",""
"","F-24425/23","OXITINOL CÁPSULAS 267 mg","12/7/2018","LABORATORIO LKM CHILE S.p.A.","PIRFENIDONA",""
"","B-1976/22","OXITOCINA SOLUCIÓN INYECTABLE 10 U.I./ 1 mL","7/3/2007","LABORATORIO BIOSANO S.A.","OXITOCINA",""
"","B-756/25","OXITOCINA SOLUCIÓN INYECTABLE 5 U.I./mL","1/24/1989","LABORATORIO BIOSANO S.A.","OXITOCINA",""
"","B-1508/21","OXITOCINA SOLUCIÓN INYECTABLE 5 UI/1 mL","6/26/1990","LABORATORIO SANDERSON SpA","OXITOCINA",""
"","F-28549/24","OXIVAL SOLUCIÓN NASAL 0,05 % (OXIMETAZOLINA CLORHIDRATO)","10/21/2024","LABORATORIO BIOVAL S.p.A.","OXIMETAZOLINA",""
"","F-14473/25","OXOLAMINA ADULTOS JARABE 50 mg/5 mL","1/11/2005","LABORATORIO CHILE S.A.","OXOLAMINA",""
"","F-14921/25","OXOLAMINA INFANTIL JARABE 28 mg/5 mL","7/27/2005","LABORATORIO CHILE S.A.","OXOLAMINA",""
"","F-12423/22","OXOLAMINA JARABE 28 mg/5 mL","10/1/2002","MINTLAB Co. S.A.","OXOLAMINA",""
"","F-12422/22","OXOLAMINA JARABE 50 mg/5 mL","9/30/2002","MINTLAB Co. S.A.","OXOLAMINA",""
"","B-2994/23","OZEMPIC SOLUCIÓN INYECTABLE 2 mg/1,5 mL (SEMAGLUTIDA)","8/18/2023","NOVO NORDISK FARMACÉUTICA LTDA.","SEMAGLUTIDA",""
"","B-2774/24","OZEMPIC SOLUCIÓN INYECTABLE 2 mg/1,5 mL (SEMAGLUTIDA)","10/17/2019","NOVO NORDISK FARMACÉUTICA LTDA.","SEMAGLUTIDA",""
"","B-2775/24","OZEMPIC SOLUCIÓN INYECTABLE 4 mg/3 mL (SEMAGLUTIDA)","10/17/2019","NOVO NORDISK FARMACÉUTICA LTDA.","SEMAGLUTIDA",""
"","B-2993/23","OZEMPIC SOLUCIÓN INYECTABLE 4 mg/3 mL (SEMAGLUTIDA)","8/18/2023","NOVO NORDISK FARMACÉUTICA LTDA.","SEMAGLUTIDA",""
"","F-19167/22","OZURDEX IMPLANTE INTRAVÍTREO PARA INYECCIÓN VIA INTRAOCULAR","1/2/2012 1:10","ABBVIE PRODUCTOS FARMACÉUTICOS LTDA.","DEXAMETASONA",""
"","F-23270/21","PACLITAXEL SOLUCIÓN CONCENTRADA PARA PERFUSIÓN 100 mg/16,7 mL","12/27/2016","FARMACÉUTICA XENIUS SPA","PACLITAXEL",""
"","F-23269/21","PACLITAXEL SOLUCION CONCENTRADA PARA PERFUSIÓN 30 mg/5 mL","12/27/2016","FARMACÉUTICA XENIUS SPA","PACLITAXEL",""
"","F-26736/22","PACLITAXEL SOLUCION CONCENTRADA PARA PERFUSIÓN 30 mg/5 mL","4/12/2022","FARMACÉUTICA XENIUS SPA","PACLITAXEL",""
"","F-26073/21","PACLITAXEL SOLUCIÓN CONCENTRADA PARA PERFUSION 300 mg/50 mL","4/6/2021","FARMACÉUTICA XENIUS SPA","PACLITAXEL",""
"","F-17660/24","PACLITAXEL SOLUCIÓN CONCENTRADA PARA PERFUSIÓN 6 mg/mL","7/30/2009","LABORATORIO CHILE S.A.","PACLITAXEL",""
"","F-19786/23","PACLITAXEL SOLUCIÓN INYECTABLE 100 mg/16,7 mL","2/27/2013","FRESENIUS KABI CHILE LTDA.","PACLITAXEL",""
"","F-22431/21","PACLITAXEL SOLUCIÓN INYECTABLE 100 mg/16,7 mL","1/27/2016 2:10","SEVEN PHARMA CHILE S.p.A.","PACLITAXEL",""
"","F-22693/21","PACLITAXEL SOLUCIÓN INYECTABLE 100 mg/16,7 mL","6/6/2016","SANDOZ CHILE S.p.A.","PACLITAXEL",""
"","F-26336/21","PACLITAXEL SOLUCIÓN INYECTABLE 100 mg/16,7 mL","8/13/2021","LABORATORIOS RAFFO S.A.","PACLITAXEL",""
"","F-19058/21","PACLITAXEL SOLUCIÓN INYECTABLE 100 mg/16,7 mL","11/9/2011","LABORATORIO SANDERSON SpA","PACLITAXEL",""
"","F-22694/21","PACLITAXEL SOLUCIÓN INYECTABLE 30 mg/ 5 mL","6/8/2016","SANDOZ CHILE S.p.A.","PACLITAXEL",""
"","F-19787/23","PACLITAXEL SOLUCIÓN INYECTABLE 30 mg/5 mL","2/27/2013","FRESENIUS KABI CHILE LTDA.","PACLITAXEL",""
"","F-26341/21","PACLITAXEL SOLUCIÓN INYECTABLE 30 mg/5 mL","8/16/2021","LABORATORIOS RAFFO S.A.","PACLITAXEL",""
"","F-23283/22","PACLITAXEL SOLUCIÓN INYECTABLE 30 mg/5 mL","1/6/2017","SEVEN PHARMA CHILE S.p.A.","PACLITAXEL",""
"","F-19057/21","PACLITAXEL SOLUCIÓN INYECTABLE 30 mg/5 mL","11/9/2011 2:10","LABORATORIO SANDERSON SpA","PACLITAXEL",""
"","F-24868/24","PACLITAXEL SOLUCIÓN INYECTABLE 300 mg/ 50 mL","6/5/2019","PIGMALION FARMA S.p.A.","PACLITAXEL",""
"","F-22435/21","PACLITAXEL SOLUCIÓN INYECTABLE 300 mg/ 50 mL","1/28/2016 2:10","SEVEN PHARMA CHILE S.p.A.","PACLITAXEL",""
"","F-22692/21","PACLITAXEL SOLUCIÓN INYECTABLE 300 mg/50 mL","5/17/2016","SANDOZ CHILE S.p.A.","PACLITAXEL",""
"","F-19788/23","PACLITAXEL SOLUCIÓN INYECTABLE 300 mg/50 mL","2/27/2013","FRESENIUS KABI CHILE LTDA.","PACLITAXEL",""
"","F-26339/21","PACLITAXEL SOLUCIÓN INYECTABLE 300 mg/50 mL","8/16/2021","LABORATORIOS RAFFO S.A.","PACLITAXEL",""
"","F-19059/21","PACLITAXEL SOLUCIÓN INYECTABLE 300 mg/50 mL","11/9/2011","LABORATORIO SANDERSON SpA","PACLITAXEL",""
"","F-25933/26","PACLITAXEL SOLUCIÓN INYECTABLE 6 mg/mL","1/18/2021","ALEMBIC PHARMACEUTICALS S.p.A.","PACLITAXEL",""
"","F-13642/24","PACLITAXEL SOLUCIÓN INYECTABLE 6 mg/mL","4/21/2004","LIBRA CHILE S.A.","PACLITAXEL",""
"","F-27904/23","PACLITAXEL SOLUCIÓN INYECTABLE CONCENTRADA PARA PERFUSIÓN 300 mg/50 mL","11/6/2023","ALEMBIC PHARMACEUTICALS S.p.A.","PACLITAXEL",""
"","B-3161/25","PADCEV LIOFILIZADO PARA CONCENTRADO PARA SOLUCIÓN PARA PERFUSIÓN 20 mg (ENFORTUMAB VEDOTINA)","11/6/2025","TECNOFARMA S.A.","ENFORTUMAB VEDOTINA",""
"","B-3155/25","PADCEV LIOFILIZADO PARA CONCENTRADO PARA SOLUCIÓN PARA PERFUSIÓN 30 mg (ENFORTUMAB VEDOTINA)","11/6/2025","TECNOFARMA S.A.","ENFORTUMAB VEDOTINA",""
"","F-27911/23","PALBOCICLIB CAPSULAS 100 mg","11/7/2023","LABORATORIOS ELEA CHILE S.p.A.","PALBOCICLIB",""
"","F-27794/23","PALBOCICLIB CÁPSULAS 100 mg","9/12/2023","MSN LABS CHILE S.p.A.","PALBOCICLIB",""
"","F-27311/23","PALBOCICLIB CÁPSULAS 100 mg","2/1/2023","ALEMBIC PHARMACEUTICALS S.p.A.","PALBOCICLIB",""
"","F-27912/23","PALBOCICLIB CAPSULAS 125 mg","11/7/2023","LABORATORIOS ELEA CHILE S.p.A.","PALBOCICLIB",""
"","F-27793/23","PALBOCICLIB CÁPSULAS 125 mg","9/12/2023","MSN LABS CHILE S.p.A.","PALBOCICLIB",""
"","F-27310/23","PALBOCICLIB CÁPSULAS 125 mg","2/1/2023","ALEMBIC PHARMACEUTICALS S.p.A.","PALBOCICLIB",""
"","F-27910/23","PALBOCICLIB CAPSULAS 75 mg","11/7/2023","LABORATORIOS ELEA CHILE S.p.A.","PALBOCICLIB",""
"","F-27795/23","PALBOCICLIB CÁPSULAS 75 mg","9/11/2023","MSN LABS CHILE S.p.A.","PALBOCICLIB",""
"","F-27312/23","PALBOCICLIB CÁPSULAS 75 mg","2/1/2023","ALEMBIC PHARMACEUTICALS S.p.A.","PALBOCICLIB",""
"","F-23692/23","PALDAR UNGÜENTO TÓPICO 2% (MUPIROCINA)","2/20/2018","DEUTSCHE PHARMA S.A.","Mupirocina",""
"","F-25201/25","PALDAR UNGÜENTO TÓPICO 2% (MUPIROCINA)","4/14/2020","DEUTSCHE PHARMA S.A.","MUPIROCINA",""
"","F-24503/24","PALOHALT SOLUCIÓN INYECTABLE 0,25 mg/5 mL (PALONOSETRÓN)","1/2/2019","MSN LABS CHILE S.p.A.","PALONOSETRON",""
"","F-24477/23","PALONOSETRÓN SOLUCIÓN INYECTABLE 0,25 mg/5 mL","12/18/2018","SEVEN PHARMA CHILE S.p.A.","PALONOSETRON",""
"","F-25940/26","PALVORED CÁPSULAS 125 mg (PALBOCICLIB)","1/20/2021","DR. REDDY'S LABORATORIES CHILE S.p.A.","PALBOCICLIB",""
"","F-9013/21","PAMAX COMPRIMIDOS RECUBIERTOS 20 mg","11/8/1996","INSTITUTO SANITAS S.A.","PAROXETINA",""
"","F-26093/21","PAMIDRONATO DISÓDICO LIOFILIZADO PARA PERFUSIÓN 90 mg","4/14/2021","NEOETHICALS CHILE S.p.A.","ACIDO PAMIDRONICO",""
"","F-27879/23","PAMIRED COMPRIMIDOS DE LIBERACIÓN PROLONGADA 0,75 mg (PRAMIPEXOL DICLORHIDRATO MONOHIDRATO)","10/25/2023","DR. REDDY'S LABORATORIES CHILE S.p.A.","PRAMIPEXOL",""
"","F-27878/23","PAMIRED COMPRIMIDOS DE LIBERACIÓN PROLONGADA 1,5 mg (PRAMIPEXOL DICLORHIDRATO MONOHIDRATO)","10/24/2023","DR. REDDY'S LABORATORIES CHILE S.p.A.","PRAMIPEXOL",""
"","F-28644/24","PANCREATINA 10000 CÁPSULAS CON GRÁNULOS CON RECUBRIMIENTO ENTÉRICO 150 mg","12/16/2024","ASCEND LABORATORIES S.p.A.","PANCREATINA",""
"","F-28645/24","PANCREATINA 25000 CÁPSULAS CON GRÁNULOS CON RECUBRIMIENTO ENTÉRICO 300 mg","12/16/2024","ASCEND LABORATORIES S.p.A.","PANCREATINA",""
"","F-27108/22","PANDEL CREMA TÓPICA 0,1% (HIDROCORTISONA BUTIRATO PROPIONATO)","10/25/2022","LABORATORIOS SILESIA S.A.","HIDROCORTISONA",""
"","F-26644/22","PANIMUN BIORAL CÁPSULAS BLANDAS 100 mg","2/16/2022","ASCEND LABORATORIES S.p.A.","CICLOSPORINA",""
"","F-26579/22","PANIMUN BIORAL CÁPSULAS BLANDAS 25 mg (CICLOSPORINA)","1/11/2022","ASCEND LABORATORIES S.p.A.","CICLOSPORINA",""
"","F-27655/23","PANIVITAE COMPRIMIDOS RECUBIERTOS 400 mg","7/18/2023","GALENICUM HEALTH CHILE S.p.A.","PAZOPANIB",""
"","F-24532/24","PANTAB COMPRIMIDOS CON RECUBRIMIENTO ENTÉRICO 20 mg (PANTOPRAZOL)","1/8/2019","SEVEN PHARMA CHILE S.p.A.","PANTOPRAZOL",""
"","F-24533/24","PANTAB COMPRIMIDOS CON RECUBRIMIENTO ENTÉRICO 40 mg (PANTOPRAZOL)","1/8/2019","SEVEN PHARMA CHILE S.p.A.","PANTOPRAZOL",""
"","F-20679/23","PANTOCAL COMPRIMIDOS CON RECUBRIMIENTO ENTÉRICO 40 mg","12/16/2013 1:10","EUROFARMA CHILE SpA","PANTOPRAZOL",""
"","F-14086/24","PAPAVERINA CLORHIDRATO SOLUCIÓN INYECTABLE 80 mg/2 mL","8/30/2004","LABORATORIO SANDERSON SpA","PAPAVERINA",""
"","F-12133/22","PAPINFLAM PLUS COMPRIMIDOS 300.000 U.","5/28/2002","MEGALABS CHILE S.A.","PAPAINA",""
"","F-8761/21","PARACETAMOL CON PSEUDOEFEDRINA CLORHIDRATO COMPRIMIDOS","6/8/1995","CHEMOPHARMA S.A.","PARACETAMOL//PSEUDOEFEDRINA",""
"","F-19185/21","PARACETAMOL SOLUCIÓN PARA INFUSIÓN 10 mg/mL","12/30/2011","FRESENIUS KABI CHILE LTDA.","PARACETAMOL",""
"","F-20339/23","PARACETAMOL SOLUCIÓN PARA PERFUSIÓN 10 mg/mL","9/12/2013","FRESENIUS KABI CHILE LTDA.","PARACETAMOL",""
"","F-21202/24","PARACETAMOL SOLUCIÓN PARA PERFUSIÓN 10 mg/mL","6/24/2014 2:10","FRESENIUS KABI CHILE LTDA.","PARACETAMOL",""
"","F-24073/23","PARACETAMOL SOLUCIÓN PARA PERFUSIÓN 10 mg/mL","9/3/2018","LABORATORIO CHILE S.A.","PARACETAMOL",""
"","F-23056/21","PARACETAMOL SOLUCIÓN PARA PERFUSIÓN 10 mg/mL","9/12/2016","B. BRAUN MEDICAL SpA","PARACETAMOL",""
"","F-27361/23","PARACETAMOL SOLUCIÓN PARA PERFUSIÓN 10 mg/mL","3/1/2023","MEDINOVA FARMA LTDA.","PARACETAMOL",""
"","F-25855/25","PARACETAMOL SOLUCIÓN PARA PERFUSIÓN 10 mg/mL","12/9/2020","LABORATORIO BIOSANO S.A.","PARACETAMOL",""
"","F-24093/23","PARACETAMOL SOLUCIÓN PARA PERFUSIÓN 100 mg/10 mL","9/20/2018","B. BRAUN MEDICAL SpA","PARACETAMOL",""
"","F-26108/21","PARAIOP SOLUCIÓN OFTÁLMICA 0,2% (BRIMONIDINA TARTRATO)","4/26/2021","PHARMATECH CHILE S.p.A.","BRIMONIDINA",""
"","F-28277/24","PARECOXIB LIOFILIZADO PARA SOLUCIÓN INYECTABLE 40 mg","5/6/2024","LABORATORIO BIOSANO S.A.","PARECOXIB",""
"","F-25997/21","PARGEVERINA CLORHIDRATO 5 mg/mL SOLUCIÓN PARA GOTAS ORALES","2/23/2021","LABORATORIO HOSPIFARMA CHILE LTDA.","PARGEVERINA",""
"","F-27123/22","PARGEVERINA CLORHIDRATO SOLUCIÓN INYECTABLE 5 mg/1 mL","11/3/2022","BPH S.A.","PARGEVERINA",""
"","F-21075/24","PARGEVERINA CLORHIDRATO SOLUCIÓN INYECTABLE 5 mg/1 mL","4/29/2014 1:10","LABORATORIO BIOSANO S.A.","PARGEVERINA",""
"","F-26223/21","PARGEVERINA CLORHIDRATO SOLUCIÓN PARA GOTAS ORALES 5 mg/mL","6/23/2021","WINPHARM S.p.A.","PARGEVERINA",""
"","F-26094/21","PARGEVERINA CLORHIDRATO/METAMIZOL MAGNÉSICO SOLUCIÓN PARA GOTAS ORALES","4/13/2021","WINPHARM S.p.A.","METAMIZOL MAGNESICO//PARGEVERINA",""
"","F-28114/24","PARITERIB CAPSULAS 100 mg (PALBOCICLIB)","3/4/2024","ASKENY CHILE S.p.A.","PALBOCICLIB",""
"","F-28115/24","PARITERIB CÁPSULAS 125 mg (PALBOCICLIB)","3/4/2024","ASKENY CHILE S.p.A.","PALBOCICLIB",""
"","F-28113/24","PARITERIB CÁPSULAS 75 mg (PALBOCICLIB)","3/4/2024","ASKENY CHILE S.p.A.","PALBOCICLIB",""
"","F-26150/21","PARITOL SOLUCIÓN INYECTABLE 5mcg/1mL (PARICALCITOL)","5/17/2021","COMERCIALIZADORA PHARMACOSANTE LIMITADA","PARICALCITOL",""
"","F-28229/24","PARKPEX COMPRIMIDOS DE LIBERACIÓN PROLONGADA 0,375 mg (PRAMIPEXOL DICLORHIDRATO MONOHIDRATO) ","4/10/2024","FARMEDICAL S.p.A.","PRAMIPEXOL",""
"","F-28224/24","PARKPEX COMPRIMIDOS DE LIBERACIÓN PROLONGADA 1,5 mg (PRAMIPEXOL DICLORHIDRATO MONOHIDRATO) ","4/10/2024","FARMEDICAL S.p.A.","PRAMIPEXOL",""
"","F-17637/24","PARMITAL COMPRIMIDOS 0,25 mg (PRAMIPEXOL DICLORHIDRATO MONOHIDRATADO)","6/26/2009","TECNOFARMA S.A.","PRAMIPEXOL",""
"","F-17636/24","PARMITAL COMPRIMIDOS 1 mg","6/26/2009","TECNOFARMA S.A.","PRAMIPEXOL",""
"","F-19318/22","PARODOX COMPRIMIDOS RECUBIERTOS 20 mg","3/20/2012","EUROFARMA CHILE SpA","PAROXETINA",""
"","F-25937/26","PARODOX XR COMPRIMIDOS CON RECUBRIMIENTO ENTÉRICO DE LIBERACIÓN PROLONGADA 25 mg (PAROXETINA)","1/19/2021","EUROFARMA CHILE SpA","PAROXETINA",""
"","F-13726/24","PAROXETINA COMPRIMIDOS RECUBIERTOS 20 mg","5/6/2004","LABORATORIO CHILE S.A.","PAROXETINA",""
"","F-16751/23","PAROXETINA COMPRIMIDOS RECUBIERTOS 20 mg","3/20/2008","MINTLAB Co. S.A.","PAROXETINA",""
"","F-24176/23","PAROXETINA COMPRIMIDOS RECUBIERTOS 20 mg","10/11/2018","DIFEM LABORATORIOS S.A.","PAROXETINA",""
"","F-26495/21","PARSABIV SOLUCIÓN INYECTABLE 5 mg/1 mL (ETELCALCETIDA)","11/9/2021","TECNOFARMA S.A.","ETELCALCETIDA",""
"","F-24699/24","PASMITEX COMPUESTO SOLUCIÓN PARA GOTAS ORALES","3/12/2019","SCM PHARMA S.p.A.","METAMIZOL MAGNESICO//PARGEVERINA",""
"","F-24499/23","PASMITEX SOLUCIÓN PARA GOTAS ORALES 5 mg/mL (PARGEVERINA CLORHIDRATO)","12/27/2018","SCM PHARMA S.p.A.","PARGEVERINA",""
"","B-2831/25","PASURTA SOLUCIÓN INYECTABLE 140 mg/ 1 mL (ERENUMAB)","8/31/2020","NOVARTIS CHILE S.A.","ERENUMAB",""
"","B-2740/23","PASURTA SOLUCIÓN INYECTABLE 70 mg/1mL (ERENUMAB)","12/5/2018","NOVARTIS CHILE S.A.","ERENUMAB",""
"","F-15242/25","PATANOL S SOLUCIÓN OFTÁLMICA 0,2 % (OLOPATADINA CLORHIDRATO)","12/11/2005","NOVARTIS CHILE S.A.","OLOPATADINA",""
"","F-720/23","PATANOL SOLUCIÓN OFTÁLMICA 0,1% (OLOPATADINA CLORHIDRATO)","9/4/1998","NOVARTIS CHILE S.A.","OLOPATADINA",""
"","F-26519/21","PAUSE-500 COMPRIMIDOS RECUBIERTOS 500 mg (ÁCIDO TRANEXÁMICO)","12/1/2021","EMCURE PHARMA CHILE S.p.A.","ACIDO TRANEXAMICO",""
"","F-27733/23","PAXLOVID COMPRIMIDOS RECUBIERTOS ","8/11/2023","PFIZER CHILE S.A.","NIRMATRELVIR//RITONAVIR",""
"","F-5475/25","PAXON COMPRIMIDOS 10 mg","7/11/1987 2:10","EUROLAB LTDA.","BUSPIRONA",""
"","F-5476/25","PAXON COMPRIMIDOS 5 mg","7/11/1987 2:10","EUROLAB LTDA.","BUSPIRONA",""
"","F-27200/22","PAZIB CÁPSULAS 100 mg (PALBOCICLIB)","12/5/2022","SEVEN PHARMA CHILE S.p.A.","PALBOCICLIB",""
"","F-27201/22","PAZIB CÁPSULAS 125 mg","12/5/2022","SEVEN PHARMA CHILE S.p.A.","PALBOCICLIB",""
"","F-27212/22","PAZIB CÁPSULAS 75 mg (PALBOCICLIB)","12/12/2022","SEVEN PHARMA CHILE S.p.A.","PALBOCICLIB",""
"","F-27726/23","PAZITORZ COMPRIMIDOS RECUBIERTOS 200 mg (PAZOPANIB)","8/9/2023","DR. REDDYS LABORATORIES CHILE S.p.A.","PAZOPANIB",""
"","F-27725/23","PAZITORZ COMPRIMIDOS RECUBIERTOS 400 mg (PAZOPANIB)","8/9/2023","DR. REDDY'S LABORATORIES CHILE S.p.A.","PAZOPANIB",""
"","K-79/25","PECTOKAST JARABE","11/14/1984","KNOP LABORATORIOS S.A.","","Estupefaciente"
"","F-18845/21","PEDIALYTE 60 SOLUCIÓN ORAL SABOR UVA","8/31/2011","ABBOTT LABORATORIES DE CHILE LTDA.","GLUCOSA//POTASIO CLORURO//SODIO CITRATO//SODIO CLORURO//ZINC GLUCONATO",""
"","F-25098/24","PEDITRACE, CONCENTRADO PARA SOLUCIÓN PARA PERFUSIÓN","10/24/2019","FRESENIUS KABI CHILE LTDA.","COBRE CLORURO//MANGANESO CLORURO//SODIO FLUORURO//SODIO SELENITO//YODURO DE POTASIO//ZINC CLORURO",""
"","B-2349/23","PEGASYS SOLUCIÓN INYECTABLE 180 mcg/ 0,5 mL (PEGINTERFERON ALFA - 2A)","11/6/2013","INNOVATIVE MEDICINES S.A. - AGENCIA EN CHILE","PEGINTERFERON ALFA - 2A",""
"","F-28005/24","PEMETREXED LIOFILIZADO PARA CONCENTRADO PARA SOLUCIÓN INYECTABLE PARA PERFUSIÓN 500 mg","1/2/2024","GLENMARK FARMACEUTICA S.p.A.","PEMETREXED",""
"","F-26133/21","PEMETREXED LIOFILIZADO PARA SOLUCIÓN CONCENTRADA PARA PERFUSIÓN 500 mg","5/3/2021","ALEMBIC PHARMACEUTICALS S.p.A.","PEMETREXED",""
"","F-22232/25","PEMETREXED LIOFILIZADO PARA SOLUCIÓN INYECTABLE 500 mg (PEMETREXED)","10/26/2015","LIBRA CHILE S.A.","PEMETREXED",""
"","F-24234/23","PEMGEM LIOFILIZADO PARA SOLUCIÓN INYECTABLE 500 mg (Pemetrexed)","10/29/2018","DR. REDDYS LABORATORIES CHILE S.p.A.","PEMETREXED",""
"","F-25780/25","PEMIREX LIOFILIZADO PARA SOLUCIÓN INYECTABLE 500 mg (PEMETREXED)","11/9/2020","INVERSIONES PHARMAVISAN S.A.","PEMETREXED",""
"","F-24582/24","PEMTERO LIOFILIZADO PARA SOLUCIÓN INYECTABLE 100 mg","1/23/2019","SEVEN PHARMA CHILE S.p.A.","PEMETREXED",""
"","F-24585/24","PEMTERO LIOFILIZADO PARA SOLUCIÓN INYECTABLE 500 mg (PEMETREXED)","1/23/2019","SEVEN PHARMA CHILE S.p.A.","PEMETREXED",""
"","F-24459/24","PENICILINA G POLVO PARA SOLUCIÓN INYECTABLE 2.000.000 U.I.","12/30/1999","BPH S.A.","PENICILAMINA",""
"","F-25949/21","PENTASA COMPRIMIDOS DE LIBERACIÓN PROLONGADA 1g (MESALAZINA)","2/2/2021 2:10","FERRING PRODUCTOS FARMACÉUTICOS SpA","Mesalazina",""
"","F-11063/26","PENTASA COMPRIMIDOS DE LIBERACIÓN PROLONGADA 500 mg","1/10/1997","FERRING PRODUCTOS FARMACÉUTICOS SpA","MESALAZINA",""
"","F-15552/21","PENTASA GRANULADO ORAL DE LIBERACIÓN PROLONGADA 1 g, EN SOBRES.","5/24/2006","FERRING PRODUCTOS FARMACÉUTICOS SpA","MESALAZINA",""
"","F-16931/23","PENTASA GRANULADO ORAL DE LIBERACIÓN PROLONGADA 2 g, EN SOBRES (MESALAZINA)","7/23/2008","FERRING PRODUCTOS FARMACÉUTICOS SpA","MESALAZINA",""
"","F-21959/25","PENTASA SUPOSITORIOS 1 g (MESALAZINA)","6/24/2015","FERRING PRODUCTOS FARMACÉUTICOS SpA","MESALAZINA",""
"","F-23513/22","PENTINOR CÁPSULAS 150 mg (PREGABALINA)","6/19/2017","ASCEND LABORATORIES S.p.A.","PREGABALINA",""
"","F-27228/22","PENTINOR CAPSULAS 50 mg (PREGABALINA)","12/21/2022","ASCEND LABORATORIES S.p.A.","PREGABALINA",""
"","F-23514/22","PENTINOR CÁPSULAS 75 mg","6/19/2017","ASCEND LABORATORIES S.p.A.","Pregabalina",""
"","F-9476/21","PENTOXIFILINA COMPRIMIDOS RECUBIERTOS DE LIBERACIÓN PROLONGADA 400 mg","11/5/2001 2:10","MINTLAB Co. S.A.","PENTOXIFILINA",""
"","F-2625/24","PENTOXIFILINA COMPRIMIDOS RECUBIERTOS DE LIBERACIÓN PROLONGADA 400 mg","12/10/1999","BPH S.A.","PENTOXIFILINA",""
"","F-11168/21","PENTOXIFILINA COMPRIMIDOS RECUBIERTOS DE LIBERACIÓN PROLONGADA 400 mg","12/19/1996","RECBEN XENERICS FARMACÉUTICA LTDA.","PENTOXIFILINA",""
"","F-26181/21","PENTREN LIOFILIZADO PARA SOLUCIÓN INYECTABLE 40 mg CON SOLVENTE (OMEPRAZOL)","5/31/2021","PISA FARMACÉUTICA DE CHILE S.p.A.","OMEPRAZOL",""
"","F-8477/21","PEREBRON ADULTO JARABE 50 mg/5 mL","3/14/1990","LABORATORIO CHILE S.A.","OXOLAMINA",""
"","F-1393/23","PEREBRON INFANTIL JARABE 28 mg/5 mL (OXOLAMINA CITRATO","4/7/1962","LABORATORIO CHILE S.A.","Oxolamina",""
"","B-2790/25","PERGOVERIS (300 UI + 150 UI)/0,48 mL SOLUCIÓN INYECTABLE EN PLUMA PRECARGADA","2/10/2020","MERCK S.A.","FOLITROPINA ALFA//LUTROPINA ALFA",""
"","B-2791/25","PERGOVERIS (450 UI + 225 UI )/0,72 mL SOLUCIÓN INYECTABLE EN PLUMA PRECARGADA","2/10/2020","MERCK S.A.","FOLITROPINA ALFA//LUTROPINA ALFA",""
"","B-2792/25","PERGOVERIS (900 UI + 450 UI)/1,44 mL SOLUCIÓN INYECTABLE EN PLUMA PRECARGADA","2/10/2020","MERCK S.A.","FOLITROPINA ALFA//LUTROPINA ALFA",""
"","F-26988/22","PERIFERIX N COMPRIMIDOS 75 mg (PREGABALINA)","8/16/2022","MINTLAB Co. S.A.","PREGABALINA",""
"","F-21806/25","PERIOLIMEL N4E EMULSIÓN INYECTABLE","4/15/2015","INDUSTRIAL Y COMERCIAL BAXTER DE CHILE LTDA.","ACEITE DE OLIVA//ACIDO ASPARTICO//ACIDO GLUTAMICO//ALANINA//ARGININA//CALCIO CLORURO//FENILALANINA//GLICINA//GLUCOSA//HISTIDINA//ISOLEUCINA//LEUCINA//LISINA//MAGNESIO CLORURO//METIONINA//POTASIO CLORURO//PROLINA//SERINA//SODIO ACETATO//SODIO GLICEROFOSFATO//TIROSINA//TREONINA//TRIPTOFANO//VALINA",""
"","B-2348/23","PERJETA CONCENTRADO PARA SOLUCIÓN PARA PERFUSIÓN 420 mg/14 mL (PERTUZUMAB)","10/21/2013","ROCHE CHILE LTDA.","PERTUZUMAB",""
"","F-19828/23","PERLARA CÁPSULAS 10 mg (LENALIDOMIDA)","3/19/2013","LABORATORIOS RECALCINE S.A.","LENALIDOMIDA",""
"","F-19829/23","PERLARA CÁPSULAS 15 mg","3/19/2013","LABORATORIOS RECALCINE S.A.","LENALIDOMIDA",""
"","F-19830/23","PERLARA CÁPSULAS 25 mg (LENALIDOMIDA)","3/20/2013","LABORATORIOS RECALCINE S.A.","LENALIDOMIDA",""
"","F-19827/23","PERLARA CÁPSULAS 5 mg (LENALIDOMIDA)","3/19/2013","LABORATORIOS RECALCINE S.A.","LENALIDOMIDA",""
"","F-19032/21","PERNOVIN CREMA DÉRMICA 1%","11/2/2011","LABORATORIOS RECALCINE S.A.","SULFADIAZINA",""
"","F-17500/24","PERTIUM COMPRIMIDOS 5 mg (NEBIVOLOL)","4/29/2009","LABORATORIOS SAVAL S.A.","NEBIVOLOL",""
"","F-3588/25","PERVIORAL COMPRIMIDOS RECUBIERTOS 500 mg","5/3/2000","MEGALABS CHILE S.A.","VALACICLOVIR",""
"","F-21487/24","PEUTIC 40 LIOFILIZADO PARA SOLUCIÓN INYECTABLE 40 mg (ESOMEPRAZOL), CON SOLVENTE","10/27/2014","LABORATORIOS SMB FARMA S.A.","ESOMEPRAZOL",""
"","F-23962/23","PEYONA SOLUCIÓN PARA PERFUSIÓN Y SOLUCIÓN ORAL 20 mg/ 1 mL","7/23/2018","LABORATORIO BIOSANO S.A.","CAFEINA",""
"","F-24314/23","PHALVAXRED SOLUCIÓN INYECTABLE 250 mg / 5 mL (Fulvestrant)","11/19/2018","DR. REDDYS LABORATORIES CHILE S.p.A.","FULVESTRANT",""
"","B-2931/22","PHESGO 1200/600 SOLUCIÓN INYECTABLE","4/12/2022","ROCHE CHILE LTDA.","PERTUZUMAB//TRASTUZUMAB",""
"","B-2932/22","PHESGO 600/600 SOLUCIÓN INYECTABLE","4/12/2022","ROCHE CHILE LTDA.","PERTUZUMAB//TRASTUZUMAB",""
"","F-11631/21","PHOSLO COMPRIMIDOS 667 mg","9/10/1994","LABORATORIO PASTEUR S.A.","CALCIO ACETATO",""
"","B-2267/23","PHOSOME B LIPOSOMAL LIOFILIZADO PARA SUSPENSIÓN PARA PERFUSIÓN 50 mg (AMFOTERICINA B LIPOSOMAL)","8/30/2013","INDOPHARMA S.A.","AMFOTERICINA B",""
"","N-634/22","PIASCLEDINE CÁPSULAS","7/18/2022","MEGALABS CHILE S.A.","",""
"","N-464/23","PIASCLEDINE CÁPSULAS","6/11/2008","MEGALABS CHILE S.A.","",""
"","F-17986/25","PICLOKARE COMPRIMIDOS RECUBIERTOS 75 mg","4/5/2010","DR. REDDY'S LABORATORIES CHILE S.p.A.","CLOPIDOGREL",""
"","F-21441/24","PICOPREP POLVO PARA SOLUCIÓN ORAL, EN SOBRES","10/8/2014","FERRING PRODUCTOS FARMACÉUTICOS SpA","ACIDO CITRICO//MAGNESIO OXIDO//SODIO PICOSULFATO",""
"","F-14640/25","PICOSULFATO DE SODIO COMPRIMIDOS 5 mg","4/6/2005","LABORATORIOS GARDEN HOUSE FARMACÉUTICA S.A.","SODIO PICOSULFATO",""
"","F-21393/24","PIELUN CREMA TÓPICA 0,05% (BETAMETASONA)","9/16/2014","OPKO CHILE S.A.","BETAMETASONA",""
"","F-20054/23","PIELUN CREMA TÓPICA 0,05%","7/1/2013","OPKO CHILE S.A.","BETAMETASONA",""
"","F-22997/21","PIETRA ED COMPRIMIDOS RECUBIERTOS 2 mg","8/23/2016","EUROFARMA CHILE SpA","Dienogest",""
"","F-1167/23","PILOCARPINA CLORHIDRATO SOLUCIÓN OFTÁLMICA 2%","6/27/1989","LABORATORIOS SAVAL S.A.","PILOCARPINA",""
"","F-1168/23","PILOCARPINA CLORHIDRATO SOLUCIÓN OFTÁLMICA 4%","6/26/1989","LABORATORIOS SAVAL S.A.","PILOCARPINA",""
"","F-26725/22","PIPAART COMPRIMIDOS RECUBIERTOS 50 mg","4/6/2022","PINNACLE CHILE S.p.A.","SILDENAFILO",""
"","F-19019/21","PIPERACILINA + TAZOBACTAM LIOFILIZADO PARA SOLUCIÓN INYECTABLE 4,5 g","11/2/2011 2:10","FRESENIUS KABI CHILE LTDA.","PIPERACILINA//TAZOBACTAM",""
"","F-15182/25","PIPERACILINA + TAZOBACTAM POLVO PARA SOLUCIÓN INYECTABLE","10/31/2005","LIBRA CHILE S.A.","PIPERACILINA//TAZOBACTAM",""
"","F-18598/21","PIPERACILINA + TAZOBACTAM POLVO PARA SOLUCIÓN INYECTABLE 4,5 g","4/26/2011","LABORATORIO BIOSANO S.A.","PIPERACILINA//TAZOBACTAM",""
"","F-24556/24","PIPERACILINA / TAZOBACTAM POLVO PARA SOLUCIÓN INYECTABLE 4,5 g","1/15/2019","DIFEM LABORATORIOS S.A.","PIPERACILINA//TAZOBACTAM",""
"","F-22028/25","PIPERACILINA/TAZOBACTAM 4,5 LIOFILIZADO PARA SOLUCIÓN INYECTABLE","7/24/2015","LABORATORIOS RICHMOND CHILE LIMITADA","PIPERACILINA//TAZOBACTAM",""
"","F-19007/21","PIPERACILINA/TAZOBACTAM LIOFILIZADO PARA SOLUCIÓN INYECTABLE 4,5 g","10/21/2011","LABVITALIS S.A.","PIPERACILINA//TAZOBACTAM",""
"","F-26763/22","PIPERACILINA/TAZOBACTAM POLVO PARA SOLUCIÓN INYECTABLE 4,5 g","4/26/2022","INDUSTRIAL Y COMERCIAL BAXTER DE CHILE LTDA.","PIPERACILINA//TAZOBACTAM",""
"","F-26888/22","PIPERACILINA/TAZOBACTAM POLVO PARA SOLUCIÓN INYECTABLE 4,5 g","7/6/2022","SIAA VIDA FARMA SPA","PIPERACILINA//TAZOBACTAM",""
"","F-19508/22","PIPETAZO LIOFILIZADO PARA SOLUCIÓN INYECTABLE 4,5 g","6/25/2012","EUROFARMA CHILE SpA","PIPERACILINA//TAZOBACTAM",""
"","F-25723/25","PIQRAY COMPRIMIDOS RECUBIERTOS 150 mg","10/7/2020","NOVARTIS CHILE S.A.","ALPELISIB",""
"","E-30/25","PIQRAY COMPRIMIDOS RECUBIERTOS 250 mg","10/7/2020","NOVARTIS CHILE S.A.","ALPELISIB",""
"","F-20502/23","PIRACISAN LIOFILIZADO PARA SOLUCIÓN INYECTABLE 4,5 g","11/12/2013","SANDOZ CHILE S.p.A.","PIPERACILINA//TAZOBACTAM",""
"","F-21543/24","PIRAZINAMIDA COMPRIMIDOS 500 mg","11/19/2014","VESALIUS PHARMA S.A.","PIRAZINAMIDA",""
"","F-1208/23","PIRETANYL JARABE","12/31/1959","LABORATORIO PASTEUR S.A.","CLORFENAMINA//METAMIZOL SODICO",""
"","F-3677/25","PIREXIL SUSPENSIÓN ORAL PARA GOTAS 46,44 mg/mL","6/7/2000 2:10","LABORATORIO PASTEUR S.A.","DICLOFENACO",""
"","F-11612/21","PIREXYL SUPOSITORIOS 12,5 mg","4/13/1992","LABORATORIO PASTEUR S.A.","DICLOFENACO",""
"","F-11613/21","PIREXYL SUPOSITORIOS 50 mg","4/13/1992","LABORATORIO PASTEUR S.A.","DICLOFENACO",""
"","F-28056/24","PIRFENIDONA CÁPSULAS 267 mg","1/29/2024","SIAA VIDA FARMA SPA","PIRFENIDONA",""
"","F-28346/24","PIRFENIDONA COMPRIMIDOS RECUBIERTOS 267 mg","7/1/2024","SEVEN PHARMA CHILE S.p.A.","PIRFENIDONA",""
"","F-27604/23","PIRFENIDONA COMPRIMIDOS RECUBIERTOS 267 mg","6/27/2023","ALEMBIC PHARMACEUTICALS S.p.A.","PIRFENIDONA",""
"","F-17231/23","PIRIDOSTIGMINA BROMURO COMPRIMIDOS 60 mg","11/27/2008","PHARMAMERICA LTDA.","PIRIDOSTIGMINA",""
"","F-25830/25","PIRIDOXINA CLORHIDRATO SOLUCIÓN INYECTABLE 100 mg/ 1 mL","12/1/2020","DIFEM LABORATORIOS S.A.","PIRIDOXINA",""
"","F-3356/25","PIRIDOXINA CLORHIDRATO SOLUCIÓN INYECTABLE 100 mg/mL","1/29/1987","LABORATORIO BIOSANO S.A.","PIRIDOXINA",""
"","F-16684/23","PIRONAL FLU FORTE COMPRIMIDOS RECUBIERTOS","2/4/2008","LABORATORIO BAGÓ DE CHILE S.A.","IBUPROFENO//PSEUDOEFEDRINA",""
"","F-13799/24","PIRONAL FLU FORTE SUSPENSIÓN ORAL","6/8/2004","LABORATORIO BAGÓ DE CHILE S.A.","IBUPROFENO//PSEUDOEFEDRINA",""
"","F-4010/25","PIROXICAM COMPRIMIDOS 20 mg","6/11/1985 2:10","LABORATORIO CHILE S.A.","PIROXICAM",""
"","F-25455/25","PIROXINC Crema tópica 1% (Ciclopirox olamina)","6/1/2020","ALPES CHEMIE S.A.","CICLOPIROX",""
"","F-26248/21","PIROXINC LACA PARA UÑAS 8% (CICLOPIROX) ","7/6/2021","ALPES CHEMIE S.A.","CICLOPIROX",""
"","F-25640/25","PISARPEK SOLUCIÓN ORAL 100 mg/mL (LEVETIRACETAM)","8/19/2020","PISA FARMACÉUTICA DE CHILE S.p.A.","LEVETIRACETAM",""
"","F-28361/24","PISATROM COMPRIMIDOS RECUBIERTOS 500 mg (CLARITROMICINA)","7/9/2024","PISA FARMACÉUTICA DE CHILE S.p.A.","CLARITROMICINA",""
"","F-22928/21","PISDENO SOLUCIÓN INYECTABLE 6 mg/2 mL","7/28/2016 2:10","PISA FARMACÉUTICA DE CHILE S.p.A.","ADENOSINA",""
"","F-27501/23","PIXAR COMPRIMIDOS RECUBIERTOS 2,5 mg (APIXABÁN)","5/15/2023","EUROFARMA CHILE SpA","APIXABAN",""
"","F-27502/23","PIXAR COMPRIMIDOS RECUBIERTOS 5 mg (APIXABÁN)","5/16/2023","EUROFARMA CHILE SpA","APIXABAN",""
"","B-1525/21","PLASBUMIN SOLUCIÓN INYECTABLE AL 20% (ALBUMINA HUMANA)","2/1/1997","GRIFOLS CHILE S.A.","ALBUMINA HUMANA",""
"","F-16581/23","PLAZOLIT FORTE SOLUCIÓN PARA GOTAS ORALES 10 mg/mL","1/14/2008","MINTLAB Co. S.A.","PARGEVERINA",""
"","F-16580/22","PLAZOLIT SOLUCIÓN PARA GOTAS ORALES 5 mg / mL (PARGEVERINA CLORHIDRATO)","12/3/2007","MINTLAB Co. S.A.","PARGEVERINA",""
"","B-2536/25","PLEGRIDY (PEGINTERFERON BETA-1A) RECOMBINANTE SOLUCIÓN INYECTABLE 63 mcg/0,5 mL Y 94 mcg/0,5 mL ","9/10/2015","BIOGEN CHILE S.p.A.","PEGINTERFERON BETA",""
"","B-2535/25","PLEGRIDY RECOMBINANTE SOLUCIÓN INYECTABLE 125 mcg/0,5 mL (PEGINTERFERON BETA-1A)","9/10/2015","BIOGEN CHILE S.p.A.","PEGINTERFERON BETA",""
"","F-25930/21","PLENAX COMPRIMIDOS 100 mg (AVANAFILO)","2/18/2021","LABORATORIOS RECALCINE S.A.","AVANAFILO",""
"","F-25947/21","PLENAX COMPRIMIDOS 200 mg (AVANAFILO)","2/18/2021","LABORATORIOS RECALCINE S.A.","AVANAFILO",""
"","F-25929/21","PLENAX COMPRIMIDOS 50 mg (AVANAFILO)","2/18/2021","LABORATORIOS RECALCINE S.A.","AVANAFILO",""
"","F-18791/21","PLENICA 150 CÁPSULAS 150 mg","8/5/2011","DEUTSCHE PHARMA S.A.","PREGABALINA",""
"","F-27522/23","PLENVU POLVO PARA SOLUCIÓN ORAL ","5/22/2023 0:00","FAES FARMA CHILE, SALUD Y NUTRICIÓN SpA","Macrogol 3350//;Sulfato De Sodio Anhidro//;Cloruro De Sodio//;Cloruro De Potasio//;Ascorbato De Sodio//;Ácido Ascórbico",""
"","F-26739/22","PLERIXAFOR SOLUCIÓN INYECTABLE 24 mg/1,2 mL","4/13/2022","MSN LABS CHILE S.p.A.","PLERIXAFOR",""
"","F-17512/24","PLURIAMIN COMPRIMIDOS CON RECUBRIMIENTO ENTÉRICO DE LIBERACIÓN PROLONGADA","4/29/2009","LABORATORIOS RECALCINE S.A.","DOXILAMINA//PIRIDOXINA",""
"","F-21011/24","PLURIAMIN COMPRIMIDOS CON RECUBRIMIENTO ENTÉRICO","4/7/2014","LABORATORIOS RECALCINE S.A.","DOXILAMINA//PIRIDOXINA",""
"","F-9434/21","PLUSEFEC COMPRIMIDOS RECUBIERTOS 100 mg","10/22/2001","CHEMOPHARMA S.A.","SILDENAFILO",""
"","F-9433/21","PLUSEFEC COMPRIMIDOS RECUBIERTOS 50 mg","10/22/2001","CHEMOPHARMA S.A.","SILDENAFILO",""
"","B-1996/22","PNEUMOVAX 23 VACUNA PNEUMOCOCICA POLIVALENTE SOLUCIÓN INYECTABLE","10/9/2007","MERCK SHARP & DOHME (I.A.) LLC","",""
"","F-20224/23","POEM FEM COMPRIMIDOS RECUBIERTOS","8/14/2013","LABORATORIOS SILESIA S.A.","ESTRADIOL//NOMEGESTROL",""
"","F-11855/22","POENCAÍNA SOLUCIÓN OFTÁLMICA 0,5% (PROPARACAINA)","4/9/2002","MEGALABS CHILE S.A.","PROPARACAINA",""
"","B-2817/22","POENTOBRAL PLUS UNGÜENTO OFTÁLMICO","1/31/2017","MEGALABS CHILE S.A.","DEXAMETASONA//TOBRAMICINA",""
"","B-2927/22","POLIMIXINA B LIOFILIZADO PARA SOLUCIÓN INYECTABLE 500.000 UI","3/11/2022","REPRESENTACIONES BIOTEC S.p.A.","POLIMIXINA B SULFATO",""
"","F-11109/21","POLIVITAMÍNICO CON ZINC JARABE","10/25/1994","LABORATORIOS LAFI LTDA.","ACIDO ASCORBICO//ACIDO FOLICO//CALCIO PANTOTENATO//CALCIO PANTOTENATO//ERGOCALCIFEROL//NICOTINAMIDA//PIRIDOXINA//RETINOL//RIBOFLAVINA//TIAMINA//ZINC SULFATO",""
"","F-26272/21","POLLIVAL SOLUCION OFTÁLMICA 0,05% (AZELASTINA CLORHIDRATO)","7/21/2021","PHARMARIS CHILE S.p.A.","AZELASTINA",""
"","B-3037/24","POLYPTIN POLVO PARA SOLUCIÓN INYECTABLE 3.000.000 U.I. (COLISTIMETATO SÓDICO)","6/19/2024","LIBRA CHILE S.A.","COLISTIMETATO",""
"","F-22342/25","POMALYST CÁPSULAS 4 mg (POMALIDOMIDA)","12/16/2015 2:10","BRISTOL - MYERS SQUIBB DE CHILE","POMALIDOMIDA",""
"","F-27435/23","PONAZIC COMPRIMIDOS RECUBIERTOS 15 mg (PONATINIB)","4/5/2023","TECNOFARMA S.A.","PONATINIB",""
"","F-27439/23","PONAZIC COMPRIMIDOS RECUBIERTOS 45 mg (PONATINIB)","4/5/2023","TECNOFARMA S.A.","PONATINIB",""
"","F-8481/21","POSIVYL COMPRIMIDOS RECUBIERTOS 20 mg (PAROXETINA CLORHIDRATO HEMIHIDRATO)","12/19/1996","LABORATORIO CHILE S.A.","PAROXETINA",""
"","F-2277/24","POTASIO GLUCONATO ELIXIR AL 31,2%","3/18/1971","LABORATORIO CHILE S.A.","POTASIO GLUCONATO",""
"","F-17448/24","PRADAXA CÁPSULAS 110 mg","3/31/2009","BOEHRINGER INGELHEIM LTDA.","DABIGATRAN",""
"","F-18648/21","PRADAXA CÁPSULAS 150 mg (DABIGATRÁN ETEXILATO)","5/25/2011","BOEHRINGER INGELHEIM LTDA.","DABIGATRAN",""
"","F-17447/24","PRADAXA CÁPSULAS 75 mg","3/31/2009","BOEHRINGER INGELHEIM LTDA.","DABIGATRAN",""
"","F-22789/21","PRAIVA SOLUCIÓN INYECTABLE 400 mg/250 mL","6/16/2016","EUROFARMA CHILE SpA","MOXIFLOXACINO",""
"","F-22013/25","PRAMIPEXOL DICLORHIDRATO MONOHIDRATO COMPRIMIDOS 0,25 mg","7/22/2015","MEDINOVA FARMA LTDA.","PRAMIPEXOL",""
"","F-18501/21","PRAMIPEXOL DICLORHIDRATO MONOHIDRATO COMPRIMIDOS 1 mg","2/9/2011","OPKO CHILE S.A.","PRAMIPEXOL",""
"","F-18500/21","PRAMIPEXOL DICLORHIDRATO MONOHIDRATO COMPRIMIDOS 0,25 mg","2/9/2011","OPKO CHILE S.A.","PRAMIPEXOL",""
"","F-23744/23","PRAMIPEXOL DICLORHIDRATO MONOHIDRATO COMPRIMIDOS 0,25 mg","3/16/2018","DIFEM LABORATORIOS S.A.","PRAMIPEXOL",""
"","F-23745/23","PRAMIPEXOL DICLORHIDRATO MONOHIDRATO COMPRIMIDOS 1 mg","3/19/2018","DIFEM LABORATORIOS S.A.","PRAMIPEXOL",""
"","F-22134/25","PRAMIPEXOL DICLORHIDRATO MONOHIDRATO COMPRIMIDOS 1 mg","9/15/2015","MEDINOVA FARMA LTDA.","PRAMIPEXOL",""
"","B-2645/21","PRAXBIND RECOMBINANTE SOLUCIÓN INYECTABLE 2,5 g/50 mL (IDARUCIZUMAB)","9/28/2016","BOEHRINGER INGELHEIM LTDA.","IDARUCIZUMAB",""
"","F-1263/23","PRAYANOL CÁPSULAS 100 mg","6/17/1969","INSTITUTO SANITAS S.A.","AMANTADINA",""
"","F-7209/25","PRECEDEX SOLUCIÓN INYECTABLE 100 mcg/mL (DEXMEDETOMIDINA)","11/10/2000","PFIZER CHILE S.A.","DEXMEDETOMIDINA",""
"","F-21630/25","PRECEDEX SOLUCIÓN INYECTABLE 200 mcg/50 mL (DEXMEDETOMIDINA)","1/5/2015","PFIZER CHILE S.A.","DEXMEDETOMIDINA",""
"","F-21195/24","PRECEDEX SOLUCIÓN INYECTABLE 400 mcg/100 mL (DEXMEDETOMIDINA)","6/23/2014","PFIZER CHILE S.A.","DEXMEDETOMIDINA",""
"","F-8483/21","PRECLAR COMPRIMIDOS RECUBIERTOS 500 mg","4/16/1997","LABORATORIO CHILE S.A.","CLARITROMICINA",""
"","F-23420/22","PREDESCAL CÁPSULAS BLANDAS 0,25 mcg (CALCITRIOL)","4/10/2017","BPH S.A.","CALCITRIOL",""
"","F-25788/25","PREDNISOLONA ACETATO SUSPENSIÓN OFTÁLMICA 1%","11/17/2020","PHARMATECH CHILE S.p.A.","PREDNISOLONA",""
"","F-26877/22","PREDNISONA COMPRIMIDOS 20 mg","6/29/2022","LABORATORIO HOSPIFARMA CHILE LTDA.","PREDNISONA",""
"","F-14411/24","PREDNISONA COMPRIMIDOS RECUBIERTOS 20 mg","12/28/2004","LABORATORIO CHILE S.A.","PREDNISONA",""
"","F-24300/23","PREGABALINA CAPSULAS 150 mg ","11/12/2018","DIFEM LABORATORIOS S.A.","PREGABALINA",""
"","F-28710/25","PREGABALINA Capsulas 150 mg","2/5/2025","EMCURE PHARMA CHILE S.p.A.","PREGABALINA",""
"","F-28149/24","PREGABALINA CÁPSULAS 150 mg ","3/18/2024","MSN LABS CHILE S.p.A.","PREGABALINA",""
"","F-28862/25","PREGABALINA CÁPSULAS 150 mg","5/19/2025","SEVEN PHARMA CHILE S.p.A.","PREGABALINA",""
"","F-23371/22","PREGABALINA CÁPSULAS 150 mg","3/15/2017","SEVEN PHARMA CHILE S.p.A.","PREGABALINA",""
"","F-22904/21","PREGABALINA CÁPSULAS 150 mg","7/27/2016 2:10","ASCEND LABORATORIES S.p.A.","PREGABALINA",""
"","F-27427/23","PREGABALINA CÁPSULAS 150 mg","4/6/2023","ALEMBIC PHARMACEUTICALS S.p.A.","PREGABALINA",""
"","F-27413/23","PREGABALINA CÁPSULAS 150 mg","4/5/2023","MDC HEALTH S.p.A.","PREGABALINA",""
"","F-26117/21","PREGABALINA CÁPSULAS 150 mg","4/27/2021","EUROFARMA CHILE SpA","PREGABALINA",""
"","F-27425/23","PREGABALINA CÁPSULAS 50 mg","4/4/2023","ALEMBIC PHARMACEUTICALS S.p.A.","PREGABALINA",""
"","F-24304/23","PREGABALINA CAPSULAS 75 mg ","11/12/2018","DIFEM LABORATORIOS S.A.","PREGABALINA",""
"","F-28151/24","PREGABALINA CAPSULAS 75 mg ","3/19/2024","MSN LABS CHILE S.p.A.","PREGABALINA",""
"","F-28709/25","PREGABALINA Capsulas 75 mg","2/5/2025","EMCURE PHARMA CHILE S.p.A.","PREGABALINA",""
"","F-28863/25","PREGABALINA CÁPSULAS 75 mg","5/19/2025","SEVEN PHARMA CHILE S.p.A.","PREGABALINA",""
"","F-23005/21","PREGABALINA CÁPSULAS 75 mg","8/24/2016","ASCEND LABORATORIES S.p.A.","PREGABALINA",""
"","F-27426/23","PREGABALINA CÁPSULAS 75 mg","4/5/2023","ALEMBIC PHARMACEUTICALS S.p.A.","PREGABALINA",""
"","F-27437/23","PREGABALINA CÁPSULAS 75 mg","4/5/2023","MDC HEALTH S.p.A.","PREGABALINA",""
"","F-26118/21","PREGABALINA CÁPSULAS 75 mg","4/27/2021","EUROFARMA CHILE SpA","PREGABALINA",""
"","F-22472/21","PREGABALINA CÁPSULAS 75 mg","2/18/2016 2:10","SEVEN PHARMA CHILE S.p.A.","PREGABALINA",""
"","F-26996/22","PREGABALINA COMPRIMIDOS 75 mg","8/18/2022","MINTLAB Co. S.A.","PREGABALINA",""
"","F-18423/25","PREGABAX 150 CÁPSULAS 150 mg (PREGABALINA)","12/14/2010","GADOR LTDA.","PREGABALINA",""
"","F-18424/25","PREGABAX 75 CÁPSULAS 75 mg (PREGABALINA)","12/15/2010","GADOR LTDA.","PREGABALINA",""
"","F-16184/22","PREGALEX COMPRIMIDOS 150 mg (PREGABALINA)","7/5/2007","LABORATORIOS ANDRÓMACO S.A.","PREGABALINA",""
"","F-26973/22","PREGALEX COMPRIMIDOS 150 mg (PREGABALINA)","8/8/2022","LABORATORIOS ANDRÓMACO S.A.","PREGABALINA",""
"","F-26972/22","PREGALEX COMPRIMIDOS 75 mg (PREGABALINA)","8/8/2022","LABORATORIOS ANDRÓMACO S.A.","PREGABALINA",""
"","F-16183/22","PREGALEX COMPRIMIDOS 75 mg (PREGABALINA)","7/10/2007","LABORATORIOS ANDRÓMACO S.A.","PREGABALINA",""
"","F-19726/22","PREGALIN COMPRIMIDOS 150 mg (PREGABALINA)","12/18/2017","ITF - LABOMED FARMACÉUTICA LTDA.","PREGABALINA",""
"","F-19725/22","PREGALIN COMPRIMIDOS 75 mg (PREGABALINA)","12/18/2012","ITF - LABOMED FARMACÉUTICA LTDA.","PREGABALINA",""
"","F-26498/21","PREGEX CÁPSULAS 150 mg (PREGABALINA)","11/10/2021","SEVEN PHARMA CHILE S.p.A.","PREGABALINA",""
"","F-28865/25","PREGEX CÁPSULAS 150 mg (PREGABALINA)","5/19/2025","SEVEN PHARMA CHILE S.p.A.","PREGABALINA",""
"","F-28864/25","PREGEX CÁPSULAS 75 mg (PREGABALINA)","5/19/2025","SEVEN PHARMA CHILE S.p.A.","PREGABALINA",""
"","F-26497/21","PREGEX CÁPSULAS 75 mg (PREGABALINA)","11/10/2021","SEVEN PHARMA CHILE S.p.A.","PREGABALINA",""
"","F-15322/25","PREGOBIN CÁPSULAS 150 mg","12/12/2005","LABORATORIOS RECALCINE S.A.","PREGABALINA",""
"","F-15321/25","PREGOBIN CÁPSULAS 75 mg","12/12/2005","LABORATORIOS RECALCINE S.A.","PREGABALINA",""
"","F-25812/25","PREMOXIN SOLUCIÓN OFTÁLMICA 0,5% (MOXIFLOXACINO) ","11/24/2020","ASCEND LABORATORIES S.p.A.","MOXIFLOXACINO",""
"","F-20228/23","PRENAL COMPRIMIDOS RECUBIERTOS","8/15/2013 1:10","MINTLAB Co. S.A.","ETINILESTRADIOL//GESTODENO",""
"","F-20187/23","PRENAL-20 COMPRIMIDOS RECUBIERTOS","8/5/2013 2:10","MINTLAB Co. S.A.","ETINILESTRADIOL//GESTODENO",""
"","F-661/23","PRESILAM COMPRIMIDOS 10 mg","7/28/1998","LABORATORIO PASTEUR S.A.","AMLODIPINO",""
"","F-662/23","PRESILAM COMPRIMIDOS 5 mg (AMLODIPINO)","7/29/1998","LABORATORIO PASTEUR S.A.","AMLODIPINO",""
"","F-25277/25","PRESOCOR COMPRIMIDOS RECUBIERTOS 5 mg (IVABRADINA)","2/4/2020","SYNTHON CHILE LTDA.","IVABRADINA",""
"","F-25278/25","PRESOCOR COMPRIMIDOS RECUBIERTOS 7,5 mg (IVABRADINA)","2/4/2020","SYNTHON CHILE LTDA.","IVABRADINA",""
"","F-19906/23","PRESTAT COMPRIMIDOS 150 mg","4/22/2013","LABORATORIO BAGÓ DE CHILE S.A.","PREGABALINA",""
"","F-22796/21","PRESTAT COMPRIMIDOS 50 mg (PREGABALINA)","6/21/2016 2:10","LABORATORIO BAGÓ DE CHILE S.A.","PREGABALINA",""
"","F-19905/23","PRESTAT COMPRIMIDOS 75 mg","4/22/2013","LABORATORIO BAGÓ DE CHILE S.A.","PREGABALINA",""
"","F-11652/21","PRESYC CREMA 0,025%","9/12/1995","LABORATORIO PASTEUR S.A.","CAPSAICINA",""
"","F-11667/21","PRESYC FORTE CREMA 0,075%","9/12/1995","LABORATORIO PASTEUR S.A.","CAPSAICINA",""
"","F-26619/22","PRETERAX 10/2,5 COMPRIMIDOS RECUBIERTOS","2/3/2022","LABORATORIO SERVIER CHILE LTDA.","INDAPAMIDA//PERINDOPRIL",""
"","F-8200/21","PRETERAX 2/0,625 COMPRIMIDOS","6/19/2001","LABORATORIO SERVIER CHILE LTDA.","INDAPAMIDA//PERINDOPRIL",""
"","F-8199/21","PRETERAX 4/1,25 COMPRIMIDOS","6/19/2001","LABORATORIO SERVIER CHILE LTDA.","INDAPAMIDA//PERINDOPRIL",""
"","F-26615/22","PRETERAX 5/1,25 COMPRIMIDOS RECUBIERTOS ","2/3/2022","LABORATORIO SERVIER CHILE LTDA.","INDAPAMIDA//PERINDOPRIL",""
"","B-2394/24","PREVENAR 13 VACUNA CONJUGADA PNEUMOCÓCICA 13 VALENTE SUSPENSIÓN INYECTABLE","5/27/2014","LABORATORIOS WYETH LLC.","",""
"","B-3154/25","PREVENAR 20 SUSPENSIÓN INYECTABLE (VACUNA PNEUMOCÓCICA POLISACÁRIDA CONJUGADA (20-VALENTE, ADSORBIDA))","11/3/2025","PFIZER CHILE S.A.","Polisacarido Pneumococico Serotipo 1;Polisacarido Pneumococico Serotipo 3;Polisacarido Pneumococico Serotipo 4;Polisacarido Pneumococico Serotipo 5;Polisacarido Pneumococico Serotipo 6A;Polisacarido Pneumococico Serotipo 6B;Polisacarido Pneumococico Serotipo 7F;Polisacarido Pneumococico Serotipo 8;Polisacarido Pneumococico Serotipo 9V;Polisacarido Pneumococico Serotipo 10A;Polisacarido Pneumococico Serotipo 11A;Polisacarido Pneumococico Serotipo12F;Polisacarido Pneumococico Serotipo 14;Polisacarido Pneumoco",""
"","F-25332/25","PREVID 200/25 COMPRIMIDOS RECUBIERTOS","3/10/2020","LABORATORIOS RICHMOND CHILE LIMITADA","EMTRICITABINA//TENOFOVIR",""
"","F-23944/23","PREXEL CÁPSULAS 75 MG (PREGABALINA)","7/18/2018","EXELTIS CHILE S.p.A.","PREGABALINA",""
"","F-28796/25","PREXEL CR COMPRIMIDOS RECUBIERTOS DE LIBERACIÓN PROLONGADA 165 mg (PREGABALINA)","4/14/2025","EXELTIS CHILE S.p.A.","PREGABALINA",""
"","F-28802/25","PREXEL CR COMPRIMIDOS RECUBIERTOS DE LIBERACIÓN PROLONGADA 330 mg (PREGABALINA)","4/14/2025","EXELTIS CHILE S.p.A.","PREGABALINA",""
"","F-28790/25","PREXEL CR COMPRIMIDOS RECUBIERTOS DE LIBERACIÓN PROLONGADA 82,5 mg (PREGABALINA)","4/14/2025","EXELTIS CHILE S.p.A.","PREGABALINA",""
"","F-22970/21","PREZCOBIX 800/150 COMPRIMIDOS RECUBIERTOS","9/1/2016","JOHNSON & JOHNSON DE CHILE S.A.","COBICISTAT//DARUNAVIR",""
"","F-19675/22","PREZISTA COMPRIMIDOS RECUBIERTOS 600 mg","12/26/2012","JOHNSON & JOHNSON DE CHILE S.A.","DARUNAVIR",""
"","F-23063/21","PRIDAM SOLUCIÓN INYECTABLE 4mg/4mL (NOREPINEFRINA)","9/14/2016","PISA FARMACÉUTICA DE CHILE S.p.A.","NOREPINEFRINA",""
"","F-24262/23","PRILAN COMPRIMIDOS 10 mg (ARIPIPRAZOL)","12/28/2018","ASCEND LABORATORIES S.p.A.","ARIPIPRAZOL",""
"","F-24251/23","PRILAN COMPRIMIDOS 15 mg","10/29/2018","ASCEND LABORATORIES S.p.A.","ARIPIPRAZOL",""
"","F-27334/23","PRILOTEKAL HIPERBÁRICA SOLUCIÓN INYECTABLE 100 mg/ 5 mL (PRILOCAÍNA CLORHIDRATO)","2/14/2023","B. BRAUN MEDICAL SpA","PRILOCAINA",""
"","F-11122/21","PRIMAQUIN COMPRIMIDOS RECUBIERTOS 1 mg","2/19/1997","LABORATORIOS LAFI LTDA.","ESTRADIOL",""
"","F-11123/21","PRIMAQUIN COMPRIMIDOS RECUBIERTOS 2 mg (ESTRADIOL)","9/7/1995","LABORATORIOS LAFI LTDA.","ESTRADIOL",""
"","F-11124/21","PRIMAQUIN MP COMPRIMIDOS RECUBIERTOS","10/24/1995","LABORATORIOS LAFI LTDA.","ESTRADIOL//MEDROXIPROGESTERONA",""
"","F-11125/21","PRIMAQUIN MP CONTINUO COMPRIMIDOS RECUBIERTOS","3/6/1997","LABORATORIOS LAFI LTDA.","ESTRADIOL//MEDROXIPROGESTERONA",""
"","F-25133/24","PRIMAX LACA PARA UÑAS 8% (CICLOPIROX)","11/20/2019","LABORATORIO PASTEUR S.A.","Ciclopirox",""
"","F-17009/23","PRIMENE SOLUCIÓN PARA INFUSIÓN INTRAVENOSA 10%","7/31/1998","INDUSTRIAL Y COMERCIAL BAXTER DE CHILE LTDA.","ACIDO ASPARTICO//ACIDO GLUTAMICO//ALANINA//ARGININA//CISTEINA//FENILALANINA//GLICINA//HISTIDINA//ISOLEUCINA//LEUCINA//LISINA//METIONINA//ORNITINA//PROLINA//SERINA//TAURINA//TIROSINA//TREONINA//TRIPTOFANO//VALINA",""
"","F-27962/23","PRIMIDONA COMPRIMIDOS 250 mg","12/4/2023","LABORATORIO BIOVAL S.p.A.","PRIMIDONA",""
"","F-1404/23","PRIMIDONA COMPRIMIDOS 250 mg","6/30/1967","LABORATORIO CHILE S.A.","PRIMIDONA",""
"","F-18380/25","PRIOSOL 2K SOLUCIÓN PARA HEMOFILTRACIÓN 2 mmol/L","11/15/2010","B. BRAUN MEDICAL SpA","BICARBONATO SODICO//CALCIO CLORURO//GLUCOSA//MAGNESIO CLORURO//POTASIO CLORURO//SODIO CLORURO",""
"","F-18381/25","PRIOSOL 4K SOLUCIÓN PARA HEMOFILTRACIÓN 4 mmol/L","11/15/2010","B. BRAUN MEDICAL SpA","BICARBONATO SODICO//CALCIO CLORURO//GLUCOSA//MAGNESIO CLORURO//POTASIO CLORURO//SODIO CLORURO",""
"","F-18382/25","PRIOSOL S/K SOLUCIÓN PARA HEMOFILTRACIÓN","11/15/2010","B. BRAUN MEDICAL SpA","BICARBONATO SODICO//CALCIO CLORURO//GLUCOSA//MAGNESIO CLORURO//SODIO CLORURO",""
"","F-24018/23","PRISTIQ COMPRIMIDOS RECUBIERTOS DE LIBERACIÓN PROLONGADA 100 mg (DESVENLAFAXINA)","8/22/2018","LABORATORIOS WYETH LLC.","DESVENLAFAXINA",""
"","F-24053/23","PRISTIQ COMPRIMIDOS RECUBIERTOS DE LIBERACIÓN PROLONGADA 50 mg (DESVENLAFAXINA)","8/22/2018","LABORATORIOS WYETH LLC.","DESVENLAFAXINA",""
"","F-17799/24","PRIVEX SOLUCIÓN TÓPICA LACA PARA UÑAS 8%","10/21/2009","LABORATORIO BAGÓ DE CHILE S.A.","CICLOPIROX",""
"","B-2396/24","PRIVIGEN (INMUNOGLOBULINA HUMANA NORMAL) SOLUCIÓN PARA PERFUSIÓN 10%","6/10/2014","CSL BEHRING S.p.A.","INMUNOGLOBULINA HUMANA",""
"","F-22572/21","PRIXIS COMPRIMIDOS RECUBIERTOS 120 mg","4/11/2016","LABORATORIOS RECALCINE S.A.","ETORICOXIB",""
"","F-22573/21","PRIXIS COMPRIMIDOS RECUBIERTOS 60 mg","4/11/2016","LABORATORIOS RECALCINE S.A.","ETORICOXIB",""
"","F-18853/21","PRO LERTUS CÁPSULAS DE LIBERACIÓN PROLONGADA 140 mg","9/30/2011","TECNOFARMA S.A.","DICLOFENACO",""
"","F-18716/21","PRO MERPAL CÁPSULAS DE LIBERACIÓN PROLONGADA 140 mg","7/4/2011","LABORATORIOS PRATER S.A.","DICLOFENACO",""
"","F-21683/25","PRO-BEXTRA LIOFILIZADO PARA SOLUCIÓN INYECTABLE 40 mg, CON SOLVENTE (PARECOXIB)","1/22/2015","PFIZER CHILE S.A.","PARECOXIB",""
"","F-25900/26","PROALID UNGÜENTO 0,03% (TACROLIMUS)","1/4/2021","MEGALABS CHILE S.A.","TACROLIMUS",""
"","F-25894/26","PROALID UNGÜENTO 0,1% (TACROLIMUS)","1/4/2021","MEGALABS CHILE S.A.","TACROLIMUS",""
"","F-28610/24","PROCORALAN COMPRIMIDOS RECUBIERTOS 5 mg (IVABRADINA)","11/21/2024","LABORATORIO SERVIER CHILE LTDA.","IVABRADINA",""
"","F-16293/22","PROCORALAN COMPRIMIDOS RECUBIERTOS 5 mg (IVABRADINA)","8/31/2007","LABORATORIO SERVIER CHILE LTDA.","IVABRADINA",""
"","F-16294/22","PROCORALAN COMPRIMIDOS RECUBIERTOS 7,5 mg (IVABRADINA)","8/31/2007","LABORATORIO SERVIER CHILE LTDA.","IVABRADINA",""
"","F-28611/24","PROCORALAN COMPRIMIDOS RECUBIERTOS 7,5 mg (IVABRADINA)","11/21/2024","LABORATORIO SERVIER CHILE LTDA.","IVABRADINA",""
"","F-19600/22","PROCTORAN POMADA 1%","10/10/2012 2:10","FAES FARMA CHILE, SALUD Y NUTRICIÓN SpA","HIDROCORTISONA",""
"","F-7187/25","PRODASONE COMPRIMIDOS 10 mg","7/20/1989","PFIZER CHILE S.A.","MEDROXIPROGESTERONA",""
"","F-12789/23","PRODASONE COMPRIMIDOS 5 mg","2/13/2003","PFIZER CHILE S.A.","MEDROXIPROGESTERONA",""
"","F-1209/23","PRODEL COMPRIMIDOS 4 mg","6/11/1959","LABORATORIO PASTEUR S.A.","CLORFENAMINA",""
"","F-6394/25","PRODEL JARABE 2 mg/5 mL (CLORFENAMINA)","5/19/1982 2:10","LABORATORIO PASTEUR S.A.","CLORFENAMINA",""
"","F-15681/21","PROFENID - BI COMPRIMIDOS DE LIBERACIÓN PROLONGADA 150 mg","9/8/2006","SANOFI-AVENTIS DE CHILE S.A.","KETOPROFENO",""
"","F-20625/23","PROGENDO CÁPSULAS BLANDAS 100 mg","12/10/2013","LABORATORIOS LAFI LTDA.","PROGESTERONA",""
"","F-20705/23","PROGENDO CÁPSULAS BLANDAS 200 mg","12/19/2013","LABORATORIOS LAFI LTDA.","PROGESTERONA",""
"","F-20624/23","PROGENDO CÁPSULAS BLANDAS 400 mg","12/9/2013 1:10","LABORATORIOS LAFI LTDA.","PROGESTERONA",""
"","F-21670/25","PROGESTERONA CÁPSULAS BLANDAS 100 mg","1/17/2015 2:10","EXELTIS CHILE S.p.A.","PROGESTERONA",""
"","F-27162/22","PROGESTERONA CÁPSULAS BLANDAS 100 mg","11/18/2022","VITAFARMA S.A.","PROGESTERONA",""
"","F-23480/22","PROGESTERONA CÁPSULAS BLANDAS 100 mg","6/5/2017","BPH S.A.","PROGESTERONA",""
"","F-23830/23","PROGEVA CÁPSULAS BLANDAS 200 mg (PROGESTERONA)","5/30/2018","ITF - LABOMED FARMACÉUTICA LTDA.","PROGESTERONA",""
"","F-12549/22","PROGRAF CÁPSULAS 0,5 mg","12/3/2002","GADOR LTDA.","TACROLIMUS",""
"","F-12550/22","PROGRAF CÁPSULAS 1 mg","12/3/2002","GADOR LTDA.","TACROLIMUS",""
"","F-12551/22","PROGRAF CÁPSULAS 5 mg","12/3/2002","GADOR LTDA.","TACROLIMUS",""
"","F-12548/22","PROGRAF SOLUCIÓN INYECTABLE 5 mg/mL","12/3/2002","GADOR LTDA.","TACROLIMUS",""
"","F-17476/24","PROGRAF XL CÁPSULAS DE LIBERACIÓN PROLONGADA 0,5 mg (TACROLIMUS)","4/16/2009","GADOR LTDA.","TACROLIMUS",""
"","F-17477/24","PROGRAF XL CÁPSULAS DE LIBERACIÓN PROLONGADA 1 mg (TACROLIMUS)","4/16/2009","GADOR LTDA.","TACROLIMUS",""
"","F-21079/24","PROGRAF XL CÁPSULAS DE LIBERACIÓN PROLONGADA 3 mg (TACROLIMUS)","5/2/2014","GADOR LTDA.","TACROLIMUS",""
"","F-17478/24","PROGRAF XL CÁPSULAS DE LIBERACIÓN PROLONGADA 5 mg (TACROLIMUS)","4/16/2009","GADOR LTDA.","TACROLIMUS",""
"","B-2516/25","PROLASTIN-C LIOFILIZADO PARA SOLUCIÓN INYECTABLE 1000 mg, CON SOLVENTE","7/24/2015","GRIFOLS CHILE S.A.","Inhibidor De La Alfa 1 Proteinasa Humana",""
"","B-2864/21","PROLIA SOLUCIÓN INYECTABLE 60 mg/1 mL (DENOSUMAB)","3/23/2021","TECNOFARMA S.A.","DENOSUMAB",""
"","F-10448/21","PROLONG 1000 SPRAY TÓPICO 11,5%","6/24/1993","LABORATORIO MAVER S.A.","LIDOCAINA",""
"","F-4169/25","PROLOPA COMPRIMIDOS 200 mg/50 mg","5/28/1982 2:10","ROCHE CHILE LTDA.","BENSERAZIDA//LEVODOPA",""
"","F-28111/24","PROLOPA COMPRIMIDOS 200 mg/50 mg","2/28/2024","ROCHE CHILE LTDA.","BENSERAZIDA//LEVODOPA",""
"","F-26438/21","PROLOPA COMPRIMIDOS DISPERSABLES 100 mg/25 mg","10/5/2021","ROCHE CHILE LTDA.","BENSERAZIDA//LEVODOPA",""
"","F-26322/21","PROLOPA HBS CÁPSULAS DE LIBERACIÓN PROLONGADA","8/9/2021","ROCHE CHILE LTDA.","BENSERAZIDA//LEVODOPA",""
"","F-25078/24","PROMYRTIL COMPRIMIDOS RECUBIERTOS 30 mg (MIRTAZAPINA)","10/7/2019","ORGANON CHILE S.p.A.","MIRTAZAPINA",""
"","F-21691/24","PROPESS ÓVULOS DE LIBERACIÓN PROLONGADA 10 mg","6/8/1999","FERRING PRODUCTOS FARMACÉUTICOS SpA","DINOPROSTONA",""
"","F-22918/21","PROPOFOL EMULSIÓN INYECTABLE 20 mg/mL","7/26/2016","B. BRAUN MEDICAL SpA","PROPOFOL",""
"","F-19205/22","PROPOFOL EMULSIÓN INYECTABLE 1%","1/16/2012","LABORATORIO BIOSANO S.A.","PROPOFOL",""
"","F-27127/22","PROPOFOL EMULSIÓN INYECTABLE 10 mg/ mL","11/2/2022","DIFEM LABORATORIOS S.A.","PROPOFOL",""
"","F-24248/23","PROPOFOL EMULSIÓN INYECTABLE 10 mg/mL","10/30/2018","NEOETHICALS CHILE S.p.A.","PROPOFOL",""
"","F-17929/25","PROPOFOL EMULSIÓN INYECTABLE 10 mg/mL","2/2/2010","B. BRAUN MEDICAL SpA","PROPOFOL",""
"","F-20853/24","PROPOFOL EMULSIÓN INYECTABLE 10 mg/mL","1/27/2014","B. BRAUN MEDICAL SpA","PROPOFOL",""
"","F-15946/22","PROPOFOL EMULSIÓN INYECTABLE 10 mg/mL","2/16/2007","FRESENIUS KABI CHILE LTDA.","PROPOFOL",""
"","F-28418/24","PROPOFOL EMULSIÓN INYECTABLE 10 mg/mL","8/12/2024","FLEXING CHILE S.p.A.","PROPOFOL",""
"","F-27086/22","PROPOFOL EMULSIÓN INYECTABLE 100 mg/10 mL","10/12/2022","NEOETHICALS CHILE S.p.A.","PROPOFOL",""
"","F-16015/22","PROPOFOL EMULSIÓN INYECTABLE 20 mg/mL","4/9/2007","FRESENIUS KABI CHILE LTDA.","PROPOFOL",""
"","F-28680/25","PROPOFOL EMULSIÓN INYECTABLE 20 mg/mL","1/16/2025","NEOETHICALS CHILE S.p.A.","PROPOFOL",""
"","F-28681/25","PROPOFOL EMULSIÓN INYECTABLE 20 mg/mL","1/16/2025","NEOETHICALS CHILE S.p.A.","PROPOFOL",""
"","F-28410/24","PROPOFOL EMULSIÓN INYECTABLE 20 mg/mL","8/16/2024","FLEXING CHILE S.p.A.","PROPOFOL",""
"","F-27031/22","PROPOFOL EMULSIÓN INYECTABLE 200 mg/20 mL","9/5/2022","NEOETHICALS CHILE S.p.A.","PROPOFOL",""
"","F-24827/24","PROPOFOL EMULSIÓN INYECTABLE 200 mg/20 mL","5/8/2019","SEVEN PHARMA CHILE S.p.A.","PROPOFOL",""
"","F-26620/22","PROPOFOL EMULSIÓN INYECTABLE 200 mg/20mL","2/2/2022","LABVITALIS S.A.","PROPOFOL",""
"","F-27692/23","PROPOVAN EMULSIÓN INYECTABLE 10 mg/ml (PROPOFOL)","7/26/2023","CRISTALIA CHILE S.p.A.","PROPOFOL",""
"","F-13795/24","PROPRANOLOL CLORHIDRATO COMPRIMIDOS 10 mg","5/20/2004","MINTLAB Co. S.A.","PROPRANOLOL",""
"","F-2279/24","PROPRANOLOL CLORHIDRATO COMPRIMIDOS 40 mg","1/2/1976","LABORATORIO CHILE S.A.","PROPRANOLOL",""
"","F-3440/25","PROPRANOLOL CLORHIDRATO COMPRIMIDOS 40 mg","5/9/2000","MINTLAB Co. S.A.","PROPRANOLOL",""
"","F-10910/21","PROPRANOLOL CLORHIDRATO SOLUCIÓN INYECTABLE 1 mg/1 mL","12/6/1993","LABORATORIO SANDERSON SpA","PROPRANOLOL",""
"","F-21242/24","PROSINA CÁPSULAS CON MICROGRÁNULOS DE LIBERACIÓN PROLONGADA 0,4 mg","7/10/2014","MEGALABS CHILE S.A.","TAMSULOSINA",""
"","N-3/26","PROSTAFORT CAPSULAS BLANDAS 320 mg","1/15/2001 2:10","KNOP LABORATORIOS S.A.","",""
"","F-22512/21","PROSTALIC COMPRIMIDOS RECUBIERTOS DE LIBERACIÓN PROLONGADA 0,4 mg (Tamsulosina clorhidrato)","3/17/2016","MINTLAB Co. S.A.","TAMSULOSINA",""
"","F-28897/25","PROSTENZA COMPRIMIDOS RECUBIERTOS 40 mg (ENZALUTAMIDA)","6/2/2025","SYNTHON CHILE LTDA.","ENZALUTAMIDA",""
"","F-25427/25","PROSTOP-D 0,5/0,4 CÁPSULAS CON CÁPSULA BLANDA Y GRÁNULOS ENTÉRICOS DE LIBERACIÓN SOSTENIDA","5/12/2020","LABORATORIOS SAVAL S.A.","DUTASTERIDA//TAMSULOSINA",""
"","B-2704/23","PROTAMINA SULFATO SOLUCIÓN INYECTABLE 50 mg/5 mL","7/5/2018","BPH S.A.","PROTAMINA SULFATO",""
"","F-24172/23","PROTIGA COMPRIMIDOS 250 mg","10/9/2018","SYNTHON CHILE LTDA.","ABIRATERONA",""
"","F-25616/25","PROTIGA COMPRIMIDOS RECUBIERTOS 500 mg (ACETATO DE ABIRATERONA)","8/10/2020","SYNTHON CHILE LTDA.","ABIRATERONA",""
"","F-23375/22","PROVOCHOLINE POLVO PARA SOLUCION DE INHALACIÓN ORAL 100 mg (METACOLINA CLORURO)","3/13/2017","ALLOS CHILE SpA","METACOLINA",""
"","F-21409/24","PRUCALEX COMPRIMIDOS RECUBIERTOS 2 mg (PRUCALOPRIDA )","9/22/2014","LABORATORIOS ANDRÓMACO S.A.","PRUCALOPRIDA",""
"","F-21618/24","PRUVAL COMPRIMIDOS RECUBIERTOS 1 mg (Prucaloprida)","12/18/2014","LABORATORIOS SAVAL S.A.","PRUCALOPRIDA",""
"","F-21619/24","PRUVAL COMPRIMIDOS RECUBIERTOS 2 mg (PRUCALOPRIDA)","12/18/2014","LABORATORIOS SAVAL S.A.","PRUCALOPRIDA",""
"","F-11112/21","PSEUDOEFEDRINA CLORHIDRATO CON PARACETAMOL, NOSCAPINA Y ÁCIDO ASCÓRBICO JARABE","10/18/1993","LABORATORIOS LAFI LTDA.","ACIDO ASCORBICO//NOSCAPINA//PARACETAMOL//PSEUDOEFEDRINA",""
"","F-12722/22","PSEUDOEFEDRINA CLORHIDRATO/CLORFENAMINA MALEATO 60 mg/4 mg COMPRIMIDOS RECUBIERTOS","12/30/2002","LABORATORIOS SAVAL S.A.","CLORFENAMINA//PSEUDOEFEDRINA",""
"","F-11064/21","PSEUDOEFEDRINA COMPUESTA CÁPSULAS","3/28/1994","LABORATORIOS LAFI LTDA.","ACIDO ASCORBICO//NOSCAPINA//PARACETAMOL//PSEUDOEFEDRINA",""
"","F-11065/21","PSEUDOEFEDRINA COMPUESTA JARABE","3/28/1994","LABORATORIOS LAFI LTDA.","ACIDO ASCORBICO//NOSCAPINA//PARACETAMOL//PSEUDOEFEDRINA",""
"","F-19276/22","PSICOCEN SL COMPRIMIDOS SUBLINGUALES 10 mg","3/5/2012","LABORATORIOS RECALCINE S.A.","ASENAPINA",""
"","F-19275/22","PSICOCEN SL COMPRIMIDOS SUBLINGUALES 5 mg","3/5/2012","LABORATORIOS RECALCINE S.A.","ASENAPINA",""
"","F-11066/21","PULBRONC COMPUESTO JARABE","6/8/1994","LABORATORIOS LAFI LTDA.","AMONIO CLORURO//CLOBUTINOL//ORCIPRENALINA",""
"","F-12202/22","PULBRONC FORTE JARABE 40 mg/5 mL","7/25/2002","LABORATORIOS LAFI LTDA.","CLOBUTINOL",""
"","F-12204/22","PULBRONC JARABE 20 mg/ 5 mL.","7/25/2002","LABORATORIOS LAFI LTDA.","CLOBUTINOL",""
"","F-12203/22","PULBRONC SOLUCIÓN ORAL PARA GOTAS 60 mg/mL","7/25/2002","LABORATORIOS LAFI LTDA.","CLOBUTINOL",""
"","F-27995/23","PULMHYT COMPRIMIDOS RECUBIERTOS 10 mg","12/19/2023","DR. REDDY'S LABORATORIES CHILE S.p.A.","AMBRISENTAN",""
"","F-27994/23","PULMHYT COMRIMIDOS RECUBIERTOS 5 mg (AMBRISENTÁN)","12/19/2023","DR. REDDY'S LABORATORIES CHILE S.p.A.","AMBRISENTAN",""
"","F-27597/23","PULMOFIB COMPRIMIDOS RECUBIERTOS 267 mg (PIRFENIDONA)","6/23/2023","MSN LABS CHILE S.p.A.","PIRFENIDONA",""
"","B-1725/22","PUREGON SOLUCIÓN INYECTABLE 300 U.I./0,36 mL","10/4/2002","ORGANON CHILE S.p.A.","FOLITROPINA BETA",""
"","F-2146/24","PURINETHOL COMPRIMIDOS 50 mg","10/7/1999","ASPEN CHILE S.A.","MERCAPTOPURINA",""
"","F-26131/21","PURPULZ SOLUCIÓN CONCENTRADA PARA PERFUSIÓN 180 mg/4mL (BENDAMUSTINA CLORHIDRATO)","5/3/2021","DR. REDDYS LABORATORIES CHILE S.p.A.","BENDAMUSTINA",""
"","F-18548/21","PYRIPED CÁPSULAS BLANDAS 400 mg (IBUPROFENO)","3/21/2011","MINTLAB Co. S.A.","IBUPROFENO",""
"","F-10176/21","PYRIPED FORTE COMPRIMIDOS RECUBIERTOS 600 mg","12/31/2001","MINTLAB Co. S.A.","IBUPROFENO",""
"","F-28718/25","QALSODY SOLUCIÓN INYECTABLE 100 mg/15 mL (TOFERSEN)","2/18/2025","BIOGEN CHILE S.p.A.","TOFERSEN",""
"","F-18201/25","QLAIRA COMPRIMIDOS RECUBIERTOS","8/18/2010","BAYER S.A.","DIENOGEST//ESTRADIOL",""
"","F-24013/23","QUEFEROX COMPRIMIDOS DISPERSABLES 250 mg (DEFERASIROX)","8/9/2018","ASCEND LABORATORIES S.p.A.","DEFERASIROX",""
"","F-24014/23","QUEFEROX COMPRIMIDOS DISPERSABLES 500 mg (DEFERASIROX)","8/9/2018","ASCEND LABORATORIES S.p.A.","DEFERASIROX",""
"","F-23961/23","QUETIAPINA COMPRIMIDOS RECUBIERTOS 100 mg","7/23/2018","DIFEM LABORATORIOS S.A.","QUETIAPINA",""
"","F-23789/23","QUETIAPINA COMPRIMIDOS RECUBIERTOS 100 mg","4/20/2018","LABORATORIO CHILE S.A.","QUETIAPINA",""
"","F-23309/22","QUETIAPINA COMPRIMIDOS RECUBIERTOS 100 mg","1/17/2017","MINTLAB Co. S.A.","QUETIAPINA",""
"","F-19960/23","QUETIAPINA COMPRIMIDOS RECUBIERTOS 100 mg","5/17/2013 2:10","ASCEND LABORATORIES S.p.A.","QUETIAPINA",""
"","F-22494/21","QUETIAPINA COMPRIMIDOS RECUBIERTOS 100 mg","3/9/2016","SYNTHON CHILE LTDA.","QUETIAPINA",""
"","F-28466/24","QUETIAPINA COMPRIMIDOS RECUBIERTOS 100 mg","9/4/2024","SEVEN PHARMA CHILE S.p.A.","QUETIAPINA",""
"","F-22818/21","QUETIAPINA COMPRIMIDOS RECUBIERTOS 100 mg","7/1/2016 2:10","SEVEN PHARMA CHILE S.p.A.","QUETIAPINA",""
"","F-19961/23","QUETIAPINA COMPRIMIDOS RECUBIERTOS 200 mg","5/17/2013 2:10","ASCEND LABORATORIES S.p.A.","QUETIAPINA",""
"","F-23788/23","QUETIAPINA COMPRIMIDOS RECUBIERTOS 200 mg","4/20/2018","LABORATORIO CHILE S.A.","QUETIAPINA",""
"","F-24268/23","QUETIAPINA COMPRIMIDOS RECUBIERTOS 200 mg","11/5/2018","SEVEN PHARMA CHILE S.p.A.","QUETIAPINA",""
"","F-23743/23","QUETIAPINA COMPRIMIDOS RECUBIERTOS 25 mg","3/15/2018","LABORATORIO CHILE S.A.","QUETIAPINA",""
"","F-23960/23","QUETIAPINA COMPRIMIDOS RECUBIERTOS 25 mg","7/23/2018","DIFEM LABORATORIOS S.A.","QUETIAPINA",""
"","F-23305/22","QUETIAPINA COMPRIMIDOS RECUBIERTOS 25 mg","1/17/2017","MINTLAB Co. S.A.","QUETIAPINA",""
"","F-19959/23","QUETIAPINA COMPRIMIDOS RECUBIERTOS 25 mg","5/17/2013 2:10","ASCEND LABORATORIES S.p.A.","QUETIAPINA",""
"","F-22420/21","QUETIAPINA COMPRIMIDOS RECUBIERTOS 25 mg","1/28/2016 2:10","SEVEN PHARMA CHILE S.p.A.","QUETIAPINA",""
"","F-22422/21","QUETIAPINA COMPRIMIDOS RECUBIERTOS 25 mg","1/26/2016","SYNTHON CHILE LTDA.","QUETIAPINA",""
"","F-28369/24","QUETIAPINA COMPRIMIDOS RECUBIERTOS 25 mg","7/9/2024","SEVEN PHARMA CHILE S.p.A.","QUETIAPINA",""
"","F-19962/23","QUETIAPINA COMPRIMIDOS RECUBIERTOS 300 mg","5/17/2013 2:10","ASCEND LABORATORIES S.p.A.","QUETIAPINA",""
"","F-23024/21","QUETIAPINA COMPRIMIDOS RECUBIERTOS DE LIBERACIÓN PROLONGADA 150 mg","9/6/2016","ASCEND LABORATORIES S.p.A.","QUETIAPINA",""
"","F-23023/21","QUETIAPINA COMPRIMIDOS RECUBIERTOS DE LIBERACIÓN PROLONGADA 200 mg","9/6/2016","ASCEND LABORATORIES S.p.A.","QUETIAPINA",""
"","F-23025/21","QUETIAPINA COMPRIMIDOS RECUBIERTOS DE LIBERACIÓN PROLONGADA 300 mg","9/6/2016","ASCEND LABORATORIES S.p.A.","QUETIAPINA",""
"","F-23022/21","QUETIAPINA COMPRIMIDOS RECUBIERTOS DE LIBERACIÓN PROLONGADA 50 mg","9/6/2016","ASCEND LABORATORIES S.p.A.","QUETIAPINA",""
"","F-22423/21","QUETIAPINA COMPRIMIDOS RECUBIERTOS DE LIBERACIÓN PROLONGADA 50 mg","1/26/2016 2:10","EUROFARMA CHILE SpA","QUETIAPINA",""
"","F-15838/21","QUETIAZIC COMPRIMIDOS RECUBIERTOS 25 mg (QUETIAPINA FUMARATO)","12/7/2006","TECNOFARMA S.A.","QUETIAPINA",""
"","F-12495/22","QUETIDIN COMPRIMIDOS RECUBIERTOS 100 mg","10/30/2002","LABORATORIOS RECALCINE S.A.","QUETIAPINA",""
"","F-12496/22","QUETIDIN COMPRIMIDOS RECUBIERTOS 200 mg","10/30/2002","LABORATORIOS RECALCINE S.A.","QUETIAPINA",""
"","F-12494/22","QUETIDIN COMPRIMIDOS RECUBIERTOS 25 mg","10/30/2002","LABORATORIOS RECALCINE S.A.","QUETIAPINA",""
"","F-15202/25","QUETIDIN COMPRIMIDOS RECUBIERTOS 300 mg","11/9/2005","LABORATORIOS RECALCINE S.A.","QUETIAPINA",""
"","F-20198/23","QUETIUM COMPRIMIDOS RECUBIERTOS 25 mg","8/7/2013","LABORATORIOS SAVAL S.A.","QUETIAPINA",""
"","F-20389/23","QUETIUM XR COMPRIMIDOS RECUBIERTOS DE LIBERACIÓN PROLONGADA 200 mg","9/26/2013","LABORATORIOS SAVAL S.A.","QUETIAPINA",""
"","F-20390/23","QUETIUM XR COMPRIMIDOS RECUBIERTOS DE LIBERACIÓN PROLONGADA 300 mg","9/26/2013","LABORATORIOS SAVAL S.A.","QUETIAPINA",""
"","F-20391/23","QUETIUM XR COMPRIMIDOS RECUBIERTOS DE LIBERACIÓN PROLONGADA 400 mg","9/26/2013","LABORATORIOS SAVAL S.A.","QUETIAPINA",""
"","F-20387/23","QUETIUM XR COMPRIMIDOS RECUBIERTOS DE LIBERACIÓN PROLONGADA 50 mg","9/26/2013","LABORATORIOS SAVAL S.A.","QUETIAPINA",""
"","F-28506/24","QUETZ COMPRIMIDOS RECUBIERTOS 100 mg (QUETIAPINA)","10/1/2024","FARMEDICAL S.p.A.","QUETIAPINA",""
"","F-28261/24","QUETZ COMPRIMIDOS RECUBIERTOS 25 mg (QUETIAPINA)","5/6/2024","FARMEDICAL S.p.A.","QUETIAPINA",""
"","F-27915/23","QUIMRO XR CÁPSULAS DE LIBERACIÓN PROLONGADA 0,5 mg","11/7/2023","LIBRA CHILE S.A.","TACROLIMUS",""
"","F-27916/23","QUIMRO XR CÁPSULAS DE LIBERACIÓN PROLONGADA 1 mg","11/7/2023","LIBRA CHILE S.A.","TACROLIMUS",""
"","F-27917/23","QUIMRO XR CÁPSULAS DE LIBERACIÓN PROLONGADA 3 mg","11/7/2023","LIBRA CHILE S.A.","TACROLIMUS",""
"","F-27927/23","QUIMRO XR CÁPSULAS DE LIBERACIÓN PROLONGADA 5 mg (TACROLIMUS)","11/14/2023","LIBRA CHILE S.A.","TACROLIMUS",""
"","F-23061/21","QURAX 100 COMPRIMIDOS RECUBIERTOS 100 mg (QUETIAPINA )","9/14/2016","MEGALABS CHILE S.A.","QUETIAPINA",""
"","F-28068/24","QURAX 100 COMPRIMIDOS RECUBIERTOS 100 mg (QUETIAPINA)","1/31/2024","MEGALABS CHILE S.A.","QUETIAPINA",""
"","F-23060/21","QURAX 200 COMPRIMIDOS RECUBIERTOS 200 mg(Quetiapina)","9/14/2016","MEGALABS CHILE S.A.","QUETIAPINA",""
"","F-26862/22","QURAX 25 COMPRIMIDOS RECUBIERTOS 25 mg (QUETIAPINA)","6/28/2022","MEGALABS CHILE S.A.","QUETIAPINA",""
"","F-24278/23","QURAX XR COMPRIMIDOS RECUBIERTOS DE LIBERACION PROLONGADA 150 mg (QUETIAPINA)","11/7/2018","MEGALABS CHILE S.A.","QUETIAPINA",""
"","F-24280/23","QURAX XR COMPRIMIDOS RECUBIERTOS DE LIBERACION PROLONGADA 300 mg (QUETIAPINA)","11/14/2018","MEGALABS CHILE S.A.","QUETIAPINA",""
"","F-24281/23","QURAX XR COMPRIMIDOS RECUBIERTOS DE LIBERACIÓN PROLONGADA 400 mg (QUETIAPINA)","11/14/2018","MEGALABS CHILE S.A.","QUETIAPINA",""
"","F-24282/23","QURAX XR COMPRIMIDOS RECUBIERTOS DE LIBERACIÓN PROLONGADA 50 mg (QUETIAPINA)","11/8/2018","MEGALABS CHILE S.A.","QUETIAPINA",""
"","F-25931/26","QUTENZA PARCHE CUTÁNEO (CAPSAICINA)","1/19/2021","GRÜNENTHAL CHILENA LTDA.","CAPSAICINA",""
"","F-14536/25","RACECADOTRILO CÁPSULAS 100 mg","1/25/2005","FERRER CHILE S.A.","RACECADOTRILO",""
"","F-25888/25","RACEPINEFRINA CLORHIDRATO SOLUCIÓN PARA INHALACIÓN 11,25mg/0,5mL","12/28/2020","LABORATORIO BIOSANO S.A.","RACEPINEFRINA",""
"","F-25822/25","RACEPINEFRINA SOLUCIÓN PARA INHALACIÓN 11,25 mg /0,5 mL","11/26/2020","SOCIEDAD COMERCIAL DISTRIMED LTDA.","RACEPINEFRINA",""
"","F-24690/24","RADIGEN SOLUCIÓN ORAL 1 mg / mL","3/6/2019","EUROFARMA CHILE SpA","RISPERIDONA",""
"","F-19566/22","RADIOTIL LP COMPRIMIDOS RECUBIERTOS DE LIBERACIÓN PROLONGADA 12 mg","7/30/2012","LABORATORIOS RECALCINE S.A.","ROPINIROL",""
"","F-19565/22","RADIOTIL LP COMPRIMIDOS RECUBIERTOS DE LIBERACIÓN PROLONGADA 6 mg","7/30/2012","LABORATORIOS RECALCINE S.A.","ROPINIROL",""
"","F-16176/22","RADOSEL GRANULADO PARA SUSPENSIÓN ORAL 2 g","7/3/2007","LABORATORIOS RECALCINE S.A.","ESTRONCIO RANELATO",""
"","F-28876/25","RALTEGRAVIR COMPRIMIDOS RECUBIERTOS 400 mg","5/22/2025","SEVEN PHARMA CHILE S.p.A.","RALTEGRAVIR POTASICO (FORMA CRISTALINA C)",""
"","F-659/23","RAMIPRES COMPRIMIDOS 2,5 mg","8/13/1998","LABORATORIO PASTEUR S.A.","RAMIPRIL",""
"","F-660/23","RAMIPRES COMPRIMIDOS 5,0 mg","8/13/1998","LABORATORIO PASTEUR S.A.","RAMIPRIL",""
"","F-1211/23","RAMISTOS SOLUCIÓN PARA GOTAS ORALES","3/2/1942","LABORATORIO PASTEUR S.A.","CODEINA","Estupefaciente"
"","F-22834/21","RANGAR COMPRIMIDOS 1 mg (RASAGILINA)","6/30/2016","ASCEND LABORATORIES S.p.A.","RASAGILINA",""
"","F-23401/22","RANITIDINA SOLUCIÓN INYECTABLE 50 mg/2 mL","3/27/2017","DIFEM LABORATORIOS S.A.","RANITIDINA",""
"","F-13457/24","RANITIDINA SOLUCIÓN INYECTABLE 50 mg/2 mL","1/26/2004","LABVITALIS S.A.","RANITIDINA",""
"","F-7930/21","RANITIDINA SOLUCIÓN INYECTABLE 50 mg/2 mL","2/4/1992","LABORATORIO BIOSANO S.A.","RANITIDINA",""
"","F-21550/24","RANLAT COMPRIMIDOS RECUBIERTOS 800 mg (SEVELAMER)","12/6/2014","MEGALABS CHILE S.A.","SEVELAMER",""
"","F-28614/24","RAPALUXIN COMPRIMIDOS RECUBIERTOS 1 mg (SIROLIMUS)","11/26/2024","LIBRA CHILE S.A.","SIROLIMUS",""
"","F-28606/24","RAPALUXIN COMPRIMIDOS RECUBIERTOS 2 mg (SIROLIMUS)","11/26/2024","LIBRA CHILE S.A.","SIROLIMUS",""
"","F-24837/24","RAPAMUNE GRAGEAS 0,5 mg (SIROLIMUS)","5/15/2019","LABORATORIOS WYETH LLC.","SIROLIMUS",""
"","F-24838/24","RAPAMUNE GRAGEAS 1 mg (SIROLIMUS)","5/15/2019","LABORATORIOS WYETH LLC.","SIROLIMUS",""
"","F-24839/24","RAPAMUNE GRAGEAS 2 mg (SIROLIMUS)","5/15/2019","LABORATORIOS WYETH LLC.","SIROLIMUS",""
"","F-25047/24","RAPAMUNE SOLUCIÓN ORAL 1 mg/mL (SIROLIMUS)","9/12/2019","LABORATORIOS WYETH LLC.","SIROLIMUS",""
"","B-3167/25","RAPILOG ONE SOLUCIÓN INYECTABLE 100 U/mL (INSULINA ASPARTA)","11/17/2025","INSTITUTO SANITAS S.A.","INSULINA ASPARTA",""
"","B-3166/25","RAPILOG SOLUCIÓN INYECTABLE 100 U/mL (INSULINA ASPARTA)","11/17/2025","INSTITUTO SANITAS S.A.","INSULINA ASPARTA",""
"","F-28253/24","RAXONE COMPRIMIDOS RECUBIERTOS 150 mg (IDEBENONA)","5/27/2024","LABORATORIOS BIOPAS S.A.","IDEBENONA",""
"","B-2226/21","REAGE LIOFILIZADO PARA SOLUCIÓN INYECTABLE 100 UNIDADES","12/19/2011","LABORATORIOS RECALCINE S.A.","TOXINA CLOSTRIDIUM BOTULINUM TIPO A",""
"","B-2925/22","REAGE LIOFILIZADO PARA SOLUCIÓN INYECTABLE 100 UNIDADES","3/7/2022","LABORATORIOS RECALCINE S.A.","TOXINA CLOSTRIDIUM BOTULINUM TIPO A",""
"","B-2379/24","REAGE LIOFILIZADO PARA SOLUCIÓN INYECTABLE 200 UNIDADES","3/11/2014","LABORATORIOS RECALCINE S.A.","TOXINA CLOSTRIDIUM BOTULINUM TIPO A",""
"","B-2926/22","REAGE LIOFILIZADO PARA SOLUCIÓN INYECTABLE 200 UNIDADES","3/7/2022","LABORATORIOS RECALCINE S.A.","TOXINA CLOSTRIDIUM BOTULINUM TIPO A",""
"","B-2378/24","REAGE LIOFILIZADO PARA SOLUCIÓN INYECTABLE 50 UNIDADES","3/11/2014","LABORATORIOS RECALCINE S.A.","TOXINA CLOSTRIDIUM BOTULINUM TIPO A",""
"","B-2924/22","REAGE LIOFILIZADO PARA SOLUCIÓN INYECTABLE 50 UNIDADES","3/7/2022","LABORATORIOS RECALCINE S.A.","TOXINA CLOSTRIDIUM BOTULINUM TIPO A",""
"","F-16761/23","REALTA CÁPSULAS CON GRÁNULOS CON RECUBRIMIENTO ENTÉRICO 30 mg","4/3/2008","LABORATORIOS SAVAL S.A.","DULOXETINA",""
"","F-27961/23","REALTA CÁPSULAS CON GRÁNULOS CON RECUBRIMIENTO ENTÉRICO 30 mg (DULOXETINA)","12/5/2023","LABORATORIOS SAVAL S.A.","DULOXETINA",""
"","F-16760/23","REALTA CÁPSULAS CON GRÁNULOS CON RECUBRIMIENTO ENTÉRICO 60 mg","4/3/2008","LABORATORIOS SAVAL S.A.","DULOXETINA",""
"","F-28092/24","REALTA CÁPSULAS CON GRÁNULOS CON RECUBRIMIENTO ENTÉRICO 60 mg (DULOXETINA)","2/13/2024","LABORATORIOS SAVAL S.A.","DULOXETINA",""
"","F-21922/25","REAX COMPRIMIDOS 10 mg (RUPATADINA)","6/18/2015","LABORATORIOS RECALCINE S.A.","RUPATADINA",""
"","B-1011/25","REBIF NF RECOMBINANTE SOLUCIÓN INYECTABLE 44 mcg/0,5 mL (INTERFERÓN B-1A)","12/6/2000","MERCK S.A.","Interferon Beta - 1A Recombinante",""
"","F-28603/24","REBLESS-10 COMPRIMIDOS RECUBIERTOS 10 mg","11/19/2024","NETWORK SOLUTION MEDICAL S.p.A.","RIVAROXABAN",""
"","B-2965/23","REBLOZYL LIOFILIZADO PARA SOLUCIÓN INYECTABLE 25 mg (LUSPATERCEPT)","3/14/2023","BRISTOL - MYERS SQUIBB DE CHILE","LUSPATERCEPT",""
"","B-2964/23","REBLOZYL LIOFILIZADO PARA SOLUCIÓN INYECTABLE 75 mg (LUSPATERCEPT)","3/14/2023","BRISTOL - MYERS SQUIBB DE CHILE","Luspatercept",""
"","F-26385/21","REBRIVE SOLUCIÓN INYECTABLE 200 mg/2 mL (SUGAMMADEX) ","9/13/2021","EUROFARMA CHILE SpA","SUGAMMADEX",""
"","F-15642/21","RECAXIN COMPRIMIDOS RECUBIERTOS 150 mg","7/28/2006","LABORATORIOS RECALCINE S.A.","ACIDO IBANDRONICO",""
"","B-2833/25","RECOMVAX B PEDIÁTRICO SUSPENSIÓN INYECTABLE 10 mcg/0,5 mL (VACUNA HEPATITIS B RECOMBINANTE)","9/7/2020","LABORATORIO BIOSANO S.A.","ANTÍGENO DE SUPERFICIE PURIFICADO DE HEPATITIS B RECOMBINANTE (HBSAG PURIFICADO) - (NUEVO)",""
"","B-2832/25","RECOMVAX B SUSPENSIÓN INYECTABLE 20 mcg/mL (VACUNA HEPATITIS B RECOMBINANTE)","9/7/2020","LABORATORIO BIOSANO S.A.","ANTÍGENO DE SUPERFICIE PURIFICADO DE HEPATITIS B RECOMBINANTE (HBsAG PURIFICADO) - (NUEVO)",""
"","B-1299/21","RECOMVAX-B VACUNA ANTI-HEPATITIS B RECOMBINANTE ABSORBIDA SUSPENSIÓN INYECTABLE 10 mcg/0,5 mL (ANTÍGENO DE SUPERFICIE PURIFICADO DEL VIRUS HEPATITIS B RECOMBINANTE (HBSAG))","11/14/1995","LABORATORIO BIOSANO S.A.","",""
"","B-1298/21","RECOMVAX-B VACUNA ANTI-HEPATITIS B RECOMBINANTE ADSORBIDA SUSPENSIÓN INYECTABLE 20 mcg/mL (ANTÍGENO DE SUPERFICIE PURIFICADO DEL VIRUS HEPATITIS B RECOMBINANTE (HBSAG))","11/6/1995","LABORATORIO BIOSANO S.A.","",""
"","B-1859/25","RECORMON SOLUCIÓN INYECTABLE 30.000 U.I./0,6 mL","4/21/2005","ROCHE CHILE LTDA.","EPOETINA BETA",""
"","F-26224/21","REDDIEX COMPRIMIDOS RECUBIERTOS DE LIBERACIÓN PROLONGADA 250 mg (DIVALPROATO DE SODIO)","6/23/2021","DR. REDDY'S LABORATORIES CHILE S.p.A.","ACIDO VALPROICO",""
"","F-26225/21","REDDIEX COMPRIMIDOS RECUBIERTOS DE LIBERACIÓN PROLONGADA 500 mg","6/22/2021","DR. REDDY'S LABORATORIES CHILE S.p.A.","ACIDO VALPROICO",""
"","F-24432/23","REDIBOS COMPRIMIDOS RECUBIERTOS 125 mg (BOSENTÁN)","12/21/2018","DR. REDDYS LABORATORIES CHILE S.p.A.","BOSENTAN",""
"","F-24431/23","REDIBOS COMPRIMIDOS RECUBIERTOS 62,5 mg (BOSENTÁN)","12/21/2018","DR. REDDYS LABORATORIES CHILE S.p.A.","BOSENTAN",""
"","F-25088/24","REDINESP CÁPSULAS 0,5 mg (TACROLIMUS)","10/18/2019","DR. REDDYS LABORATORIES CHILE S.p.A.","TACROLIMUS",""
"","F-25112/24","REDINESP CÁPSULAS 1 mg (TACROLIMUS)","10/30/2019","DR. REDDYS LABORATORIES CHILE S.p.A.","TACROLIMUS",""
"","F-27817/23","REDIRUNO COMPRIMIDOS RECUBIERTOS DE LIBERACIÓN PROLONGADA 100 mg (DESVENLAFAXINA)","9/11/2023 23:00","DR. REDDYS LABORATORIES CHILE S.p.A.","DESVENLAFAXINA",""
"","F-27816/23","REDIRUNO COMPRIMIDOS RECUBIERTOS DE LIBERACIÓN PROLONGADA 50 mg (DESVENLAFAXINA)","9/11/2023 23:00","DR. REDDYS LABORATORIES CHILE S.p.A.","DESVENLAFAXINA",""
"","F-23987/23","REDISTATIN COMPRIMIDOS RECUBIERTOS 10 mg (ROSUVASTATINA)","7/27/2018","DR. REDDYS LABORATORIES CHILE S.p.A.","ROSUVASTATINA",""
"","F-23986/23","REDISTATIN COMPRIMIDOS RECUBIERTOS 20 mg (ROSUVASTATINA)","7/27/2018","DR. REDDYS LABORATORIES CHILE S.p.A.","ROSUVASTATINA",""
"","F-24192/23","REDISTRA CÁPSULAS 100 mg (IMATINIB)","10/17/2018 2:10","DR. REDDYS LABORATORIES CHILE S.p.A.","IMATINIB",""
"","F-24199/23","REDISTRA CÁPSULAS 400 mg (IMATINIB)","10/17/2018","DR. REDDYS LABORATORIES CHILE S.p.A.","IMATINIB",""
"","F-28010/24","REDLIGAB CÁPSULAS 150 mg (PREGABALINA)","1/3/2024","DR. REDDYS LABORATORIES CHILE S.p.A.","PREGABALINA",""
"","F-28009/24","REDLIGAB CÁPSULAS 75 mg (PREGABALINA)","1/3/2024","DR. REDDYS LABORATORIES CHILE S.p.A.","PREGABALINA",""
"","F-28721/25","REDLYNA COMPRIMIDOS RECUBIERTOS 5 mg (LINAGLIPTINA)","2/21/2025","DR. REDDYS LABORATORIES CHILE S.p.A.","LINAGLIPTINA",""
"","F-24312/23","REDUCLIM COMPRIMIDOS 2,5 mg (TIBOLONA)","11/16/2018","DEUTSCHE PHARMA S.A.","TIBOLONA",""
"","F-24572/24","REDUSTEROL 10 COMPRIMIDOS RECUBIERTOS 10 mg","1/21/2019","OPKO CHILE S.A.","ROSUVASTATINA",""
"","F-23233/21","REFLEXAN 10 COMPRIMIDOS RECUBIERTOS 10 mg (CICLOBENZAPRINA CLORHIDRATO)","12/9/2016","MEGALABS CHILE S.A.","CICLOBENZAPRINA",""
"","F-23234/21","REFLEXAN 5 COMPRIMIDOS RECUBIERTOS 5 mg (Ciclobenzaprina clorhidrato)","12/9/2016","MEGALABS CHILE S.A.","CICLOBENZAPRINA",""
"","F-10356/21","REGENTAL FORTE COMPRIMIDOS RECUBIERTOS 60 mg","8/24/1994","TECNOFARMA S.A.","NIMODIPINO",""
"","F-27638/23","REGITRAT COMPRIMIDOS RECUBIERTOS 100 mg (BOSUTINIB)","7/10/2023","LABORATORIOS ELEA CHILE S.p.A.","BOSUTINIB",""
"","F-28586/24","REGITRAT COMPRIMIDOS RECUBIERTOS 400 mg (BOSUTINIB)","11/11/2024","LABORATORIOS ELEA CHILE S.p.A.","BOSUTINIB",""
"","F-27323/23","REGITRAT COMPRIMIDOS RECUBIERTOS 500 mg (BOSUTINIB)","2/6/2023","LABORATORIOS ELEA CHILE S.p.A.","BOSUTINIB",""
"","F-16964/23","REGULANE CÁPSULAS 120 mg","8/1/2008","CHEMOPHARMA S.A.","ORLISTAT",""
"","F-26472/21","REKAMBYS SUSPENSIÓN INYECTABLE DE LIBERACIÓN PROLONGADA 900 mg/ 3 mL (RILPIVIRINA)","11/4/2021","JOHNSON & JOHNSON DE CHILE S.A.","RILPIVIRINA",""
"","B-2755/24","REKOVELLE SOLUCIÓN INYECTABLE 12 mcg/0,36 mL (FOLITROPINA DELTA)","6/14/2019","FERRING PRODUCTOS FARMACÉUTICOS SpA","FOLITROPINA DELTA",""
"","B-2756/24","REKOVELLE SOLUCIÓN INYECTABLE 36 mcg/1,08 mL (FOLITROPINA DELTA)","6/14/2019","FERRING PRODUCTOS FARMACÉUTICOS SpA","FOLITROPINA DELTA",""
"","B-2757/24","REKOVELLE SOLUCIÓN INYECTABLE 72 mcg / 2,16 mL (FOLITROPINA DELTA)","6/14/2019","FERRING PRODUCTOS FARMACÉUTICOS SpA","FOLITROPINA DELTA",""
"","F-28527/24","REKRIZ COMPRIMIDOS RECUBIERTOS 1 mg (AXITINIB)","10/9/2024","DR. REDDYS LABORATORIES CHILE S.p.A.","AXITINIB",""
"","F-28528/24","REKRIZ COMPRIMIDOS RECUBIERTOS 5 mg (AXITINIB)","10/9/2024","DR. REDDYS LABORATORIES CHILE S.p.A.","AXITINIB",""
"","F-27643/23","RELANOK CÁPSULAS 100 mg (TRAZODONA CLORHIDRATO)","7/10/2023","OPKO CHILE S.A.","TRAZODONA",""
"","F-6931/25","RELATENE CÁPSULAS 50 mg (KETOPROFENO)","5/10/1988","MINTLAB Co. S.A.","Ketoprofeno",""
"","F-15952/22","RELATENE COMPRIMIDOS CON RECUBRIMIENTO ENTÉRICO 100 mg","2/20/2007","MINTLAB Co. S.A.","KETOPROFENO",""
"","F-25538/25","RELPAX COMPRIMIDOS RECUBIERTOS 40 mg (ELETRIPTÁN)","7/6/2020","ASPEN CHILE S.A.","ELETRIPTAN",""
"","F-28335/24","RELSED COMPRIMIDOS RECUBIERTOS 180 mg (FEXOFENADINA CLORHIDRATO)","6/25/2024","LABORATORIOS PRATER S.A.","FEXOFENADINA",""
"","F-24854/24","RELSED SUSPENSIÓN ORAL 30 mg/5 mL","5/30/2019","LABORATORIOS PRATER S.A.","FEXOFENADINA",""
"","F-28514/24","RELZIN COMPRIMIDOS 1 mg (RASAGILINA)","11/25/2024","FARMEDICAL S.p.A.","RASAGILINA",""
"","F-28304/24","REMBRE COMPRIMIDOS RECUBIERTOS 100 mg (DASATINIB)","6/10/2024","LABORATORIO LKM CHILE S.p.A.","DASATINIB",""
"","F-28869/25","REMBRE COMPRIMIDOS RECUBIERTOS 50 mg (DASATINIB)","5/19/2025","LABORATORIO LKM CHILE S.p.A.","DASATINIB",""
"","F-28870/25","REMBRE COMPRIMIDOS RECUBIERTOS 70 mg (DASATINIB)","5/19/2025","LABORATORIO LKM CHILE S.p.A.","DASATINIB",""
"","B-2624/21","REMICADE LIOFILIZADO PARA SOLUCIÓN INYECTABLE 100 mg","5/26/2016","JOHNSON & JOHNSON DE CHILE S.A.","INFLIXIMAB",""
"","B-664/25","REMICADE LIOFILIZADO PARA SOLUCIÓN INYECTABLE 100 mg (INFLIXIMAB , CA2 RECOMBINANTE)","2/9/2000","JOHNSON & JOHNSON DE CHILE S.A.","INFLIXIMAB",""
"","F-9692/21","REMITEX COMPRIMIDOS RECUBIERTOS 10 mg","2/23/1994","LABORATORIO BAGÓ DE CHILE S.A.","CETIRIZINA",""
"","F-9708/21","REMITEX JARABE 5 mg/5 mL","8/30/1996","LABORATORIO BAGÓ DE CHILE S.A.","CETIRIZINA",""
"","F-9707/21","REMITEX SOLUCIÓN PARA GOTAS ORALES 10 mg/1 mL","8/29/1996","LABORATORIO BAGÓ DE CHILE S.A.","CETIRIZINA",""
"","F-19490/22","REMITEX-D COMPRIMIDOS DE LIBERACIÓN PROLONGADA","6/15/2012","LABORATORIO BAGÓ DE CHILE S.A.","CETIRIZINA//PSEUDOEFEDRINA",""
"","F-21170/24","REMODULIN SOLUCIÓN INYECTABLE 1 mg/mL","6/18/2014","FERRER CHILE S.A.","TREPROSTINILO",""
"","F-21175/24","REMODULIN SOLUCIÓN INYECTABLE 10 mg/mL","6/18/2014","FERRER CHILE S.A.","TREPROSTINILO",""
"","F-21173/24","REMODULIN SOLUCIÓN INYECTABLE 2,5 mg/mL","6/18/2014","FERRER CHILE S.A.","TREPROSTINILO",""
"","F-21174/24","REMODULIN SOLUCIÓN INYECTABLE 5 mg/mL (TREPROSTINILO)","6/18/2014","FERRER CHILE S.A.","TREPROSTINILO",""
"","B-2669/22","REMSIMA LIOFILIZADO PARA SOLUCIÓN PARA PERFUSIÓN 100 mg (INFLIXIMAB)","11/10/2017","CELLTRION HEALTHCARE CHILE S.p.A.","Infliximab",""
"","B-2959/22","REMSIMA SOLUCIÓN INYECTABLE 120 mg/ 1 mL (INFLIXIMAB)","11/25/2022","CELLTRION HEALTHCARE CHILE S.p.A.","INFLIXIMAB",""
"","B-1961/21","RENACENZ SOLUCIÓN INYECTABLE 215,2 mg/mL","11/24/2006","EXELTIS CHILE S.p.A.","",""
"","F-28861/25","RENVELA COMPRIMIDOS RECUBIERTOS 800 mg","5/14/2025","SANOFI-AVENTIS DE CHILE S.A.","SEVELAMER",""
"","F-13048/23","REPAGLINIDA COMPRIMIDOS 0,5 mg","8/18/2003","CHEMOPHARMA S.A.","REPAGLINIDA",""
"","F-13049/23","REPAGLINIDA COMPRIMIDOS 1,0 mg","8/18/2003","CHEMOPHARMA S.A.","REPAGLINIDA",""
"","F-13050/23","REPAGLINIDA COMPRIMIDOS 2,0 mg","8/18/2003","CHEMOPHARMA S.A.","REPAGLINIDA",""
"","B-2773/24","REPATHA (EVOLOCUMAB) SOLUCION INYECTABLE 140 mg/1 mL","10/8/2019","TECNOFARMA S.A.","EVOLOCUMAB",""
"","B-2325/23","REPLAGAL CONCENTRADO PARA SOLUCIÓN PARA PERFUSIÓN 1 mg/mL (AGALSIDASA ALFA)","7/29/2013","TAKEDA CHILE S.P.A.","AGALSIDASA ALFA",""
"","B-2515/25","REPLAGAL RECOMBINANTE CONCENTRADO PARA SOLUCIÓN PARA PERFUSIÓN 1 mg/mL (AGALSIDASA ALFA)","6/19/2015","TAKEDA CHILE S.P.A.","AGALSIDASA ALFA",""
"","F-15314/25","REPOSIL COMPRIMIDOS RECUBIERTOS 10 mg","12/12/2005","EUROFARMA CHILE SpA","ESCITALOPRAM",""
"","F-7836/21","RESINCAL POLVO PARA SUSPENSIÓN ENTERAL","4/19/1993","BPH S.A.","POLIESTIRENO",""
"","F-13734/24","RESINCOLESTIRAMINA POLVO PARA SUSPENSIÓN ORAL 4 g/dosis","5/10/1999","BPH S.A.","COLESTIRAMINA",""
"","F-7831/21","RESINSOD POLVO PARA SUSPENSIÓN ENTERAL (POLIESTIRENO)","10/28/1992","BPH S.A.","POLIESTIRENO",""
"","F-27336/23","RESPISAN SOLUCIÓN NASAL PARA NEBULIZACION 0,05% (OXIMETAZOLINA CLORHIDRATO)","2/13/2023","INSTITUTO SANITAS S.A.","OXIMETAZOLINA",""
"","F-13719/24","RESTASIS EMULSIÓN OFTÁLMICA 0,05% (CICLOSPORINA)","5/5/2004","ABBVIE PRODUCTOS FARMACÉUTICOS LTDA.","CICLOSPORINA",""
"","F-4019/25","RESTOL SUSPENSIÓN ORAL PARA GOTAS 10 mg/mL","6/22/1988 2:10","LABORATORIO CHILE S.A.","DOMPERIDONA",""
"","F-8547/21","RETACNYL CREMA 0,025% (TRETINOINA)","6/15/1993","GALDERMA CHILE LABORATORIOS LTDA.","TRETINOINA",""
"","F-8548/21","RETACNYL CREMA 0,05% (TRETINOINA)","6/15/1993","GALDERMA CHILE LABORATORIOS LTDA.","TRETINOINA",""
"","F-10682/21","RETROVIR JARABE 50 mg/5 mL","6/25/1993","GLAXOSMITHKLINE CHILE FARMACÉUTICA LTDA.","ZIDOVUDINA",""
"","F-4119/25","RETROVIR SOLUCIÓN INYECTABLE PARA INFUSIÓN 200 mg/20 mL","9/29/1987 1:10","GLAXOSMITHKLINE CHILE FARMACÉUTICA LTDA.","ZIDOVUDINA",""
"","F-18705/21","REUMAZINE COMPRIMIDOS RECUBIERTOS 200 mg (HIDROXICLOROQUINA)","6/24/2011","INSTITUTO SANITAS S.A.","HIDROXICLOROQUINA",""
"","F-25869/25","REVAGREL COMPRIMIDOS RECUBIERTOS 90 mg (TICAGRELOR)","12/15/2020","MSN LABS CHILE S.p.A.","TICAGRELOR",""
"","F-28590/24","REVERSO SOLUCIÓN INYECTABLE 200 mg/ 2 mL (SUGAMMADEX)","11/11/2024","CRISTALIA CHILE S.p.A.","SUGAMMADEX",""
"","B-2746/24","REVESTIVE LIOFILIZADO PARA SOLUCIÓN INYECTABLE 5 mg, CON SOLVENTE (TEDUGLUTIDA) ","2/1/2019","TAKEDA CHILE S.P.A.","TEDUGLUTIDA",""
"","F-22461/21","REVIXIL 20 SOLUCIÓN INYECTABLE 20 mg/mL (PLERIXAFOR)","2/9/2016 1:10","GADOR LTDA.","PLERIXAFOR",""
"","F-18010/25","REVLIMID CÁPSULAS 10 mg (LENALIDOMIDA)","4/26/2010","BRISTOL - MYERS SQUIBB DE CHILE","LENALIDOMIDA",""
"","F-18011/25","REVLIMID CÁPSULAS 15 mg (LENALIDOMIDA)","4/26/2010","BRISTOL - MYERS SQUIBB DE CHILE","LENALIDOMIDA",""
"","F-17652/24","REVLIMID CÁPSULAS 25 mg (LENALIDOMIDA)","7/9/2009","BRISTOL - MYERS SQUIBB DE CHILE","LENALIDOMIDA",""
"","F-18009/25","REVLIMID CÁPSULAS 5 mg (LENALIDOMIDA)","4/26/2010","BRISTOL - MYERS SQUIBB DE CHILE","LENALIDOMIDA",""
"","F-26036/21","REVOLADE COMPRIMIDOS RECUBIERTOS 25 mg (ELTROMBOPAG)","3/16/2021","NOVARTIS CHILE S.A.","ELTROMBOPAG",""
"","F-26028/21","REVOLADE COMPRIMIDOS RECUBIERTOS 50 mg (ELTROMBOPAG)","3/16/2021","NOVARTIS CHILE S.A.","ELTROMBOPAG",""
"","F-23478/22","REXANEL COMPRIMIDOS 10 mg (RUPATADINA)","5/29/2017","LABORATORIOS PRATER S.A.","RUPATADINA",""
"","F-25829/25","REXANEL SOLUCIÓN ORAL 1 mg/mL (RUPATADINA)","11/30/2020","LABORATORIOS PRATER S.A.","RUPATADINA",""
"","F-28643/24","REXULTI COMPRIMIDOS RECUBIERTOS 0,5 mg","12/17/2024","LUNDBECK CHILE FARMACÉUTICA LTDA.","BREXPIPRAZOL",""
"","F-24480/23","REXULTI COMPRIMIDOS RECUBIERTOS 0,5 mg","12/19/2018","LUNDBECK CHILE FARMACÉUTICA LTDA.","BREXPIPRAZOL",""
"","F-24481/23","REXULTI COMPRIMIDOS RECUBIERTOS 1 mg (BREXPIPRAZOL)","12/19/2018","LUNDBECK CHILE FARMACÉUTICA LTDA.","BREXPIPRAZOL",""
"","F-28653/24","REXULTI COMPRIMIDOS RECUBIERTOS 1 mg (BREXPIPRAZOL)","1/17/2025","LUNDBECK CHILE FARMACÉUTICA LTDA.","BREXPIPRAZOL",""
"","F-28650/24","REXULTI COMPRIMIDOS RECUBIERTOS 2 mg","12/17/2024","LUNDBECK CHILE FARMACÉUTICA LTDA.","BREXPIPRAZOL",""
"","F-24482/23","REXULTI COMPRIMIDOS RECUBIERTOS 2 mg","12/19/2018","LUNDBECK CHILE FARMACÉUTICA LTDA.","BREXPIPRAZOL",""
"","F-24483/23","REXULTI COMPRIMIDOS RECUBIERTOS 3 mg","12/19/2018 2:10","LUNDBECK CHILE FARMACÉUTICA LTDA.","BREXPIPRAZOL",""
"","F-28651/24","REXULTI COMPRIMIDOS RECUBIERTOS 3 mg","12/17/2024","LUNDBECK CHILE FARMACÉUTICA LTDA.","BREXPIPRAZOL",""
"","F-28652/24","REXULTI COMPRIMIDOS RECUBIERTOS 4 mg","12/17/2024","LUNDBECK CHILE FARMACÉUTICA LTDA.","BREXPIPRAZOL",""
"","F-24484/23","REXULTI COMPRIMIDOS RECUBIERTOS 4 mg","12/19/2018","LUNDBECK CHILE FARMACÉUTICA LTDA.","BREXPIPRAZOL",""
"","B-2747/24","RHOPHYLAC SOLUCIÓN INYECTABLE 300 mcg/2 mL (InmunoGlobulina humana anti RHO (D)) ","2/14/2019","CSL BEHRING S.p.A.","INMUNOGLOBULINA HUMANA ANTI RHO D",""
"","F-27475/23","RIAXAART COMPRIMIDOS RECUBIERTOS 10 mg ","4/25/2023","PINNACLE CHILE S.p.A.","ROSUVASTATINA",""
"","F-27453/23","RIAXAART COMPRIMIDOS RECUBIERTOS 20 mg","4/24/2023","PINNACLE CHILE S.p.A.","ROSUVASTATINA",""
"","F-27302/23","RIAXAART COMPRIMIDOS RECUBIERTOS 5 mg","1/24/2023","PINNACLE CHILE S.p.A.","ROSUVASTATINA",""
"","F-27462/23","RIBEX COMPRIMIDOS RECUBIERTOS 10 mg (RIVAROXABAN)","4/18/2023","EUROFARMA CHILE SpA","RIVAROXABAN",""
"","F-28358/24","RIBEX COMPRIMIDOS RECUBIERTOS 15 mg (RIVAROXABÁN)","7/3/2024","EUROFARMA CHILE SpA","RIVAROXABAN",""
"","F-27463/23","RIBEX COMPRIMIDOS RECUBIERTOS 20 mg (RIVAROXABAN)","4/18/2023","EUROFARMA CHILE SpA","RIVAROXABAN",""
"","F-20038/23","RIBOLAC COMPRIMIDOS RECUBIERTOS 200 mg","6/19/2013","LABORATORIOS RECALCINE S.A.","RIFAXIMINA",""
"","F-19832/23","RIBOMUSTIN LIOFILIZADO PARA SOLUCIÓN CONCENTRADA PARA PERFUSIÓN INTRAVENOSA 100 mg (BENDAMUSTINA CLORHIDRATO)","3/21/2013","JOHNSON & JOHNSON DE CHILE S.A.","BENDAMUSTINA",""
"","F-19846/23","RIBOMUSTIN LIOFILIZADO PARA SOLUCIÓN CONCENTRADA PARA PERFUSIÓN INTRAVENOSA 25 mg (BENDAMUSTINA)","3/26/2013","JOHNSON & JOHNSON DE CHILE S.A.","BENDAMUSTINA",""
"","F-26282/21","RIFALAN 10 COMPRIMIDOS BUCODISPERSABLES 10 mg","8/24/2021","EMCURE PHARMA CHILE S.p.A.","RIZATRIPTAN",""
"","F-22640/21","RIFAMPICINA CAPSULAS 150 mg","5/5/2016","VESALIUS PHARMA S.A.","RIFAMPICINA",""
"","F-21371/24","RIFAMPICINA JARABE 100 mg/ 5 mL","9/8/2014","REPRESENTACIONES BIOTEC S.p.A.","RIFAMPICINA",""
"","F-15763/21","RIFAMPICINA SUSPENSIÓN ORAL 100 mg/5 mL","11/10/2006","BPH S.A.","RIFAMPICINA",""
"","F-19193/22","RIFAXIMINA COMPRIMIDOS RECUBIERTOS 200 mg","1/5/2012","LABORATORIOS SAVAL S.A.","RIFAXIMINA",""
"","F-13198/23","RIGOTAX - D CÁPSULAS CON GRÁNULOS DE LIBERACIÓN PROLONGADA","11/12/2003","LABORATORIOS PRATER S.A.","CETIRIZINA//PSEUDOEFEDRINA",""
"","F-25203/25","RIGOTAX COMPRIMIDOS 10 mg (CETIRIZINA DICLORHIDRATO)","1/3/2020","LABORATORIOS PRATER S.A.","CETIRIZINA",""
"","F-25893/25","RIGOTAX D COMPRIMIDOS DE LIBERACIÓN PROLONGADA","12/29/2020","LABORATORIOS PRATER S.A.","CETIRIZINA//PSEUDOEFEDRINA",""
"","F-4651/25","RIGOTAX SOLUCIÓN ORAL 5mg/5 mL","7/18/2000 2:10","LABORATORIOS PRATER S.A.","CETIRIZINA",""
"","F-4652/25","RIGOTAX SOLUCIÓN ORAL PARA GOTAS 10 mg/mL","7/18/2000 2:10","LABORATORIOS PRATER S.A.","CETIRIZINA",""
"","F-26184/21","RILEX COMPRIMIDOS RECUBIERTOS 10 mg (RIVAROXABÁN)","6/1/2021","INSTITUTO SANITAS S.A.","RIVAROXABAN",""
"","F-26185/21","RILEX COMPRIMIDOS RECUBIERTOS 15 mg (RIVAROXABÁN)","6/1/2021","INSTITUTO SANITAS S.A.","RIVAROXABAN",""
"","F-26186/21","RILEX COMPRIMIDOS RECUBIERTOS 20 mg (RIVAROXABÁN)","6/1/2021","INSTITUTO SANITAS S.A.","RIVAROXABAN",""
"","F-24130/23","RIMENAD CÁPSULAS 2 mg (POMALIDOMIDA)","9/25/2018","SYNTHON CHILE LTDA.","POMALIDOMIDA",""
"","F-24127/23","RIMENAD CÁPSULAS 3 mg (POMALIDOMIDA)","9/25/2018","SYNTHON CHILE LTDA.","POMALIDOMIDA",""
"","F-24125/23","RIMENAD CÁPSULAS 4 mg (POMALIDOMIDA)","9/25/2018","SYNTHON CHILE LTDA.","POMALIDOMIDA",""
"","F-23121/21","RIMOX COMPRIMIDOS RECUBIERTOS 1 mg (RISPERIDONA)","10/13/2016","LABORATORIO CHILE S.A.","RISPERIDONA",""
"","F-23122/21","RIMOX COMPRIMIDOS RECUBIERTOS 3 mg (RISPERIDONA)","10/13/2016","LABORATORIO CHILE S.A.","RISPERIDONA",""
"","F-22077/25","RIMOX SOLUCIÓN ORAL 1 mg/mL (RISPERIDONA)","8/20/2015","LABORATORIO CHILE S.A.","RISPERIDONA",""
"","F-19949/23","RINGER LACTATO SOLUCIÓN INYECTABLE","5/22/2013","B. BRAUN MEDICAL SpA","CALCIO CLORURO//POTASIO CLORURO//SODIO CLORURO//SODIO LACTATO",""
"","F-13655/24","RINGER LACTATO SOLUCIÓN INYECTABLE","4/13/2004","LABORATORIO SANDERSON SpA","CALCIO CLORURO//POTASIO CLORURO//SODIO CLORURO//SODIO LACTATO",""
"","F-10196/21","RINGER LACTATO SOLUCIÓN INYECTABLE","8/18/1994","INDUSTRIAL Y COMERCIAL BAXTER DE CHILE LTDA.","CALCIO CLORURO//POTASIO CLORURO//SODIO CLORURO//SODIO LACTATO",""
"","F-26803/22","RINGER LACTATO SOLUCIÓN INYECTABLE","5/17/2022","BPH S.A.","CALCIO CLORURO//POTASIO CLORURO//SODIO CLORURO//SODIO LACTATO",""
"","F-28368/24","RINGER LACTATO SOLUCIÓN INYECTABLE","7/10/2024","VITAFARMA S.A.","CLORURO DE CALCIO (DIHIDRATADO);CLORURO DE POTASIO ;CLORURO DE SODIO ;LACTATO DE SODIO",""
"","F-10197/21","RINGER SOLUCIÓN INYECTABLE","8/24/1994","INDUSTRIAL Y COMERCIAL BAXTER DE CHILE LTDA.","CALCIO CLORURO//POTASIO CLORURO//SODIO CLORURO",""
"","B-157/23","RINOBANEDIF UNGÜENTO NASAL","3/16/1995","LABORATORIO BAGÓ DE CHILE S.A.","ANTAZOLINA//BACITRACINA//NEOMICINA//XILOMETAZOLINA",""
"","F-12267/22","RINOFILAX COMPRIMIDOS RECUBIERTOS 5 mg","6/28/2002","LABORATORIOS RECALCINE S.A.","DESLORATADINA",""
"","F-15085/25","RINOFILAX JARABE 2,5 mg/5 mL","8/26/2005","LABORATORIOS RECALCINE S.A.","DESLORATADINA",""
"","F-11653/21","RINOPARIN CÁPSULAS","11/10/1995","LABORATORIO PASTEUR S.A.","CLORFENAMINA//PSEUDOEFEDRINA",""
"","F-11655/21","RINOPARIN SOLUCIÓN ORAL","11/10/1995","LABORATORIO PASTEUR S.A.","CLORFENAMINA//PSEUDOEFEDRINA",""
"","F-11654/21","RINOPARIN SOLUCIÓN ORAL PARA GOTAS","11/10/1995","LABORATORIO PASTEUR S.A.","CLORFENAMINA//PSEUDOEFEDRINA",""
"","F-25516/25","RINVOQ COMPRIMIDOS RECUBIERTOS DE LIBERACIÓN PROLONGADA 15 mg (UPADACITINIB)","6/30/2020","ABBVIE PRODUCTOS FARMACÉUTICOS LTDA.","UPADACITINIB",""
"","F-26556/21","RINVOQ COMPRIMIDOS RECUBIERTOS DE LIBERACIÓN PROLONGADA 30 mg","12/29/2021","ABBVIE PRODUCTOS FARMACÉUTICOS LTDA.","UPADACITINIB",""
"","F-27092/22","RINVOQ COMPRIMIDOS RECUBIERTOS DE LIBERACIÓN PROLONGADA 45 mg (UPADACITINIB)","10/19/2022","ABBVIE PRODUCTOS FARMACÉUTICOS LTDA.","UPADACITINIB",""
"","F-28526/24","RIOCIGUAT COMPRIMIDOS RECUBIERTOS 2,5 mg","10/8/2024","MSN LABS CHILE S.p.A.","RIOCIGUAT",""
"","F-11958/22","RIPOL COMPRIMIDOS RECUBIERTOS 100 mg","3/28/2002","LABORATORIO CHILE S.A.","SILDENAFILO",""
"","F-11957/22","RIPOL COMPRIMIDOS RECUBIERTOS 50 mg","3/28/2002","LABORATORIO CHILE S.A.","SILDENAFILO",""
"","F-22859/21","RISMIA COMPRIMIDOS RECUBIERTOS 1 mg (RISPERIDONA))","7/13/2016","INDOPHARMA S.A.","RISPERIDONA",""
"","F-22858/21","RISMIA COMPRIMIDOS RECUBIERTOS 3 mg (RISPERIDONA)","7/13/2016","INDOPHARMA S.A.","RISPERIDONA",""
"","F-9458/21","RISPERDAL COMPRIMIDOS RECUBIERTOS 1 mg (RISPERIDONA)","6/30/1993","JOHNSON & JOHNSON DE CHILE S.A.","RISPERIDONA",""
"","F-13502/24","RISPERDAL CONSTA POLVO PARA SUSPENSIÓN INYECTABLE DE LIBERACIÓN PROLONGADA 25 mg, CON SOLVENTE (RISPERIDONA)","2/6/2004","JOHNSON & JOHNSON DE CHILE S.A.","RISPERIDONA",""
"","F-13503/24","RISPERDAL CONSTA POLVO PARA SUSPENSIÓN INYECTABLE DE LIBERACIÓN PROLONGADA 37,5 mg, CON SOLVENTE","2/6/2004","JOHNSON & JOHNSON DE CHILE S.A.","RISPERIDONA",""
"","F-9462/21","RISPERDAL SOLUCIÓN ORAL 1 mg/mL (RISPERIDONA)","11/30/1995","JOHNSON & JOHNSON DE CHILE S.A.","RISPERIDONA",""
"","F-28293/24","RISPERIDONA COMPRIMIDOS RECUBIERTOS 1 mg ","5/27/2024","NEOETHICALS CHILE S.p.A.","RISPERIDONA",""
"","F-28292/24","RISPERIDONA COMPRIMIDOS RECUBIERTOS 2 mg ","5/23/2024","NEOETHICALS CHILE S.p.A.","RISPERIDONA",""
"","F-28354/24","RISPERIDONA COMPRIMIDOS RECUBIERTOS 3mg ","7/1/2024","NEOETHICALS CHILE S.p.A.","RISPERIDONA",""
"","F-28353/24","RISPERIDONA COMPRIMIDOS BUCODISPERSABLES 1 mg","7/1/2024","MINTLAB Co. S.A.","RISPERIDONA",""
"","F-28485/24","RISPERIDONA COMPRIMIDOS BUCODISPERSABLES 3 mg","9/12/2024","MINTLAB Co. S.A.","RISPERIDONA",""
"","F-18013/25","RISPERIDONA COMPRIMIDOS RECUBIERTOS 1 mg","4/16/2010","LABORATORIOS ANDRÓMACO S.A.","RISPERIDONA",""
"","F-26854/22","RISPERIDONA COMPRIMIDOS RECUBIERTOS 1 mg","6/15/2022","SIAA VIDA FARMA SPA","RISPERIDONA",""
"","F-18014/25","RISPERIDONA COMPRIMIDOS RECUBIERTOS 3 mg","4/16/2010","LABORATORIOS ANDRÓMACO S.A.","RISPERIDONA",""
"","F-24485/23","RISPERIDONA JARABE 1 mg/mL","12/20/2018","NEOETHICALS CHILE S.p.A.","RISPERIDONA",""
"","F-18894/21","RISPYL COMPRIMIDOS RECUBIERTOS 1 mg","9/24/2011","AXON PHARMA S.p.A.","RISPERIDONA",""
"","F-18839/21","RISPYL COMPRIMIDOS RECUBIERTOS 2 mg","8/19/2011","AXON PHARMA S.p.A.","RISPERIDONA",""
"","F-18840/21","RISPYL COMPRIMIDOS RECUBIERTOS 3 mg","8/19/2011","AXON PHARMA S.p.A.","RISPERIDONA",""
"","F-27099/22","RISTRIONA POLVO PARA SUSPENSIÓN INYECTABLE DE LIBERACIÓN PROLONGADA 25 mg CON SOLVENTE","10/19/2022","KAMPAR S.A.","RISPERIDONA",""
"","F-27100/22","RISTRIONA POLVO PARA SUSPENSIÓN INYECTABLE DE LIBERACIÓN PROLONGADA 37,5 mg CON SOLVENTE.","10/19/2022","KAMPAR S.A.","RISPERIDONA",""
"","F-27101/22","RISTRIONA POLVO PARA SUSPENSIÓN INYECTABLE DE LIBERACIÓN PROLONGADA 50 mg CON SOLVENTE","10/19/2022","KAMPAR S.A.","RISPERIDONA",""
"","F-7427/21","RITMENAL CÁPSULAS 300 mg","2/2/2001","INSTITUTO SANITAS S.A.","GABAPENTINA",""
"","F-7428/21","RITMENAL CÁPSULAS 400 mg","2/2/2001","INSTITUTO SANITAS S.A.","GABAPENTINA",""
"","F-25543/25","RITMOCOR COMPRIMIDOS RECUBIERTOS 150 mg (PROPAFENONA CLORHIDRATO)","7/7/2020","LABORATORIOS RECALCINE S.A.","PROPAFENONA",""
"","F-25551/25","RITMOCOR COMPRIMIDOS RECUBIERTOS 300 mg (PROPAFENONA CLORHIDRATO)","7/7/2020","LABORATORIOS RECALCINE S.A.","PROPAFENONA",""
"","F-23294/22","RITNA COMPRIMIDOS RECUBIERTOS 100 mg","1/13/2017","SEVEN PHARMA CHILE S.p.A.","RITONAVIR",""
"","F-22199/25","RITOPIN COMPRIMIDOS RECUBIERTOS (LOPINAVIR/RITONAVIR)","10/13/2015","SEVEN PHARMA CHILE S.p.A.","LOPINAVIR//RITONAVIR",""
"","F-24965/24","RIVAPLAST PARCHES SISTEMA TERAPÉUTICO TRANSDÉRMICO 4,6 mg/24HRS (RIVASTIGMINA)","7/26/2019","LIBRA CHILE S.A.","RIVASTIGMINA",""
"","F-24964/24","RIVAPLAST PARCHES SISTEMA TERAPÉUTICO TRANSDÉRMICO 9,5 mg/24 HRS (RIVASTIGMINA)","7/26/2019","LIBRA CHILE S.A.","RIVASTIGMINA",""
"","F-27736/23","RIVAROXABAN COMPRIMDOS RECUBIERTOS 10 mg","8/28/2023","SEVEN PHARMA CHILE S.p.A.","RIVAROXABAN",""
"","F-27593/23","RIVAROXABAN COMPRIMDOS RECUBIERTOS 15 mg","6/20/2023","SEVEN PHARMA CHILE S.p.A.","RIVAROXABAN",""
"","F-27591/23","RIVAROXABAN COMPRIMDOS RECUBIERTOS 20 mg","6/20/2023","SEVEN PHARMA CHILE S.p.A.","RIVAROXABAN",""
"","F-27191/22","RIVAROXABAN COMPRIMIDOS RECUBIERTOS 10 mg","11/29/2022","KAMPAR S.A.","RIVAROXABAN",""
"","F-28137/24","RIVAROXABAN COMPRIMIDOS RECUBIERTOS 10 mg","3/12/2024","EMCURE PHARMA CHILE S.p.A.","RIVAROXABAN",""
"","F-28228/24","RIVAROXABÁN COMPRIMIDOS RECUBIERTOS 10 mg","4/15/2024","MSN LABS CHILE S.p.A.","RIVAROXABAN",""
"","F-27987/23","RIVAROXABÁN COMPRIMIDOS RECUBIERTOS 10 mg","12/18/2023","LABORATORIO CHILE S.A.","RIVAROXABAN",""
"","F-29333/25","RIVAROXABÁN COMPRIMIDOS RECUBIERTOS 10 mg","11/14/2025","PINNACLE CHILE SpA","RIVAROXABÁN",""
"","F-27074/22","RIVAROXABÁN COMPRIMIDOS RECUBIERTOS 10 mg","10/12/2022","SIRON PHARMA S.p.A.","RIVAROXABAN",""
"","F-26191/21","RIVAROXABÁN COMPRIMIDOS RECUBIERTOS 10 mg","6/1/2021","LABORATORIO PASTEUR S.A.","RIVAROXABAN",""
"","F-28138/24","RIVAROXABAN COMPRIMIDOS RECUBIERTOS 15 mg","3/12/2024","EMCURE PHARMA CHILE S.p.A.","RIVAROXABAN",""
"","F-27898/23","RIVAROXABÁN COMPRIMIDOS RECUBIERTOS 15 mg","10/30/2023","LABORATORIO CHILE S.A.","RIVAROXABAN",""
"","F-29334/25","RIVAROXABÁN COMPRIMIDOS RECUBIERTOS 15 mg","11/14/2025","PINNACLE CHILE SpA","RIVAROXABÁN",""
"","F-26446/21","RIVAROXABÁN COMPRIMIDOS RECUBIERTOS 15 mg","10/13/2021","LABORATORIO PASTEUR S.A.","RIVAROXABAN",""
"","F-27075/22","RIVAROXABÁN COMPRIMIDOS RECUBIERTOS 15 mg","10/11/2022","SIRON PHARMA S.p.A.","RIVAROXABAN",""
"","F-27192/22","RIVAROXABÁN COMPRIMIDOS RECUBIERTOS 15 mg","11/29/2022","KAMPAR S.A.","RIVAROXABAN",""
"","F-29347/25","RIVAROXABÁN COMPRIMIDOS RECUBIERTOS 2,5 mg","11/19/2025","PINNACLE CHILE SpA","RIVAROXABÁN",""
"","F-28139/24","RIVAROXABAN COMPRIMIDOS RECUBIERTOS 20 mg","3/12/2024","EMCURE PHARMA CHILE S.p.A.","RIVAROXABAN",""
"","F-27899/23","RIVAROXABÁN COMPRIMIDOS RECUBIERTOS 20 mg","10/30/2023","LABORATORIO CHILE S.A.","RIVAROXABAN",""
"","F-27716/23","RIVAROXABÁN COMPRIMIDOS RECUBIERTOS 20 mg","8/18/2023","PINNACLE CHILE S.p.A.","RIVAROXABAN",""
"","F-27193/22","RIVAROXABÁN COMPRIMIDOS RECUBIERTOS 20 mg","11/30/2022","KAMPAR S.A.","RIVAROXABAN",""
"","F-27072/22","RIVAROXABÁN COMPRIMIDOS RECUBIERTOS 20 mg","10/11/2022","SIRON PHARMA S.p.A.","RIVAROXABAN",""
"","F-26401/21","RIVAROXABÁN COMPRIMIDOS RECUBIERTOS 20 mg","9/21/2021","LABORATORIO PASTEUR S.A.","RIVAROXABAN",""
"","F-25983/21","RIVAROXABÁN COMPRIMIDOS RECUBIERTOS 20 mg","2/15/2021","MSN LABS CHILE S.p.A.","RIVAROXABAN",""
"","F-28227/24","RIVATHROMB COMPRIMIDOS RECUBIERTOS 10 mg (RIVAROXABÁN)","4/15/2024","MSN LABS CHILE S.p.A.","RIVAROXABAN",""
"","F-27089/22","RIVATHROMB COMPRIMIDOS RECUBIERTOS 20 mg (RIVAROXABÁN)","10/18/2022","MSN LABS CHILE S.p.A.","RIVAROXABAN",""
"","F-25030/24","RIVAXORED COMPRIMIDOS RECUBIERTOS 10 mg","9/4/2019","DR. REDDYS LABORATORIES CHILE S.p.A.","RIVAROXABAN",""
"","F-25114/24","RIVAXORED COMPRIMIDOS RECUBIERTOS 15 mg","11/5/2019","DR. REDDYS LABORATORIES CHILE S.p.A.","RIVAROXABAN",""
"","F-25115/24","RIVAXORED COMPRIMIDOS RECUBIERTOS 20 mg","11/5/2019","DR. REDDYS LABORATORIES CHILE S.p.A.","RIVAROXABAN",""
"","F-26356/21","RIVAZIC PARCHE SISTEMA DE LIBERACIÓN TRANSDÉRMICO 13,3 mg/24 h (RIVASTIGMINA)","8/24/2021","TECNOFARMA S.A.","RIVASTIGMINA",""
"","F-26354/21","RIVAZIC PARCHE SISTEMA DE LIBERACIÓN TRANSDÉRMICO 4,6 mg/24 h","8/24/2021","TECNOFARMA S.A.","RIVASTIGMINA",""
"","F-26355/21","RIVAZIC PARCHE SISTEMA DE LIBERACIÓN TRANSDÉRMICO 9,5 mg/24 h","8/24/2021","TECNOFARMA S.A.","RIVASTIGMINA",""
"","F-26986/22","RIVINE COMPRIMIDOS RECUBIERTOS 10 mg (RIVAROXABAN)","8/11/2022","SEVEN PHARMA CHILE S.p.A.","RIVAROXABAN",""
"","F-26964/22","RIVINE COMPRIMIDOS RECUBIERTOS 15 mg (RIVAROXABAN)","8/3/2022","SEVEN PHARMA CHILE S.p.A.","RIVAROXABAN",""
"","F-26965/22","RIVINE COMPRIMIDOS RECUBIERTOS 20 mg (RIVAROXABAN)","8/3/2022","SEVEN PHARMA CHILE S.p.A.","RIVAROXABAN",""
"","F-26773/22","RIVOXA COMPRIMIDOS RECUBIERTOS 10 mg (RIVAROXABÁN)","5/2/2022","LABORATORIOS SAVAL S.A.","RIVAROXABAN",""
"","F-26459/21","RIVOXA COMPRIMIDOS RECUBIERTOS 15 mg (RIVAROXABÁN)","10/20/2021","LABORATORIOS SAVAL S.A.","RIVAROXABAN",""
"","F-26460/21","RIVOXA COMPRIMIDOS RECUBIERTOS 20 mg (RIVAROXABÁN)","10/20/2021","LABORATORIOS SAVAL S.A.","RIVAROXABAN",""
"","F-27718/23","RIXAPIN COMPRIMIDOS RECUBIERTOS 10 mg","8/18/2023","PINNACLE CHILE S.p.A.","RIVAROXABAN",""
"","F-27717/23","RIXAPIN COMPRIMIDOS RECUBIERTOS 15 mg","8/18/2023","PINNACLE CHILE S.p.A.","RIVAROXABAN",""
"","F-27719/23","RIXAPIN COMPRIMIDOS RECUBIERTOS 2,5 mg","8/18/2023","PINNACLE CHILE S.p.A.","RIVAROXABAN",""
"","F-29335/25","RIXAPIN COMPRIMIDOS RECUBIERTOS 20 mg (RIVAROXABÁN)","11/14/2025","PINNACLE CHILE SpA","RIVAROXABÁN",""
"","B-2783/24","RIXATHON CONCENTRADO PARA SOLUCIÓN PARA PERFUSIÓN 100 mg/10 mL","12/4/2019","SANDOZ CHILE S.p.A.","RITUXIMAB",""
"","B-2784/24","RIXATHON CONCENTRADO PARA SOLUCIÓN PARA PERFUSIÓN 500 mg/50 mL","12/4/2019","SANDOZ CHILE S.p.A.","RITUXIMAB",""
"","F-26722/22","RIXOVITAE COMPRIMIDOS RECUBIERTOS 10 mg (RIVAROXABÁN)","4/5/2022","GALENICUM HEALTH CHILE S.p.A.","RIVAROXABAN",""
"","F-26723/22","RIXOVITAE COMPRIMIDOS RECUBIERTOS 15 mg (RIVAROXABÁN)","4/5/2022","GALENICUM HEALTH CHILE S.p.A.","RIVAROXABAN",""
"","F-26724/22","RIXOVITAE COMPRIMIDOS RECUBIERTOS 20 mg","4/5/2022","GALENICUM HEALTH CHILE S.p.A.","RIVAROXABAN",""
"","F-24599/24","ROBTOR COMPRIMIDOS RECUBIERTOS 100 mg (ERLOTINIB)","1/29/2019","LABORATORIO KEMEX CHILE LTDA.","ERLOTINIB",""
"","F-24600/24","ROBTOR COMPRIMIDOS RECUBIERTOS 150 mg (ERLOTINIB)","1/29/2019","LABORATORIO KEMEX CHILE LTDA.","ERLOTINIB",""
"","F-4173/25","ROCALTROL CÁPSULAS BLANDAS 0,25 mcg","5/30/1980 2:10","FARMACÉUTICA XENIUS SPA","CALCITRIOL",""
"","F-4174/25","ROCALTROL CÁPSULAS BLANDAS 0,5 mcg","6/3/1980 2:10","FARMACÉUTICA XENIUS SPA","CALCITRIOL",""
"","F-24716/24","ROCUREM SOLUCIÓN INYECTABLE 50 mg/5 mL (BROMURO DE ROCURONIO)","3/21/2019","CRISTALIA CHILE S.p.A.","ROCURONIO BROMURO",""
"","F-24086/23","ROCURONIO BROMURO SOLUCIÓN INYECTABLE 50 mg/ 5 mL","9/5/2018","DIFEM LABORATORIOS S.A.","ROCURONIO BROMURO",""
"","F-15463/21","ROCURONIO BROMURO SOLUCIÓN INYECTABLE 50 mg/5 mL","3/29/2006","LIBRA CHILE S.A.","ROCURONIO BROMURO",""
"","F-27090/22","ROFEK COMPRIMIDOS RECUBIERTOS 5 mg (TOFACITINIB)","10/18/2022","LABORATORIOS ELEA CHILE S.p.A.","TOFACITINIB",""
"","F-27319/23","ROFEK XR COMPRIMIDOS RECUBIERTOS DE LIBERACIÓN PROLONGADA 11 mg (TOFACITINIB)","2/1/2023","LABORATORIOS ELEA CHILE S.p.A.","TOFACITINIB",""
"","F-26214/21","ROFULAS COMPRIMIDOS RECUBIERTOS 10 mg","6/16/2021","SEVEN PHARMA CHILE S.p.A.","ROSUVASTATINA",""
"","F-26199/21","ROFULAS COMPRIMIDOS RECUBIERTOS 20mg","6/8/2021","SEVEN PHARMA CHILE S.p.A.","ROSUVASTATINA",""
"","F-28156/24","ROFULAS COMPRIMIDOS RECUBIERTOS 40 mg (ROSUVASTATINA)","3/18/2024","SEVEN PHARMA CHILE S.p.A.","ROSUVASTATINA",""
"","B-2851/25","ROPOLIVY LIOFILIZADO PARA CONCENTRADO PARA SOLUCIÓN PARA PERFUSIÓN 140 mg (POLATUZUMAB VEDOTIN)","12/21/2020","ROCHE CHILE LTDA.","POLATUZUMAB VEDOTIN",""
"","B-2963/23","ROPOLIVY LIOFILIZADO PARA CONCENTRADO PARA SOLUCIÓN PARA PERFUSIÓN 30 mg (POLATUZUMAB VEDOTIN)","2/28/2023","ROCHE CHILE LTDA.","POLATUZUMAB VEDOTIN",""
"","F-21131/24","ROSAT-10 COMPRIMIDOS RECUBIERTOS 10 mg (ROSUVASTATINA)","5/27/2014 2:10","LABORATORIO PASTEUR S.A.","ROSUVASTATINA",""
"","F-21132/24","ROSAT-20 COMPRIMIDOS RECUBIERTOS 20 mg (ROSUVASTATINA)","5/27/2014 2:10","LABORATORIO PASTEUR S.A.","ROSUVASTATINA",""
"","F-22084/25","ROSINA CD COMPRIMIDOS RECUBIERTOS","9/10/2015","GEDEON RICHTER CHILE SPA","DROSPIRENONA//ETINILESTRADIOL",""
"","F-14690/25","ROSUMED COMPRIMIDOS RECUBIERTOS 10 mg","3/31/2005","ITF - LABOMED FARMACÉUTICA LTDA.","ROSUVASTATINA",""
"","F-14689/25","ROSUMED COMPRIMIDOS RECUBIERTOS 20 mg","4/11/2005","ITF - LABOMED FARMACÉUTICA LTDA.","ROSUVASTATINA",""
"","F-22395/26","ROSUVASTATINA COMPRIMIDOS RECUBIERTOS 10 mg","1/21/2016 2:10","SEVEN PHARMA CHILE S.p.A.","ROSUVASTATINA",""
"","F-26599/22","ROSUVASTATINA COMPRIMIDOS RECUBIERTOS 10 mg","1/21/2022","PINNACLE CHILE S.p.A.","ROSUVASTATINA",""
"","F-24163/23","ROSUVASTATINA COMPRIMIDOS RECUBIERTOS 10 mg","10/9/2018","ASCEND LABORATORIES S.p.A.","ROSUVASTATINA",""
"","F-25539/20","ROSUVASTATINA COMPRIMIDOS RECUBIERTOS 10 mg","7/6/2020","LABORATORIO CHILE S.A.","ROSUVASTATINA",""
"","F-28455/24","ROSUVASTATINA COMPRIMIDOS RECUBIERTOS 10 mg","9/10/2024","MEDINOVA FARMA LTDA.","ROSUVASTATINA",""
"","F-27760/23","ROSUVASTATINA COMPRIMIDOS RECUBIERTOS 20 mg","8/22/2023","MEDINOVA FARMA LTDA.","ROSUVASTATINA",""
"","F-25536/20","ROSUVASTATINA COMPRIMIDOS RECUBIERTOS 20 mg","7/6/2020","LABORATORIO CHILE S.A.","ROSUVASTATINA",""
"","F-24194/23","ROSUVASTATINA COMPRIMIDOS RECUBIERTOS 20 mg","10/18/2018","ASCEND LABORATORIES S.p.A.","ROSUVASTATINA",""
"","F-22590/21","ROSUVASTATINA COMPRIMIDOS RECUBIERTOS 20 mg","4/21/2016","SEVEN PHARMA CHILE S.p.A.","ROSUVASTATINA",""
"","F-24427/23","ROSUVASTATINA COMPRIMIDOS RECUBIERTOS 40 mg","12/11/2018","SEVEN PHARMA CHILE S.p.A.","ROSUVASTATINA",""
"","F-28460/24","ROSUVASTATINA COMPRIMIDOS RECUBIERTOS 40 mg","9/4/2024","MSN LABS CHILE S.p.A.","ROSUVASTATINA",""
"","F-25540/25","ROSUVASTATINA COMPRIMIDOS RECUBIERTOS 5 mg ","7/6/2020","LABORATORIO CHILE S.A.","ROSUVASTATINA",""
"","F-23603/22","ROSUVID COMPRIMIDOS 500 mcg (ROFLUMILAST)","10/2/2017","LABORATORIOS RECALCINE S.A.","ROFLUMILAST",""
"","F-22272/20","ROSUVITAE COMPRIMIDOS RECUBIERTOS 10 mg (ROSUVASTATINA)","11/10/2015","GALENICUM HEALTH CHILE S.p.A.","ROSUVASTATINA",""
"","F-22276/20","ROSUVITAE COMPRIMIDOS RECUBIERTOS 20 mg (ROSUVASTATINA)","11/10/2015","GALENICUM HEALTH CHILE S.p.A.","ROSUVASTATINA",""
"","F-25620/25","ROSUVITAE PLUS 10+10 COMPRIMIDOS","8/10/2020","GALENICUM HEALTH CHILE S.p.A.","EZETIMIBA//ROSUVASTATINA",""
"","F-25621/25","ROSUVITAE PLUS 20/10 COMPRIMIDOS ","8/10/2020","GALENICUM HEALTH CHILE S.p.A.","EZETIMIBA//ROSUVASTATINA",""
"","F-15251/25","ROSVEL COMPRIMIDOS RECUBIERTOS 10 mg","11/21/2005","LABORATORIO CHILE S.A.","ROSUVASTATINA",""
"","F-15252/25","ROSVEL COMPRIMIDOS RECUBIERTOS 20 mg","11/21/2005","LABORATORIO CHILE S.A.","Rosuvastatina",""
"","B-2708/23","ROTARIX SUSPENSIÓN ORAL (VACUNA ROTAVIRUS VIVA, ATENUADA)","8/14/2018","GLAXOSMITHKLINE CHILE FARMACÉUTICA LTDA.","",""
"","B-1977/22","ROTATEQ VACUNA ANTIROTAVIRUS HUMANO PENTAVALENTE VIVA ATENUADA SUSPENSIÓN ORAL","7/24/2007","MERCK SHARP & DOHME (I.A.) LLC","",""
"","F-27199/22","ROVARTAL 10/10 PLUS COMPRIMIDOS","12/1/2022","MEGALABS CHILE S.A.","EZETIMIBA//ROSUVASTATINA",""
"","F-27034/22","ROVARTAL 20/10 PLUS COMPRIMIDOS","9/6/2022","MEGALABS CHILE S.A.","ROSUVASTATINA//EZETIMIBA",""
"","F-18341/25","ROVARTAL COMPRIMIDOS RECUBIERTOS 10 mg","10/19/2010","MEGALABS CHILE S.A.","ROSUVASTATINA",""
"","F-18321/25","ROVARTAL COMPRIMIDOS RECUBIERTOS 20 mg","10/15/2010","MEGALABS CHILE S.A.","ROSUVASTATINA",""
"","N-596/21","ROWACHOL CÁPSULAS BLANDAS","11/6/2001","FARMACÉUTICA SCHUBERT Y CIA. LTDA.","",""
"","F-25924/26","ROZLYTREK CÁPSULAS 200 mg (ENTRECTINIB)","1/14/2021","ROCHE CHILE LTDA.","ENTRECTINIB",""
"","F-22566/21","RUBRIMET CREMA TÓPICA 1% (METRONIDAZOL)","4/7/2016","LABORATORIO D & M PHARMA LTDA.","METRONIDAZOL",""
"","F-27168/22","RUBRIMET GEL TÓPICO 0,75% (METRONIDAZOL)","11/22/2022","LABORATORIO D & M PHARMA LTDA.","METRONIDAZOL",""
"","F-26241/21","RUKOBIA COMPRIMIDOS RECUBIERTOS DE LIBERACIÓN PROLONGADA 600 mg (FOSTEMSAVIR)","7/19/2021","GLAXOSMITHKLINE CHILE FARMACÉUTICA LTDA.","FOSTEMSAVIR",""
"","F-27167/22","RULOXAN COMPRIMIDOS 10 mg","11/21/2022","LABORATORIOS SAVAL S.A.","RUPATADINA",""
"","F-28362/24","RULOXAN SOLUCIÓN ORAL 1 mg/ mL (RUPATADINA)","7/9/2024","LABORATORIOS SAVAL S.A.","RUPATADINA",""
"","F-28702/25","RUMADA 10/10 COMPRIMIDOS","1/29/2025","TECNOFARMA S.A.","EZETIMIBA//ROSUVASTATINA CÁLCICA",""
"","F-28701/25","RUMADA 20/10 COMPRIMIDOS","1/28/2025","TECNOFARMA S.A.","EZETIMIBA//ROSUVASTATINA CÁLCICA",""
"","F-28700/25","RUMADA 5/10 COMPRIMIDOS","1/28/2025","TECNOFARMA S.A.","EZETIMIBA//ROSUVASTATINA CÁLCICA",""
"","F-17085/23","RUPAFIN COMPRIMIDOS 10 mg (RUPATADINA)","9/22/2008","ITF - LABOMED FARMACÉUTICA LTDA.","RUPATADINA",""
"","F-23285/22","RUPAFIN SOLUCIÓN ORAL 1 mg/mL (RUPATADINA)","1/5/2017","ITF - LABOMED FARMACÉUTICA LTDA.","RUPATADINA",""
"","F-25461/25","RUPAX COMPRIMIDOS 10 mg (RUPATADINA)","6/8/2020","LABORATORIO PASTEUR S.A.","RUPATADINA",""
"","F-27626/23","RUSTEL T COMPRIMIDOS","7/5/2023","OPKO CHILE S.A.","AMLODIPINO//TELMISARTAN",""
"","F-14165/24","RUX COMPRIMIDOS RECUBIERTOS 10 mg (ROSUVASTATINA)","9/16/2004","LABORATORIOS SAVAL S.A.","ROSUVASTATINA",""
"","F-14166/24","RUX COMPRIMIDOS RECUBIERTOS 20 mg (ROSUVASTATINA)","9/16/2004","LABORATORIOS SAVAL S.A.","ROSUVASTATINA",""
"","F-23058/21","RUX COMPRIMIDOS RECUBIERTOS 5 mg (ROSUVASTATINA)","9/9/2016","LABORATORIOS SAVAL S.A.","ROSUVASTATINA",""
"","F-27145/22","RUX EZ 10/10 COMPRIMIDOS RECUBIERTOS","11/9/2022","LABORATORIOS SAVAL S.A.","EZETIMIBA//ROSUVASTATINA",""
"","F-27146/22","RUX EZ 10/10 COMPRIMIDOS RECUBIERTOS","11/9/2022","LABORATORIOS SAVAL S.A.","EZETIMIBA//ROSUVASTATINA",""
"","F-27143/22","RUX EZ 10/5 COMPRIMIDOS RECUBIERTOS","11/9/2022","LABORATORIOS SAVAL S.A.","EZETIMIBA//ROSUVASTATINA",""
"","F-27144/22","RUX EZ 10/5 COMPRIMIDOS RECUBIERTOS","11/9/2022","LABORATORIOS SAVAL S.A.","EZETIMIBA//ROSUVASTATINA",""
"","F-27129/22","RUX EZ 20/10 COMPRIMIDOS RECUBIERTOS","11/9/2022","LABORATORIOS SAVAL S.A.","EZETIMIBA//ROSUVASTATINA",""
"","F-27142/22","RUX EZ 20/10 COMPRIMIDOS RECUBIERTOS","11/9/2022","LABORATORIOS SAVAL S.A.","EZETIMIBA//ROSUVASTATINA",""
"","F-28340/24","RUX F 160/10 COMPRIMIDOS RECUBIERTOS ","7/24/2024","LABORATORIOS SAVAL S.A.","FENOFIBRATO//ROSUVASTATINA",""
"","F-28339/24","RUX F 160/20 COMPRIMIDOS RECUBIERTOS ","7/24/2024","LABORATORIOS SAVAL S.A.","FENOFIBRATO//ROSUVASTATINA",""
"","F-28341/24","RUX F 160/5 COMPRIMIDOS RECUBIERTOS ","7/24/2024","LABORATORIOS SAVAL S.A.","FENOFIBRATO//ROSUVASTATINA",""
"","B-2973/23","RYBELSUS COMPRIMIDOS 14 mg (SEMAGLUTIDA)","4/24/2023","NOVO NORDISK FARMACÉUTICA LTDA.","SEMAGLUTIDA",""
"","B-2975/23","RYBELSUS COMPRIMIDOS 3 mg (SEMAGLUTIDA)","4/24/2023","NOVO NORDISK FARMACÉUTICA LTDA.","SEMAGLUTIDA",""
"","B-2943/22","RYBELSUS COMPRIMIDOS 3 mg (SEMAGLUTIDA)","6/30/2022","NOVO NORDISK FARMACÉUTICA LTDA.","SEMAGLUTIDA",""
"","B-2974/23","RYBELSUS COMPRIMIDOS 7 mg (SEMAGLUTIDA)","4/24/2023","NOVO NORDISK FARMACÉUTICA LTDA.","SEMAGLUTIDA",""
"","B-2713/23","RYDAPT CÁPSULAS BLANDAS 25 mg (MIDOSTAURINA)","9/12/2018","NOVARTIS CHILE S.A.","MIDOSTAURINA",""
"","F-27922/23","RYEQO COMPRIMIDOS RECUBIERTOS","11/21/2023 0:00","GEDEON RICHTER CHILE SPA","ESTRADIOL//NORETISTERONA//RELUGOLIX",""
"","F-24660/24","RYMSOR COMPRIMIDOS RECUBIERTOS DE LIBERACIÓN PROLONGADA 100 mg (METOPROLOL TARTRATO)","2/19/2019","DR. REDDY'S LABORATORIES CHILE S.p.A.","METOPROLOL",""
"","F-24700/24","RYMSOR COMPRIMIDOS RECUBIERTOS DE LIBERACIÓN PROLONGADA 25 mg (METOPROLOL TARTRATO)","3/12/2019","DR. REDDYS LABORATORIES CHILE S.p.A.","METOPROLOL",""
"","F-24659/24","RYMSOR COMPRIMIDOS RECUBIERTOS DE LIBERACIÓN PROLONGADA 50 mg (METOPROLOL TARTRATO)","2/19/2019","DR. REDDY'S LABORATORIES CHILE S.p.A.","Metoprolol",""
"","F-25737/25","SABRIL COMPRIMIDOS RECUBIERTOS 500 mg (VIGABATRINA)","10/14/2020","SANOFI-AVENTIS DE CHILE S.A.","VIGABATRINA",""
"","F-18198/25","SACRUSYT HFA AEROSOL PARA INHALACIÓN 100 mcg/dosis","7/28/2010","FAES FARMA CHILE, SALUD Y NUTRICIÓN SpA","SALBUTAMOL",""
"","F-11634/21","SAE ADULTOS SUPOSITORIOS","7/12/1994","LABORATORIO PASTEUR S.A.","ADIFENINA//PROPIFENAZONA",""
"","F-11635/21","SAE INFANTIL SUPOSITORIOS","7/12/1994","LABORATORIO PASTEUR S.A.","ADIFENINA//PROPIFENAZONA",""
"","F-26714/22","SAGOMYL SOLUCIÓN INYECTABLE 200 mg/ 2 mL","4/1/2022","SANDOZ CHILE S.p.A.","SUGAMMADEX",""
"","F-17313/23","SAGRAS CÁPSULAS 120 mg","12/30/2008","MINTLAB Co. S.A.","ORLISTAT",""
"","F-24229/23","SALBUSEV AEROSOL PARA INHALACIÓN ORAL 100 mcg/dosis","10/24/2018","SEVEN PHARMA CHILE S.p.A.","SALBUTAMOL",""
"","F-17879/24","SALBUTAMOL AEROSOL PARA INHALACIÓN 100 mcg/dosis","12/16/2009","MINTLAB Co. S.A.","SALBUTAMOL",""
"","F-11638/21","SALBUTAMOL 2 mg/5 mL SOLUCIÓN ORAL","7/13/1994","LABORATORIO PASTEUR S.A.","SALBUTAMOL",""
"","F-24769/24","SALBUTAMOL AEROSOL PARA INHALACIÓN 100 mcg/dosis ","4/11/2019","PIGMALION FARMA S.p.A.","SALBUTAMOL",""
"","F-25241/25","SALBUTAMOL AEROSOL PARA INHALACIÓN 100 mcg/dosis","1/29/2020","LABORATORIO HOSPIFARMA CHILE LTDA.","SALBUTAMOL",""
"","F-23828/23","SALBUTAMOL AEROSOL PARA INHALACIÓN 100 mcg/DOSIS","5/24/2018","ARAMA NATURAL PRODUCTS DISTRIBUIDORA LTDA.","SALBUTAMOL",""
"","F-23470/22","SALBUTAMOL AEROSOL PARA INHALACIÓN 100 mcg/dosis","5/29/2017","OPKO CHILE S.A.","Salbutamol",""
"","F-26885/22","SALBUTAMOL AEROSOL PARA INHALACIÓN 100 mcg/dosis","7/5/2022","OPKO CHILE S.A.","SALBUTAMOL",""
"","F-24296/23","SALBUTAMOL AEROSOL PARA INHALACIÓN BUCAL 100 mcg/dosis","11/12/2018","INSTITUTO SANITAS S.A.","SALBUTAMOL",""
"","F-588/23","SALBUTAMOL AEROSOL PARA INHALACIÓN BUCAL 100 mcg/dosis","6/19/1998","CHEMOPHARMA S.A.","SALBUTAMOL",""
"","F-24714/24","SALBUTAMOL AEROSOL PARA INHALACIÓN ORAL 100 mcg/DOSIS","3/21/2019","FAES FARMA CHILE, SALUD Y NUTRICIÓN SpA","SALBUTAMOL",""
"","F-6935/25","SALBUTAMOL JARABE 2 mg/5 mL","3/14/1988 2:10","MINTLAB Co. S.A.","SALBUTAMOL",""
"","F-22001/25","SALBUTAMOL SOLUCIÓN PARA NEBULIZACIÓN 0,5 %","7/15/2015 2:10","ETHON PHARMACEUTICALS S.p.A.","SALBUTAMOL",""
"","F-13923/24","SALBUTAMOL SOLUCIÓN PARA NEBULIZACIÓN 5 mg/mL","7/13/2004","BPH S.A.","SALBUTAMOL",""
"","F-14785/25","SALBUTRAL AC AEROSOL PARA INHALACIÓN","5/16/2005","LABORATORIOS D & M PHARMA LTDA.","BROMURO DE IPRATROPIO//SALBUTAMOL",""
"","F-23172/21","SALBUTRAL SOLUCIÓN PARA NEBULIZACIÓN 0,5% (SALBUTAMOL)","11/11/2016","LABORATORIOS D & M PHARMA LTDA.","SALBUTAMOL",""
"","F-27247/23","SALES PARA REHIDRATACIÓN 75 POLVO PARA SOLUCIÓN ORAL","1/3/2023","BPH S.A.","CLORURO DE SODIO//CLORURO DE POTASIO//CITRATO DE SODIO//;GLUCOSA ANHIDRA",""
"","F-23071/21","SALICORT LOCIÓN CAPILAR","9/20/2016","LABORATORIO D & M PHARMA LTDA.","ACIDO SALICILICO//BETAMETASONA",""
"","F-24602/24","SALICORT UNGÜENTO TÓPICO","1/30/2019","LABORATORIO D & M PHARMA LTDA.","ACIDO SALICILICO//BETAMETASONA",""
"","F-7728/21","SALMETEROL AEROSOL PARA INHALACIÓN 25 mcg/dosis","5/18/2001 2:10","LABORATORIOS LAFI LTDA.","SALMETEROL",""
"","F-9446/21","SALOFALK COMPRIMIDOS CON RECUBRIMIENTO ENTÉRICO 500 mg (MESALAZINA)","11/16/1994 2:10","LABORATORIO BIOTOSCANA FARMA S.p.A.","MESALAZINA",""
"","F-27436/23","SALOFALK COMPRIMIDOS CON RECUBRIMIENTO ENTÉRICO 500 mg (MESALAZINA)","4/4/2023","LABORATORIO BIOTOSCANA FARMA S.p.A.","MESALAZINA",""
"","F-15403/21","SALOFALK ESPUMA RECTAL 1 g CON APLICADOR","1/26/2006","LABORATORIO BIOTOSCANA FARMA S.p.A.","MESALAZINA",""
"","F-15582/21","SALOFALK GRÁNULOS ENTÉRICOS DE LIBERACIÓN PROLONGADA 1000 mg, EN SOBRES","6/19/2006","LABORATORIO BIOTOSCANA FARMA S.p.A.","MESALAZINA",""
"","F-15581/21","SALOFALK GRÁNULOS ENTÉRICOS DE LIBERACIÓN PROLONGADA 500 mg, EN SOBRES","6/19/2006","LABORATORIO BIOTOSCANA FARMA S.p.A.","MESALAZINA",""
"","F-19536/22","SALOFALK ODD GRÁNULOS CON RECUBRIMIENTO ENTÉRICO DE LIBERACIÓN PROLONGADA 1,5 g, EN SOBRES (MESALAZINA)","7/12/2012","LABORATORIO BIOTOSCANA FARMA S.p.A.","MESALAZINA",""
"","F-26371/21","SALOFALK ODD GRÁNULOS CON RECUBRIMIENTO ENTÉRICO DE LIBERACIÓN PROLONGADA 1,5 g, EN SOBRES (MESALAZINA)","9/3/2021","LABORATORIO BIOTOSCANA FARMA S.p.A.","MESALAZINA",""
"","F-26370/21","SALOFALK ODD GRÁNULOS CON RECUBRIMIENTO ENTÉRICO DE LIBERACIÓN PROLONGADA 3 g, EN SOBRES","9/3/2021","LABORATORIO BIOTOSCANA FARMA S.p.A.","MESALAZINA",""
"","F-19537/22","SALOFALK ODD GRÁNULOS CON RECUBRIMIENTO ENTÉRICO DE LIBERACIÓN PROLONGADA 3 g, EN SOBRES","7/12/2012","LABORATORIO BIOTOSCANA FARMA S.p.A.","MESALAZINA",""
"","F-19542/22","SALOFALK ODD SUPOSITORIOS 1000 mg (MESALAZINA)","7/13/2012","LABORATORIO BIOTOSCANA FARMA S.p.A.","MESALAZINA",""
"","F-9448/21","SALOFALK SUPOSITORIOS 500 mg","12/19/1994","LABORATORIO BIOTOSCANA FARMA S.p.A.","MESALAZINA",""
"","F-9466/21","SALOFALK SUSPENSIÓN RECTAL 4 g/60 mL","12/19/1994","LABORATORIO BIOTOSCANA FARMA S.p.A.","MESALAZINA",""
"","F-22108/25","SAMERO POLVO PARA SOLUCIÓN INYECTABLE1 g ( MEROPENEM)","9/3/2015 1:10","INVERSIONES PHARMAVISAN S.A.","MEROPENEM",""
"","F-25059/24","SANDIMMUN NEORAL CÁPSULAS BLANDAS 10 mg (CICLOSPORINA)","9/26/2019","NOVARTIS CHILE S.A.","CICLOSPORINA",""
"","F-25062/24","SANDIMMUN NEORAL CÁPSULAS BLANDAS 100 mg (CICLOSPORINA)","9/26/2019","NOVARTIS CHILE S.A.","CICLOSPORINA",""
"","F-25060/24","SANDIMMUN NEORAL CÁPSULAS BLANDAS 25 mg (CICLOSPORINA)","9/26/2019","NOVARTIS CHILE S.A.","CICLOSPORINA",""
"","F-25061/24","SANDIMMUN NEORAL CÁPSULAS BLANDAS 50 mg (CICLOSPORINA)","9/26/2019","NOVARTIS CHILE S.A.","CICLOSPORINA",""
"","F-9629/21","SANDIMMUN NEORAL SOLUCIÓN ORAL 100 mg/mL (CICLOSPORINA)","2/24/1995","NOVARTIS CHILE S.A.","CICLOSPORINA",""
"","F-24976/25","SANDIMMUN SOLUCIÓN PARA PERFUSIÓN 250 mg/5 mL (CICLOSPORINA)","10/8/2015","NOVARTIS CHILE S.A.","CICLOSPORINA",""
"","F-21610/24","SANDOSTATIN LAR MICROESFERAS PARA SUSPENSIÓN INYECTABLE 20 mg","6/8/1999","NOVARTIS CHILE S.A.","OCTREOTIDA",""
"","F-21611/24","SANDOSTATIN LAR MICROESFERAS PARA SUSPENSIÓN INYECTABLE 30 mg","6/8/1999","NOVARTIS CHILE S.A.","OCTREOTIDA",""
"","F-28008/24","SANDOSTATIN SOLUCIÓN INYECTABLE 0,1 mg/mL","1/3/2024","NOVARTIS CHILE S.A.","OCTREOTIDA",""
"","F-13311/23","SANIDECAL D FORTE CÁPSULAS","11/26/2003","INSTITUTO SANITAS S.A.","CALCIO CARBONATO//COLECALCIFEROL",""
"","F-13310/23","SANIDECAL FORTE CÁPSULAS 450 mg","11/26/2003","INSTITUTO SANITAS S.A.","CALCIO CARBONATO",""
"","F-9043/21","SANIPRESIN COMPRIMIDOS RECUBIERTOS 50 mg","12/31/1996","INSTITUTO SANITAS S.A.","LOSARTAN",""
"","F-20483/23","SANIPRESIN FORTE COMPRIMIDOS RECUBIERTOS 100 mg","10/24/2013","INSTITUTO SANITAS S.A.","LOSARTAN",""
"","F-8952/21","SANIPROSTOL COMPRIMIDOS RECUBIERTOS 5 mg (FINASTERIDA)","12/18/1996","INSTITUTO SANITAS S.A.","FINASTERIDA",""
"","B-3183/25","SAPHNELO CONCENTRADO PARA SOLUCIÓN PARA PERFUSIÓN 300 mg/2 mL (ANIFROLUMAB)","1/5/2026","ASTRAZENECA S.A.","ANIFROLUMAB",""
"","F-21867/25","SATISFIL COMPRIMIDOS RECUBIERTOS 50 mg","5/20/2015 2:10","OPKO CHILE S.A.","SILDENAFILO",""
"","F-28505/24","SAVADEX SOLUCIÓN INYECTABLE 200 mg/2 mL","10/1/2024","LABORATORIOS SAVAL S.A.","SUGAMMADEX",""
"","B-2921/22","SAXENDA RECOMBINANTE SOLUCIÓN INYECTABLE 6 mg/mL, EN DISPOSITIVO PRELLENADO","2/28/2022","NOVO NORDISK FARMACÉUTICA LTDA.","LIRAGLUTIDA",""
"","F-23721/23","SAYANA PRESS SUSPENSIÓN INYECTABLE 104 mg/0,65 ml (ACETATO DE MEDROXIPROGESTERONA)","2/14/2018","PFIZER CHILE S.A.","Medroxiprogesterona",""
"","F-12489/22","SCANDONEST 2% ESPECIAL SOLUCION INYECTABLE EN CARTUCHOS DENTALES (EPINEFRINA/MEPIVACAINA)","12/11/2002","DENTAL LAVAL LTDA.","EPINEFRINA//MEPIVACAINA",""
"","F-3609/25","SCANDONEST SIN VASOCONSTRICTOR SOLUCION INYECTABLE 3%","5/17/2000 2:10","DENTAL LAVAL LTDA.","MEPIVACAINA",""
"","F-27248/23","SCEMBLIX COMPRIMIDOS RECUBIERTOS 20 mg ","1/23/2023","NOVARTIS CHILE S.A.","ASCIMINIB",""
"","F-27250/23","SCEMBLIX COMPRIMIDOS RECUBIERTOS 40 mg","1/23/2023","NOVARTIS CHILE S.A.","ASCIMINIB",""
"","F-22646/21","SECNIDAZOL GRÁNULOS RECUBIERTOS ORALES 2 g, EN SOBRES","5/4/2016","LABORATORIOS RECALCINE S.A.","SECNIDAZOL",""
"","F-11126/21","SEDOFANTIL JARABE PEDIÁTRICO 0,2 g/mL","12/11/1992","LABORATORIOS LAFI LTDA.","CALCIO BROMOLACTOBIONATO",""
"","F-28613/24","SELEXIPAG COMPRIMIDOS RECUBIERTOS 200 mcg","11/27/2024","ALEMBIC PHARMACEUTICALS S.p.A.","SELEXIPAG",""
"","F-27661/23","SELURAN COMPRIMIDOS RECUBIERTOS 100 mg (SERTRALINA)","7/18/2023","SEVEN PHARMA CHILE S.p.A.","SERTRALINA",""
"","F-27656/23","SELURAN COMPRIMIDOS RECUBIERTOS 50 mg (SERTRALINA)","7/17/2023","SEVEN PHARMA CHILE S.p.A.","SERTRALINA",""
"","B-3065/25","SEMGLEE SOLUCIÓN INYECTABLE 100 U.I./mL (INSULINA GLARGINA)","1/20/2025","INSTITUTO SANITAS S.A.","INSULINA GLARGINA HUMANA RECOMBINANTE",""
"","B-3066/25","SEMGLEE SOLUCIÓN INYECTABLE 100 U.I./mL (INSULINA GLARGINA)","1/20/2025","INSTITUTO SANITAS S.A.","Insulina Glargina Humana Recombinante",""
"","F-12696/22","SENEXON SR COMPRIMIDOS RECUBIERTOS DE LIBERACIÓN PROLONGADA 150 mg (VENLAFAXINA)","12/30/2002","RECBEN XENERICS FARMACÉUTICA LTDA.","VENLAFAXINA",""
"","H-597/25","SEPIA COMPUESTO 59 SOLUCIÓN ORAL PARA GOTAS","3/6/1989 2:10","KNOP LABORATORIOS S.A.","",""
"","F-13169/23","SEPTANEST 1/100.000 SOLUCIÓN INYECTABLE PARA USO DENTAL","10/2/2003","DENTAL LAVAL LTDA.","ARTICAINA//EPINEFRINA",""
"","F-13170/23","SEPTANEST 1/200.000 SOLUCIÓN INYECTABLE PARA USO DENTAL","10/2/2003","DENTAL LAVAL LTDA.","ARTICAINA//EPINEFRINA",""
"","F-21327/24","SERENATA 20 COMPRIMIDOS RECUBIERTOS","8/19/2014","LABORATORIOS SILESIA S.A.","CLORMADINONA//ETINILESTRADIOL",""
"","F-12115/22","SEREPRID COMPRIMIDOS 100 mg","5/17/2002","ITF - LABOMED FARMACÉUTICA LTDA.","TIAPRIDA",""
"","F-15078/25","SEREPRID SOLUCIÓN PARA GOTAS ORALES 100 mg/mL (TIAPRIDA CLORHIDRATO)","8/22/2005","ITF - LABOMED FARMACÉUTICA LTDA.","TIAPRIDA",""
"","F-11067/21","SERETRAN COMPRIMIDOS RECUBIERTOS 20 mg","6/13/1994","LABORATORIOS LAFI LTDA.","PAROXETINA",""
"","F-11946/22","SERETRAN COMPRIMIDOS RECUBIERTOS 40 mg (PAROXETINA)","3/26/2002","LABORATORIOS LAFI LTDA.","PAROXETINA",""
"","F-20723/23","SERONEX COMPRIMIDOS RECUBIERTOS 100 mg","12/24/2013","EXELTIS CHILE S.p.A.","SERTRALINA",""
"","F-20724/23","SERONEX COMPRIMIDOS RECUBIERTOS 50 mg","12/24/2013","EXELTIS CHILE S.p.A.","SERTRALINA",""
"","F-25377/25","SEROQUEL COMPRIMIDOS RECUBIERTOS 100 mg","4/7/2020","LIBRA CHILE S.A.","QUETIAPINA",""
"","F-25378/25","SEROQUEL COMPRIMIDOS RECUBIERTOS 200 mg","4/8/2020","LIBRA CHILE S.A.","QUETIAPINA",""
"","F-25376/25","SEROQUEL COMPRIMIDOS RECUBIERTOS 25 mg","4/7/2020","LIBRA CHILE S.A.","QUETIAPINA",""
"","F-25379/25","SEROQUEL COMPRIMIDOS RECUBIERTOS 300 mg","4/8/2020","LIBRA CHILE S.A.","QUETIAPINA",""
"","F-25094/24","SEROQUEL XR COMPRIMIDOS RECUBIERTOS DE LIBERACIÓN PROLONGADA 150 mg","10/23/2019","LIBRA CHILE S.A.","QUETIAPINA",""
"","F-25095/24","SEROQUEL XR COMPRIMIDOS RECUBIERTOS DE LIBERACIÓN PROLONGADA 200 mg","10/24/2019","LIBRA CHILE S.A.","QUETIAPINA",""
"","F-25096/24","SEROQUEL XR COMPRIMIDOS RECUBIERTOS DE LIBERACIÓN PROLONGADA 300 mg","10/25/2019","LIBRA CHILE S.A.","QUETIAPINA",""
"","F-25097/24","SEROQUEL XR COMPRIMIDOS RECUBIERTOS DE LIBERACIÓN PROLONGADA 400 mg","10/25/2019","LIBRA CHILE S.A.","QUETIAPINA",""
"","F-25093/24","SEROQUEL XR COMPRIMIDOS RECUBIERTOS DE LIBERACIÓN PROLONGADA 50 mg","10/23/2019","LIBRA CHILE S.A.","QUETIAPINA",""
"","F-20975/24","SERTAC COMPRIMIDOS RECUBIERTOS 100 mg (SERTRALINA CLORHIDRATO)","3/25/2014","LABORATORIOS ANDRÓMACO S.A.","SERTRALINA",""
"","F-20977/24","SERTAC COMPRIMIDOS RECUBIERTOS 50 mg","3/25/2014","LABORATORIOS ANDRÓMACO S.A.","SERTRALINA",""
"","F-22739/21","SERTACONAZOL NITRATO OVULOS VAGINALES 300 mg","5/27/2016","LABORATORIOS RECALCINE S.A.","SERTACONAZOL",""
"","F-25522/25","SERTRALINA COMPRIMIDOS RECUBIERTOS 100 mg","6/30/2020","ASCEND LABORATORIES S.p.A.","SERTRALINA",""
"","F-18767/21","SERTRALINA COMPRIMIDOS 100 mg","7/18/2011","LABORATORIO CHILE S.A.","SERTRALINA",""
"","F-14271/24","SERTRALINA COMPRIMIDOS 50 mg","11/4/2004","LABORATORIO CHILE S.A.","SERTRALINA",""
"","F-13921/24","SERTRALINA COMPRIMIDOS RECUBIERTOS 100 mg","6/24/2004","MINTLAB Co. S.A.","SERTRALINA",""
"","F-20974/24","SERTRALINA COMPRIMIDOS RECUBIERTOS 100 mg","3/25/2014","LABORATORIOS ANDRÓMACO S.A.","SERTRALINA",""
"","F-27621/23","SERTRALINA COMPRIMIDOS RECUBIERTOS 100 mg","7/3/2023","SEVEN PHARMA CHILE S.p.A.","SERTRALINA",""
"","F-26801/22","SERTRALINA COMPRIMIDOS RECUBIERTOS 100 mg","5/17/2022","SIAA VIDA FARMA SPA","SERTRALINA",""
"","F-27141/22","SERTRALINA COMPRIMIDOS RECUBIERTOS 100 mg","11/9/2022","OPKO CHILE S.A.","SERTRALINA",""
"","F-20976/24","SERTRALINA COMPRIMIDOS RECUBIERTOS 50 mg","3/25/2014","LABORATORIOS ANDRÓMACO S.A.","SERTRALINA",""
"","F-12420/22","SERTRALINA COMPRIMIDOS RECUBIERTOS 50 mg","12/30/2002","MINTLAB Co. S.A.","SERTRALINA",""
"","F-18589/21","SERTRALINA COMPRIMIDOS RECUBIERTOS 50 mg","4/15/2011","OPKO CHILE S.A.","SERTRALINA",""
"","F-27691/23","SERTRALINA COMPRIMIDOS RECUBIERTOS 50 mg","7/27/2023","SEVEN PHARMA CHILE S.p.A.","SERTRALINA",""
"","F-25459/25","SETOFILM 4 LÁMINA BUCODISPERSABLE 4 mg (ONDANSETRÓN)","6/23/2020","GADOR LTDA.","Ondansetron",""
"","F-25460/25","SETOFILM 8 LÁMINA BUCOSDISPERSABLE 8 mg (ONDANSETRÓN)","6/23/2020","GADOR LTDA.","Ondansetron",""
"","F-24671/24","SEVOCRIS SOLUCION PARA INHALACION (SEVOFLURANO)","2/21/2019","CRISTALIA CHILE S.p.A.","SEVOFLURANO",""
"","F-25574/25","SEVOFLURANO LÍQUIDO PARA INHALACIÓN","7/21/2020","BPH S.A.","SEVOFLURANO",""
"","F-25941/26","SEVOFLURANO LÍQUIDO PARA INHALACIÓN ","1/19/2021","FARMEDICAL S.p.A.","SEVOFLURANO",""
"","F-26055/21","SEVOFLURANO LÍQUIDO PARA INHALACIÓN","3/29/2021","DIFEM LABORATORIOS S.A.","SEVOFLURANO",""
"","F-14805/25","SEVOFLURANO LÍQUIDO PARA INHALACIÓN","6/7/2005","INDUSTRIAL Y COMERCIAL BAXTER DE CHILE LTDA.","SEVOFLURANO",""
"","F-25852/25","SEVOFLURANO LÍQUIDO PARA INHALACIÓN","12/9/2020","PISA FARMACÉUTICA DE CHILE S.p.A.","SEVOFLURANO",""
"","F-23541/22","SEVORANE LÍQUIDO PARA INHALACIÓN 100% (SEVOFLURANO)","7/27/2017","ABBVIE PRODUCTOS FARMACÉUTICOS LTDA.","SEVOFLURANO",""
"","B-3082/25","SHINGRIX VACUNA CONTRA EL HERPES ZOSTER RECOMBINANTE ADYUVADA CON AS01B SUSPENSION INYECTABLE","4/2/2025","GLAXOSMITHKLINE CHILE FARMACÉUTICA LTDA.","GLUCOPROTEÍNA E DEL VIRUS VARICELLA ZÓSTER RECOMBINANTE - (NUEVO)",""
"","F-13445/23","SIAFIL COMPRIMIDOS RECUBIERTOS 100 mg","12/31/2003","SYNTHON CHILE LTDA.","SILDENAFILO",""
"","F-13444/23","SIAFIL COMPRIMIDOS RECUBIERTOS 50 mg","12/31/2003","SYNTHON CHILE LTDA.","SILDENAFILO",""
"","F-28500/24","SIALANAR SOLUCIÓN ORAL 320 mcg/mL (GLICOPIRRONIO)","10/1/2024","LABORATORIOS BIOPAS S.A.","GLICOPIRRONIO BROMURO",""
"","F-23873/23","SIBILLA CD COMPRIMIDOS RECUBIERTOS","6/15/2018","GEDEON RICHTER CHILE SPA","DIENOGEST//ETINILESTRADIOL",""
"","F-21395/24","SIBILLA COMPRIMIDOS RECUBIERTOS","9/17/2014","GEDEON RICHTER CHILE SPA","DIENOGEST//ETINILESTRADIOL",""
"","F-4083/25","SICADOL FORTE COMPRIMIDOS 500 mg","6/11/1985","SYNTHON CHILE LTDA.","ACIDO MEFENAMICO",""
"","F-28707/25","SICOBEN COMPRIMIDOS RECUBIERTOS 80 mg","2/3/2025","LABORATORIO CHILE S.A.","LURASIDONA CLORHIDRATO",""
"","F-26560/21","SIFROL ER COMPRIMIDOS DE LIBERACIÓN PROLONGADA 0,375 mg","12/28/2021","BOEHRINGER INGELHEIM LTDA.","PRAMIPEXOL",""
"","F-26561/21","SIFROL ER COMPRIMIDOS DE LIBERACIÓN PROLONGADA 0,75 mg","12/28/2021","BOEHRINGER INGELHEIM LTDA.","PRAMIPEXOL",""
"","F-26562/21","SIFROL ER COMPRIMIDOS DE LIBERACIÓN PROLONGADA 1,5 mg","12/28/2021","BOEHRINGER INGELHEIM LTDA.","PRAMIPEXOL",""
"","F-27224/22","SIGLIVITAE COMPRIMIDOS RECUBIERTOS 100 mg","12/20/2022","GALENICUM HEALTH CHILE S.p.A.","SITAGLIPTINA",""
"","F-15789/21","SIGMASPORIN MICRORAL CÁPSULAS BLANDAS 100 mg","11/16/2006","LIBRA CHILE S.A.","CICLOSPORINA",""
"","F-15787/21","SIGMASPORIN MICRORAL CÁPSULAS BLANDAS 25 mg","11/16/2006","LIBRA CHILE S.A.","CICLOSPORINA",""
"","F-15788/21","SIGMASPORIN MICRORAL CÁPSULAS BLANDAS 50 mg","11/16/2006","LIBRA CHILE S.A.","CICLOSPORINA",""
"","F-15786/21","SIGMASPORIN MICRORAL SOLUCIÓN ORAL 100 mg/mL","11/16/2006","LIBRA CHILE S.A.","CICLOSPORINA",""
"","F-23094/21","SIGNIFOR LAR POLVO PARA SUSPENSION INYECTABLE 40 mg, CON SOLVENTE (PAMOATO DE PASIREOTIDA)","9/28/2016","VARIFARMA CHILE S.p.A.","PASIREOTIDA",""
"","F-23095/21","SIGNIFOR LAR POLVO PARA SUSPENSIÓN INYECTABLE 60 mg, CON SOLVENTE(PAMOATO DE PASIREOTIDA)","9/28/2016","VARIFARMA CHILE S.p.A.","PASIREOTIDA",""
"","B-3028/24","SII-ONCO-BCG LIOFILIZADO PARA INSTILACIÓN INTRAVESICAL (BCG INMUNOTERAPÉUTICO)","4/30/2024","CENTRAL DE ABASTECIMIENTO DEL SISTEMA NACIONAL DE SERVICIOS DE SALUD CENABAST","BCG Inmunoterapéutico",""
"","B-2754/24","SII-ONCO-BCG LIOFILIZADO PARA INSTILACIÓN INTRAVESICAL (BCG INMUNOTERAPÉUTICO)","5/30/2019","DIFEM LABORATORIOS S.A.","",""
"","B-2977/23","SII-ONCO-BCG LIOFILIZADO PARA INSTILACIÓN INTRAVESICAL (BCG INMUNOTERAPÉUTICO)","5/25/2023","CENTRAL DE ABASTECIMIENTO DEL SISTEMA NACIONAL DE SERVICIOS DE SALUD CENABAST","BCG Inmunoterapéutico",""
"","F-19892/23","SILDENAFIL COMPRIMIDOS RECUBIERTOS 50 mg","4/15/2013","OPKO CHILE S.A.","SILDENAFILO",""
"","F-26832/22","SILDENAFIL COMPRIMIDOS RECUBIERTOS 50 mg","6/1/2022","EUROFARMA CHILE SpA","SILDENAFILO",""
"","F-19891/23","SILDENAFILO COMPRIMIDOS RECUBIERTOS 100 mg","4/15/2013","OPKO CHILE S.A.","SILDENAFILO",""
"","F-11959/22","SILDENAFILO COMPRIMIDOS RECUBIERTOS 100 mg","3/28/2002","LABORATORIO CHILE S.A.","SILDENAFILO",""
"","F-11960/22","SILDENAFILO COMPRIMIDOS RECUBIERTOS 50 mg","3/28/2002","LABORATORIO CHILE S.A.","SILDENAFILO",""
"","F-27596/23","SILDIMAS COMPRIMIDOS RECUBIERTOS 100 mg","6/23/2023","MDC HEALTH S.p.A.","SILDENAFILO",""
"","F-27824/23","SILDIMAS COMPRIMIDOS RECUBIERTOS 50 mg","9/22/2023","MDC HEALTH S.p.A.","SILDENAFILO",""
"","F-14480/25","SILIGAZ SUSPENSIÓN PARA GOTAS ORALES 10 mg/mL","1/14/2005","LABORATORIOS PRATER S.A.","DOMPERIDONA",""
"","F-28730/25","SILOCOR COMPRIMIDOS RECUBIERTOS 1,25 mg (BISOPROLOL FUMARATO)","2/24/2025","MINTLAB Co. S.A.","BISOPROLOL FUMARATO",""
"","F-28666/25","SILOCOR COMPRIMIDOS RECUBIERTOS 2,5 mg (BISOPROLOL FUMARATO)","1/6/2025","MINTLAB Co. S.A.","BISOPROLOL",""
"","F-21735/25","SIMBRINZA SUSPENSIÓN OFTÁLMICA","3/3/2015","NOVARTIS CHILE S.A.","BRIMONIDINA//BRINZOLAMIDA",""
"","N-549/24","SIMIFEMIN COMPRIMIDOS 40 mg","10/30/2014","KNOP LABORATORIOS S.A.","",""
"","F-21899/25","SIMITRI 145 /40 COMPRIMIDOS RECUBIERTOS","6/8/2015 2:10","ABBOTT LABORATORIES DE CHILE LTDA.","FENOFIBRATO//SIMVASTATINA",""
"","F-26568/21","SIMLERID COMPRIMIDOS RECUBIERTOS 100 mg","1/3/2022","SANDOZ CHILE S.p.A.","SITAGLIPTINA",""
"","F-26606/22","SIMLERIDMIT 50/1000 COMPRIMIDOS RECUBIERTOS","1/24/2022","SANDOZ CHILE S.p.A.","METFORMINA//SITAGLIPTINA",""
"","F-26604/22","SIMLERIDMIT 50/500 COMPRIMIDOS RECUBIERTOS","1/24/2022","SANDOZ CHILE S.p.A.","METFORMINA//SITAGLIPTINA",""
"","F-26605/22","SIMLERIDMIT 50/850 COMPRIMIDOS RECUBIERTOS","1/24/2022","SANDOZ CHILE S.p.A.","METFORMINA//SITAGLIPTINA",""
"","F-16092/22","SIMPERTEN COMPRIMIDOS RECUBIERTOS 100 mg","5/16/2007","LABORATORIO CHILE S.A.","LOSARTAN",""
"","F-8493/26","SIMPERTEN COMPRIMIDOS RECUBIERTOS 50 mg (LOSARTÁN)","1/24/1997 2:10","LABORATORIO CHILE S.A.","LOSARTAN",""
"","F-12049/22","SIMPERTEN-D 100/25 COMPRIMIDOS RECUBIERTOS","5/6/2002","LABORATORIO CHILE S.A.","HIDROCLOROTIAZIDA//LOSARTAN",""
"","F-3021/25","SIMPERTEN-D COMPRIMIDOS RECUBIERTOS","2/10/2000 2:10","LABORATORIO CHILE S.A.","HIDROCLOROTIAZIDA//LOSARTAN",""
"","B-2197/21","SIMPONI (GOLIMUMAB) SOLUCIÓN INYECTABLE 50 mg/0,5 mL PLUMA PRELLENADA AUTOINYECTOR","8/31/2011","JOHNSON & JOHNSON DE CHILE S.A.","GOLIMUMAB",""
"","B-2414/24","SIMPONI IV SOLUCIÓN CONCENTRADA PARA PERFUSIÓN 50 mg/4 mL","8/4/2014","JOHNSON & JOHNSON DE CHILE S.A.","GOLIMUMAB",""
"","B-3010/23","SIMULECT LIOFILIZADO PARA SOLUCIÓN INYECTABLE 20 mg CON SOLVENTE (BASILIXIMAB)","11/7/2023","NOVARTIS CHILE S.A.","BASILIXIMAB",""
"","F-18106/25","SINASMAL SF AEROSOL PARA INHALACIÓN 100 mcg/dosis","6/23/2010","LABORATORIO CHILE S.A.","SALBUTAMOL",""
"","F-19028/21","SINCOM COMPRIMIDOS RECUBIERTOS 2 mg","11/2/2011","LABORATORIOS RECALCINE S.A.","PITAVASTATINA",""
"","F-19029/21","SINCOM COMPRIMIDOS RECUBIERTOS 4 mg","11/2/2011","LABORATORIOS RECALCINE S.A.","PITAVASTATINA",""
"","F-22344/25","SINCRIS COMPRIMIDOS RECUBIERTOS 10 mg (OLANZAPINA)","12/17/2015 2:10","LABORATORIO CHILE S.A.","OLANZAPINA",""
"","F-22343/25","SINCRIS COMPRIMIDOS RECUBIERTOS 5 mg (OLANZAPINA)","12/16/2015 2:10","LABORATORIO CHILE S.A.","OLANZAPINA",""
"","F-7139/25","SINGULAIR COMPRIMIDOS MASTICABLES 4 mg","11/27/2000 2:10","ORGANON CHILE S.p.A.","MONTELUKAST",""
"","F-612/23","SINGULAIR COMPRIMIDOS MASTICABLES 5 mg","9/4/1998","ORGANON CHILE S.p.A.","MONTELUKAST",""
"","F-20823/23","SINGULAIR COMPRIMIDOS RECUBIERTOS 10 mg","10/16/2013","ORGANON CHILE S.p.A.","MONTELUKAST",""
"","F-21367/24","SINGULAIR GRANULADO ORAL 4 mg EN SOBRES","9/8/2014","ORGANON CHILE S.p.A.","MONTELUKAST",""
"","F-27049/22","SINIERE COMPRIMIDOS 16 mg (BETAHISTINA DICLORHIDRATO)","9/20/2022","DEUTSCHE PHARMA S.A.","BETAHISTINA",""
"","F-27081/22","SINIERE COMPRIMIDOS 24 mg (BETAHISTINA DICLORHIDRATO)","10/11/2022","DEUTSCHE PHARMA S.A.","BETAHISTINA",""
"","F-23405/22","SINOGAN COMPRIMIDOS RECUBIERTOS 25 mg (LEVOMEPROMAZINA)","4/7/2017","SANOFI-AVENTIS DE CHILE S.A.","LEVOMEPROMAZINA",""
"","F-3558/25","SINPASMON SOLUCIÓN PARA GOTAS ORALES","6/12/1987 2:10","INSTITUTO SANITAS S.A.","FENOBARBITAL//PIPENZOLATO BROMURO","Psicotrópico"
"","F-8772/21","SIPIRAC CÁPSULAS CON GRÁNULOS RECUBIERTOS DE LIBERACIÓN PROLONGADA 100 mg","4/30/1992","CHEMOPHARMA S.A.","DICLOFENACO",""
"","F-4368/25","SIRDALUD COMPRIMIDOS 2 mg (TIZANIDINA)","1/28/1987","SANDOZ CHILE S.p.A.","TIZANIDINA",""
"","F-27177/22","SIROLIMUS COMPRIMIDOS RECUBIERTOS 0.5 mg","11/28/2022","ASCEND LABORATORIES S.p.A.","SIROLIMUS",""
"","F-27180/22","SIROLIMUS COMPRIMIDOS RECUBIERTOS 1 mg","11/28/2022","ASCEND LABORATORIES S.p.A.","SIROLIMUS",""
"","F-15720/21","SIROTAN COMPRIMIDOS RECUBIERTOS 1 mg","9/29/2006","LABORATORIOS RECALCINE S.A.","SIROLIMUS",""
"","F-19221/22","SISTOLEN XR COMPRIMIDOS RECUBIERTOS DE LIBERACION PROLONGADA 1000 mg","1/25/2012","LABORATORIOS RECALCINE S.A.","RANOLAZINA",""
"","F-19222/22","SISTOLEN XR COMPRIMIDOS RECUBIERTOS DE LIBERACION PROLONGADA 500 mg","1/25/2012","LABORATORIOS RECALCINE S.A.","RANOLAZINA",""
"","F-28182/24","SITAGLIPTINA COMPRIMIDOS RECUBIERTOS 100 mg","3/27/2024","PINNACLE CHILE S.p.A.","SITAGLIPTINA",""
"","F-28447/24","SITAGLIPTINA COMPRIMIDOS RECUBIERTOS 25 mg","8/28/2024","PINNACLE CHILE S.p.A.","SITAGLIPTINA",""
"","F-27293/23","SITAKEM COMPRIMIDOS RECUBIERTOS 100 mg (SITAGLIPTINA)","1/23/2023","ASCEND LABORATORIES S.p.A.","SITAGLIPTINA",""
"","F-27292/23","SITAKEM COMPRIMIDOS RECUBIERTOS 50 mg (SITAGLIPTINA)","1/23/2023","ASCEND LABORATORIES S.p.A.","SITAGLIPTINA",""
"","F-28750/25","SITAREDDYS COMPRIMIDOS RECUBIERTOS 100 mg (SITAGLIPTINA)","3/10/2025","DR. REDDYS LABORATORIES CHILE S.p.A.","SITAGLIPTINA CLORHIDRATO MONOHIDRATO",""
"","F-28749/25","SITAREDDYS COMPRIMIDOS RECUBIERTOS 50 mg (SITAGLIPTINA)","3/10/2025","DR. REDDYS LABORATORIES CHILE S.p.A.","SITAGLIPTINA CLORHIDRATO MONOHIDRATO",""
"","F-27837/23","SITAREDDYS M 50/1000 COMPRIMIDOS RECUBIERTOS","9/26/2023","DR. REDDYS LABORATORIES CHILE S.p.A.","METFORMINA//SITAGLIPTINA",""
"","F-27838/23","SITAREDDYS M 50/850 COMPRIMIDOS RECUBIERTOS","9/27/2023","DR. REDDYS LABORATORIES CHILE S.p.A.","METFORMINA//SITAGLIPTINA",""
"","F-26712/22","SITAZIT COMPRIMIDOS RECUBIERTOS 100 mg","4/5/2022 0:00","SEVEN PHARMA CHILE S.p.A.","SITAGLIPTINA",""
"","F-25928/26","SITAZIT-M 50/1000 COMPRIMIDOS RECUBIERTOS","1/18/2021 2:10","SEVEN PHARMA CHILE S.p.A.","METFORMINA//SITAGLIPTINA",""
"","F-27370/23","SITAZIT-M 50/850 COMPRIMIDOS RECUBIERTOS","3/23/2023 23:00","SEVEN PHARMA CHILE S.p.A.","METFORMINA//SITAGLIPTINA",""
"","B-2961/23","SKYCELLFLU SUSPENSIÓN INYECTABLE (VACUNA INFLUENZA)","1/9/2023","LABORATORIO BIOSANO S.A.","A/Brisbane/02/2018 Ivr-190 (H1N1);A/Kansas/14/2017 Ivr-195 (H3N2);B/Maryland/15/2016;B/Phuket/3073/2013",""
"","F-28668/25","SKYCLARYS CÁPSULAS 50 mg (OMAVELOXOLONA)","1/6/2025","BIOGEN CHILE S.p.A.","OMAVELOXOLONA",""
"","B-2984/23","SKYRIZI SOLUCIÓN INYECTABLE 150 mg/1 mL (RISANKIZUMAB)","7/20/2023","ABBVIE PRODUCTOS FARMACÉUTICOS LTDA.","RISANKIZUMAB",""
"","B-2935/22","SKYVARICELLA LIOFILIZADO PARA SUSPENSIÓN INYECTABLE, CON SOLVENTE (VACUNA VARICELA ZOSTER (VIRUS VIVO ATENUADO))","5/5/2022","LABORATORIO BIOSANO S.A.","VIRUS VIVO ATENUADO DE LA VARICELA (CEPA OKA)",""
"","F-25351/25","SLINDA COMPRIMIDOS RECUBIERTOS 4 mg (DROSPIRENONA)","4/3/2020","EXELTIS CHILE S.p.A.","DROSPIRENONA",""
"","F-21386/24","SMECTA POLVO PARA SUSPENSIÓN ORAL3 g, EN SOBRES","9/11/2014","LABORATORIOS RECALCINE S.A.","DIOSMECTITA",""
"","F-17954/25","SMOFKABIVEN EMULSIÓN PARA INFUSIÓN","3/16/2010","FRESENIUS KABI CHILE LTDA.","ACEITE DE OLIVA//ACEITE DE PESCADO//ACEITE DE SOYA//ALANINA//ARGININA//CALCIO CLORURO//FENILALANINA//GLICINA//GLUCOSA//HISTIDINA//ISOLEUCINA//LEUCINA//LISINA//MAGNESIO SULFATO//METIONINA//POTASIO CLORURO//PROLINA//SERINA//SODIO ACETATO//SODIO GLICEROFOSFATO//TAURINA//TIROSINA//TREONINA//TRIGLICERIDO//TRIPTOFANO//VALINA//ZINC SULFATO",""
"","F-25234/25","SMOFKABIVEN EXTRA NITRÓGENO EMULSIÓN PARA PERFUSIÓN","1/20/2020","FRESENIUS KABI CHILE LTDA.","ACEITE DE OLIVA REFINADO;ACEITE DE PESCADO;RICO EN ÁCIDOS GRASOS OMEGA-3 - (NUEVO);ACEITE DE SOYA REFINADO;ACETATO DE SODIO TRIHIDRATO;ACIDO ACETICO GLACIAL;ACIDO CLORHIDRICO;AGUA PARA INYECTABLES ;ALANINA;ALL-RAC-ALFA-TOCOFEROL;ARGININA;CLORURO DE CALCIO DIHIDRATO;CLORURO DE POTASIO;FENILALANINA;FOSFOLIPIDOS DE HUEVO PURIFICADOS;GLICEROFOSFATO DE SODIO ANHIDRO;GLICEROL;GLICINA ;GLUCOSA MONOHIDRATO;HIDROXIDO DE SODIO;HISTIDINA;ISOLEUCINA;LEUCINA;LISINA ACETATO;METIONINA;OLEATO DE SODIO;PROLINA;SERINA;SUL",""
"","F-26038/21","SMOFKABIVEN LOW OSMO PERIFERICO EMULSIÓN PARA PERFUSIÓN","3/23/2021","FRESENIUS KABI CHILE LTDA.","ACEITE DE OLIVA REFINADO;ACEITE DE PESCADO;RICO EN ÁCIDOS GRASOS OMEGA-3;ACEITE DE SOYA REFINADO;ACETATO DE SODIO;ACIDO ACETICO GLACIAL;AGUA PARA INYECTABLE;ALANINA;ALL-RAC-ALFA-TOCOFEROL;ARGININA;CLORURO DE CALCIO;CLORURO DE POTASIO ;FENILALANINA;FOSFOLIPIDOS PURIFICADOS DE HUEVO;GLICEROFOSFATO DE SODIO ANHIDRO;GLICEROL;GLICINA;GLUCOSA;HIDROXIDO DE SODIO;HISTIDINA;ISOLEUCINA;LEUCINA;LISINA-L;METIONINA;NITROGENO;OLEATO DE SODIO;PROLINA;SERINA;SULFATO DE MAGNESIO;SULFATO DE ZINC;TAURINA;TIROSINA;TREONINA;TRI",""
"","F-19206/22","SMOFKABIVEN PERIFÉRICO EMULSIÓN INYECTABLE","1/24/2012","FRESENIUS KABI CHILE LTDA.","ACEITE DE OLIVA//ACEITE DE PESCADO//ACEITE DE SOYA//ALANINA//ARGININA//CALCIO CLORURO//FENILALANINA//GLICINA//GLUCOSA//HISTIDINA//ISOLEUCINA//LEUCINA//LISINA//MAGNESIO SULFATO//METIONINA//POTASIO CLORURO//PROLINA//SERINA//SODIO ACETATO//SODIO GLICEROFOSFATO//TAURINA//TIROSINA//TREONINA//TRIGLICERIDO//TRIPTOFANO//VALINA//ZINC SULFATO",""
"","F-16142/22","SMOFLIPID EMULSIÓN PARA PERFUSIÓN 20%","6/7/2007","FRESENIUS KABI CHILE LTDA.","ACEITE DE OLIVA//ACEITE DE PESCADO//ACEITE DE SOYA//TRIGLICERIDO",""
"","F-26452/21","SNITARED CAPSULAS 12,5 MG (SUNITINIB)","10/18/2021","DR. REDDYS LABORATORIES CHILE S.p.A.","SUNITINIB",""
"","F-26583/22","SNITARED CAPSULAS 25 mg","1/21/2022","DR. REDDYS LABORATORIES CHILE S.p.A.","SUNITINIB",""
"","F-26584/22","SNITARED CAPSULAS 50 mg","1/21/2022","DR. REDDYS LABORATORIES CHILE S.p.A.","SUNITINIB",""
"","F-17084/23","SOJOURN LÍQUIDO PARA INHALACIÓN (SEVOFLURANO)","9/11/2008","ALPES CHEMIE S.A.","SEVOFLURANO",""
"","F-24309/23","SOLICEND COMPRIMIDOS RECUBIERTOS 5 mg","11/16/2018","ASCEND LABORATORIES S.p.A.","SOLIFENACINA",""
"","F-27959/23","SOLIFENACINA SUCCINATO COMPRIMIDOS RECUBIERTOS 5 mg","11/28/2023","SEVEN PHARMA CHILE S.p.A.","SOLIFENACINA",""
"","F-21280/25","SOLUCIÓN DE DIÁLISIS PERITONEAL CAPD / DPCA 2","6/30/2015 2:10","PENTAFARMA S.A.","CALCIO CLORURO//DEXTROSA//MAGNESIO CLORURO//SODIO CLORURO//SODIO LACTATO",""
"","F-19541/22","SOLUCIÓN GLUCOSALINA ISOTÓNICA INYECTABLE","7/13/2012","B. BRAUN MEDICAL SpA","GLUCOSA//SODIO CLORURO",""
"","F-14450/25","SOLUCIÓN GLUCOSALINA ISOTÓNICA INYECTABLE","3/10/2005","INDUSTRIAL Y COMERCIAL BAXTER DE CHILE LTDA.","GLUCOSA//SODIO CLORURO",""
"","F-17818/24","SOLUCIÓN INYECTABLE DE CLORURO DE POTASIO 20 mEq/50 mL","10/26/2009","INDUSTRIAL Y COMERCIAL BAXTER DE CHILE LTDA.","POTASIO CLORURO",""
"","F-6175/25","SOLUCIÓN PARA IRRIGACIÓN VESICAL","6/27/1986 2:10","LABORATORIO SANDERSON SpA","MANITOL//SORBITOL",""
"","F-20132/23","SOLUNA COMPRIMIDOS 75 mcg","7/17/2013 2:10","MINTLAB Co. S.A.","DESOGESTREL",""
"","F-20211/23","SOLUNA E COMPRIMIDOS","8/10/2013 2:10","MINTLAB Co. S.A.","DESOGESTREL//ETINILESTRADIOL",""
"","F-20210/23","SOLUNA-E 20 COMPRIMIDOS","8/10/2013 2:10","MINTLAB Co. S.A.","DESOGESTREL//ETINILESTRADIOL",""
"","F-20121/23","SOLUVIT N LIOFILIZADO PARA SOLUCIÓN INYECTABLE","7/13/2013","FRESENIUS KABI CHILE LTDA.","ACIDO ASCORBICO//ACIDO FOLICO//BIOTINA//CIANOCOBALAMINA//NICOTINAMIDA//PIRIDOXINA//RIBOFLAVINA//SODIO PANTOTENATO//TIAMINA",""
"","F-17958/25","SOMATULINE AUTOGEL SOLUCIÓN INYECTABLE DE LIBERACIÓN PROLONGADA 120 mg","3/22/2010","SANOFI-AVENTIS DE CHILE S.A.","LANREOTIDA",""
"","F-17956/25","SOMATULINE AUTOGEL SOLUCIÓN INYECTABLE DE LIBERACIÓN PROLONGADA 90 mg (LANREOTIDA ACETATO)","3/22/2010","SANOFI-AVENTIS DE CHILE S.A.","LANREOTIDA",""
"","B-2771/24","SOMAVERT LIOFILIZADO PARA SOLUCIÓN INYECTABLE 10 mg, CON SOLVENTE (PEGVISOMANT)","11/12/2019","PFIZER CHILE S.A.","PEGVISOMANT",""
"","B-2772/24","SOMAVERT LIOFILIZADO PARA SOLUCIÓN INYECTABLE 15 mg, CON SOLVENTE (PEGVISOMANT)","11/12/2019","PFIZER CHILE S.A.","PEGVISOMANT",""
"","F-17977/25","SOMAZINA SOLUCIÓN ORAL 1000 mg/ 10 mL, EN SOBRES","3/25/2010","FERRER CHILE S.A.","CITICOLINA",""
"","F-11387/21","SOMAZINA FERRER SOLUCIÓN INYECTABLE 500 mg/4 mL","11/9/1992","FERRER CHILE S.A.","CITICOLINA",""
"","F-21842/25","SOOLANTRA CREMA TÓPICA 1% (IVERMECTINA)","5/4/2015","GALDERMA CHILE LABORATORIOS LTDA.","IVERMECTINA",""
"","F-19739/23","SOP 2,0/0,035 COMPRIMIDOS RECUBIERTOS","1/14/2013","EUROFARMA CHILE SpA","CIPROTERONA//ETINILESTRADIOL",""
"","F-7892/21","SORIDERMAL CREMA DÉRMICA 2 %","6/22/2001","MINTLAB Co. S.A.","KETOCONAZOL",""
"","F-24852/24","SORTIFEM ANILLO VAGINAL","5/31/2019","DEUTSCHE PHARMA S.A.","ETINILESTRADIOL//ETONOGESTREL",""
"","F-8497/26","SOSTAC COMPRIMIDOS 20 mg (FLUOXETINA CLORHIDRATO)","1/5/1993 2:10","LABORATORIO CHILE S.A.","FLUOXETINA",""
"","F-27520/23","SOTYKTU COMPRIMIDOS RECUBIERTOS 6 mg (DEUCRAVACITINIB)","5/22/2023","BRISTOL - MYERS SQUIBB DE CHILE","DEUCRAVACITINIB",""
"","H-1199/22","SPASCUPREEL SOLUCIÓN INYECTABLE","6/7/2012","PRODUCTOS FARMACÉUTICOS HEEL CHILE LTDA.","",""
"","F-2127/24","SPASMEX COMPRIMIDOS RECUBIERTOS 30 mg","9/24/1999","SYNTHON CHILE LTDA.","TROSPIO CLORURO",""
"","F-19470/22","SPASMODOX COMPRIMIDOS RECUBIERTOS 40 mg","6/5/2012","LABORATORIOS RECALCINE S.A.","OTILONIO BROMURO",""
"","B-2976/23","SPECTRILA LIOFILIZADO PARA SOLUCIÓN INYECTABLE 10.000 UI (L-ASPARAGINASA) ","5/17/2023","KAMPAR S.A.","L-ASPARAGINASA",""
"","B-3063/24","SPIKEVAX SUSPENSIÓN INYECTABLE 50 µg/dos (VACUNA SARS-CoV-2 ARNm ANDUSOMERÁN)","12/19/2024","TECNOFARMA S.A.","VACUNA SARS-CoV-2 ARNm ANDUSOMERAN",""
"","B-3064/24","SPIKEVAX SUSPENSIÓN INYECTABLE 50 µg/dos (VACUNA SARS-CoV-2 ARNm ANDUSOMERÁN)","12/19/2024","TECNOFARMA S.A.","VACUNA SARS-CoV-2 ARNm ANDUSOMERAN",""
"","B-3059/24","SPIKEVAX SUSPENSIÓN INYECTABLE 50 µg/dos (VACUNA SARS-CoV-2 ARNm ANDUSOMERÁN)","12/19/2024","TECNOFARMA S.A.","VACUNA SARS-CoV-2 ARNm ANDUSOMERAN",""
"","B-3060/24","SPIKEVAX SUSPENSIÓN INYECTABLE 50 µg/dos (VACUNA SARS-CoV-2 ARNm ANDUSOMERÁN)","12/19/2024","TECNOFARMA S.A.","VACUNA SARS-CoV-2 ARNm ANDUSOMERAN",""
"","B-3061/24","SPIKEVAX SUSPENSIÓN INYECTABLE 50 µg/dos (VACUNA SARS-CoV-2 ARNm ANDUSOMERÁN)","12/19/2024","TECNOFARMA S.A.","VACUNA SARS-CoV-2 ARNm ANDUSOMERAN",""
"","B-3062/24","SPIKEVAX SUSPENSIÓN INYECTABLE 50 µg/dos (VACUNA SARS-CoV-2 ARNm ANDUSOMERÁN)","12/19/2024","TECNOFARMA S.A.","VACUNA SARS-CoV-2 ARNm ANDUSOMERAN",""
"","F-23699/23","SPINRAZA SOLUCIÓN INYECTABLE 12 mg/5 mL (NUSINERSEN)","1/25/2018","BIOGEN CHILE S.p.A.","NUSINERSEN",""
"","F-22053/25","SPIOLTO RESPIMAT SOLUCIÓN PARA INHALACIÓN","8/12/2015 1:10","BOEHRINGER INGELHEIM LTDA.","BROMURO DE TIOTROPIO//OLODATEROL",""
"","F-17708/24","SPIRIVA RESPIMAT SOLUCIÓN PARA INHALACIÓN 2,5 mcg/PULSACIÓN","8/21/2009","BOEHRINGER INGELHEIM LTDA.","BROMURO DE TIOTROPIO",""
"","F-668/23","SPIRON COMPRIMIDOS RECUBIERTOS 1 mg","7/31/1998","LABORATORIOS ANDRÓMACO S.A.","RISPERIDONA",""
"","F-25665/25","SPIRON SOLUCIÓN ORAL PARA GOTAS 1 mg/mL (RISPERIDONA)","9/1/2020","LABORATORIOS ANDRÓMACO S.A.","RISPERIDONA",""
"","F-27982/23","SPRYCEL COMPRIMIDOS RECUBIERTOS 100 mg (DASATINIB)","12/13/2023","BRISTOL - MYERS SQUIBB DE CHILE","DASATINIB",""
"","F-27979/23","SPRYCEL COMPRIMIDOS RECUBIERTOS 20 mg (DASATINIB)","12/13/2023","BRISTOL - MYERS SQUIBB DE CHILE","DASATINIB",""
"","F-27980/23","SPRYCEL COMPRIMIDOS RECUBIERTOS 50 mg (DASATINIB)","12/13/2023","BRISTOL - MYERS SQUIBB DE CHILE","DASATINIB",""
"","F-27981/23","SPRYCEL COMPRIMIDOS RECUBIERTOS 70 mg (DASATINIB)","12/13/2023","BRISTOL - MYERS SQUIBB DE CHILE","DASATINIB",""
"","F-28069/24","STALAM COMPRIMIDOS RECUBIERTOS 20 mg (ESCITALOPRAM)","2/9/2024","SEVEN PHARMA CHILE S.p.A.","ESCITALOPRAM",""
"","F-24455/23","STALEVO 100/25/200 COMPRIMIDOS RECUBIERTOS ","12/12/2018","SANDOZ CHILE S.p.A.","CARBIDOPA//ENTACAPONA//LEVODOPA",""
"","F-24457/23","STALEVO 150/37,5/200 COMPRIMIDOS RECUBIERTOS ","12/12/2018","SANDOZ CHILE S.p.A.","CARBIDOPA//ENTACAPONA//LEVODOPA",""
"","F-24458/23","STALEVO 200/50/200 COMPRIMIDOS RECUBIERTOS ","12/12/2018","SANDOZ CHILE S.p.A.","CARBIDOPA//ENTACAPONA//LEVODOPA",""
"","B-2393/24","STELARA (USTEKINUMAB) SOLUCIÓN INYECTABLE 90 mg/ 1 mL","6/3/2014","JOHNSON & JOHNSON DE CHILE S.A.","USTEKINUMAB",""
"","B-2688/23","STELARA CONCENTRADO PARA SOLUCIÓN PARA PERFUSIÓN 130 mg/26 mL (USTEKINUMAB)","1/20/2018","JOHNSON & JOHNSON DE CHILE S.A.","USTEKINUMAB",""
"","B-2392/24","STELARA SOLUCIÓN INYECTABLE 45 mg/ 0,5 mL","6/3/2014","JOHNSON & JOHNSON DE CHILE S.A.","USTEKINUMAB",""
"","F-19900/23","STIVARGA COMPRIMIDOS RECUBIERTOS 40 mg","4/16/2013 1:10","BAYER S.A.","REGORAFENIB",""
"","H-1247/24","STODALINE JARABE ","3/8/2019","DISPOLAB FARMACÉUTICA S.A.","",""
"","F-22632/21","STRESAM CÁPSULAS 50 mg (ETIFOXINA CLORHIDRATO)","7/5/2016","AXON PHARMA S.p.A.","ETIFOXINA",""
"","F-20587/23","STRIBILD COMPRIMIDOS RECUBIERTOS","12/12/2013","GADOR LTDA.","COBICISTAT//ELVITEGRAVIR//EMTRICITABINA//TENOFOVIR",""
"","F-25550/25","STYDAS COMPRIMIDOS RECUBIERTOS 100 mg (DASATINIB)","7/7/2020","SYNTHON CHILE LTDA.","DASATINIB",""
"","F-25418/25","STYDAS COMPRIMIDOS RECUBIERTOS 20 mg (DASATINIB)","5/7/2020","SYNTHON CHILE LTDA.","DASATINIB",""
"","F-25548/25","STYDAS COMPRIMIDOS RECUBIERTOS 50 mg (DASATINIB)","7/7/2020","SYNTHON CHILE LTDA.","DASATINIB",""
"","F-25549/25","STYDAS COMPRIMIDOS RECUBIERTOS 70 mg (DASATINIB)","7/7/2020","SYNTHON CHILE LTDA.","DASATINIB",""
"","F-20527/23","SUAVICORT CREMA TÓPICA 0,1%","11/15/2013","LABORATORIOS D & M PHARMA LTDA.","MOMETASONA",""
"","F-25495/25","SUBELAN COMPRIMIDOS RECUBIERTOS DE LIBERACIÓN OSMÓTICA PROLONGADA 75 mg (VENLAFAXINA)","6/22/2020","EXELTIS CHILE S.p.A.","VENLAFAXINA",""
"","F-25416/25","SUBELAN OR COMPRIMIDOS RECUBIERTOS DE LIBERACIÓN OSMÓTICA PROLONGADA 150 mg (VENLAFAXINA)","5/5/2020","EXELTIS CHILE S.p.A.","VENLAFAXINA",""
"","F-24997/24","SUBELAN OR COMPRIMIDOS RECUBIERTOS DE LIBERACIÓN OSMÓTICA PROLONGADA 225 mg (VENLAFAXINA)","8/9/2019","EXELTIS CHILE S.p.A.","VENLAFAXINA",""
"","F-24771/24","SUBELAN OR COMPRIMIDOS RECUBIERTOS DE LIBERACIÓN OSMÓTICA PROLONGADA 37,5 mg (VENLAFAXINA)","4/12/2019","EXELTIS CHILE S.p.A.","VENLAFAXINA",""
"","F-20484/23","SUBELAN XR CÁPSULAS CON COMPRIMIDOS DE LIBERACIÓN PROLONGADA 150 mg","10/24/2013","EXELTIS CHILE S.p.A.","VENLAFAXINA",""
"","F-20675/23","SUBELAN XR CÁPSULAS CON COMPRIMIDOS DE LIBERACIÓN PROLONGADA 37,5 mg","12/13/2013","EXELTIS CHILE S.p.A.","VENLAFAXINA",""
"","F-20485/23","SUBELAN XR CÁPSULAS CON COMPRIMIDOS DE LIBERACIÓN PROLONGADA 75 mg","10/24/2013","EXELTIS CHILE S.p.A.","VENLAFAXINA",""
"","F-26636/22","SUCRALMAX SUSPENSIÓN ORAL 1 g/5 mL (SUCRALFATO)","2/17/2022","EUROFARMA CHILE SpA","SUCRALFATO",""
"","F-26695/22","SUCROSTAR SOLUCIÓN INYECTABLE 100 mg/ 5 mL (HIERRO)","3/22/2022","COMERCIAL APOTECARE S.p.A.","HIERRO SACARATO",""
"","F-13717/24","SUERO GLUCOSALINO ISOTÓNICO SOLUCIÓN INYECTABLE","5/3/2004","LABORATORIO SANDERSON SpA","GLUCOSA//SODIO CLORURO",""
"","F-26732/22","SUGADION SOLUCIÓN INYECTABLE 200 mg/ 2 mL (SUGAMMADEX)","4/12/2022","SYNTHON CHILE LTDA.","SUGAMMADEX",""
"","F-27157/22","SUGAMMADEX SOLUCIÓN INYECTABLE 200 mg/ 2 mL ","11/28/2022","NETWORK SOLUTION MEDICAL S.p.A.","SUGAMMADEX",""
"","F-26875/22","SUGAMMADEX SOLUCION INYECTABLE 200 mg/ 2 mL","6/29/2022","BLAU FARMACEUTICA CHILE S.p.A.","SUGAMMADEX",""
"","F-26947/22","SUGAMMADEX SOLUCIÒN INYECTABLE 200 mg/ 2 mL","8/2/2022","SEVEN PHARMA CHILE S.p.A.","SUGAMMADEX",""
"","F-27752/23","SUGAMMADEX SOLUCIÓN INYECTABLE 200 mg/ 2 mL","8/16/2023","ASCEND LABORATORIES S.p.A.","SUGAMMADEX",""
"","F-28664/25","SUGAMMADEX SOLUCIÓN INYECTABLE 200 mg/2mL","1/2/2025","FRESENIUS KABI CHILE LTDA.","SUGAMMADEX",""
"","F-27650/23","SUGANON COMPRIMIDOS RECUBIERTOS 5 mg","7/11/2023","EUROFARMA CHILE SpA","EVOGLIPTINA",""
"","F-28776/25","SUGAVITAE SOLUCIÓN INYECTABLE 200 mg/2 mL (SUGAMMADEX)","4/1/2025","GALENICUM HEALTH CHILE S.p.A.","SUGAMMADEX SÓDICO",""
"","F-28777/25","SUGAVITAE SOLUCIÓN INYECTABLE 500 mg/5 mL (SUGAMMADEX)","4/2/2025","GALENICUM HEALTH CHILE S.p.A.","SUGAMMADEX SÓDICO",""
"","F-9701/21","SULBAMOX IBL 1500 POLVO PARA SOLUCIÓN INYECTABLE CON SOLVENTE","6/10/1996","LABORATORIO BAGÓ DE CHILE S.A.","AMOXICILINA//SULBACTAM",""
"","F-21400/24","SULFA - G CREMA TÓPICA","9/15/2014","LABORATORIO HOSPIFARMA CHILE LTDA.","ERGOCALCIFEROL//LIDOCAINA//RETINOL//SULFADIAZINA",""
"","F-23602/22","SULFADIAZINA DE PLATA CREMA TÓPICA 1%","9/25/2017","DROGUERÍA GLOBAL PHARMA S.p.A.","Sulfadiazina",""
"","F-27664/23","SULFADIAZINA DE PLATA CREMA TOPICA 1%","7/17/2023","DIFEM LABORATORIOS S.A.","SULFADIAZINA",""
"","F-21615/24","SULFADIAZINA DE PLATA/LIDOCAINA/RETINOL CREMA TÓPICA","12/18/2014","LABORATORIOS RICHMOND CHILE LIMITADA","SULFADIAZINA",""
"","F-24514/24","SULFASALAZINA COMPRIMIDOS CON RECUBRIMIENTO ENTÉRICO 500 mg","1/3/2019 2:10","PHARMAMERICA LTDA.","SULFASALAZINA",""
"","F-11955/22","SULFATO DE MAGNESIO HEPTAHIDRATADO SOLUCIÓN INYECTABLE 10%","4/3/2002","LABORATORIO BIOSANO S.A.","MAGNESIO SULFATO",""
"","F-3369/25","SULFATO DE MAGNESIO HEPTAHIDRATO SOLUCIÓN INYECTABLE 25%","4/17/2000","LABORATORIO BIOSANO S.A.","MAGNESIO SULFATO",""
"","F-6178/25","SULFATO DE MAGNESIO SOLUCIÓN INYECTABLE 25%","10/9/1944","LABORATORIO SANDERSON SpA","MAGNESIO SULFATO",""
"","F-7962/21","SULFATO DE ZINC SOLUCIÓN INYECTABLE 0,88%","2/7/1990","LABORATORIO BIOSANO S.A.","ZINC SULFATO",""
"","F-6179/25","SULFATO DE ZINC SOLUCIÓN INYECTABLE AL 0,88%","7/12/1983 2:10","LABORATORIO SANDERSON SpA","ZINC SULFATO",""
"","F-6368/25","SULFATO FERROSO COMPRIMIDOS DE 200 mg","5/4/1983","LABORATORIO VALMA SPA","HIERRO SULFATO",""
"","F-26338/21","SULFATO FERROSO COMPRIMIDOS RECUBIERTOS 200 mg","8/16/2021","WINPHARM S.p.A.","HIERRO SULFATO",""
"","F-26575/22","SULFATO FERROSO GRAGEAS 200 mg","1/4/2022","BPH S.A.","HIERRO SULFATO",""
"","F-13517/24","SULFATO FERROSO HEPTAHIDRATO SOLUCIÓN ORAL PARA GOTAS 125 mg/mL","2/12/2004","BPH S.A.","HIERRO SULFATO",""
"","F-23357/22","SULIX CÁPSULAS CON GRÁNULOS RECUBIERTOS DE LIBERACIÓN PROLONGADA 0,4 mg (TAMSULOSINA CLORHIDRATO)","3/3/2017","SYNTHON CHILE LTDA.","TAMSULOSINA",""
"","F-26572/22","SULIX PLUS 0,4/6 COMPRIMIDOS RECUBIERTOS DE LIBERACIÓN MODIFICADA","1/17/2022","SYNTHON CHILE LTDA.","SOLIFENACINA//TAMSULOSINA",""
"","F-2197/24","SULPILAN CÁPSULAS 50 mg","11/20/1975","ITF - LABOMED FARMACÉUTICA LTDA.","SULPIRIDA",""
"","F-26390/21","SUMAVAL CÁPSULAS 12,5 mg","9/15/2021","LABORATORIOS SAVAL S.A.","SUNITINIB",""
"","F-26391/21","SUMAVAL CÁPSULAS 25 mg","9/15/2021","LABORATORIOS SAVAL S.A.","SUNITINIB",""
"","F-26392/21","SUMAVAL CÁPSULAS 50 mg","9/15/2021","LABORATORIOS SAVAL S.A.","SUNITINIB",""
"","F-26917/22","SUNITINIB CÁPSULAS 12,5 mg","7/20/2022","SIAA VIDA FARMA SPA","SUNITINIB",""
"","F-27077/22","SUNITINIB CÁPSULAS 12,5 mg","10/11/2022","KAMPAR S.A.","SUNITINIB",""
"","F-27078/22","SUNITINIB CÁPSULAS 25 mg","10/11/2022","KAMPAR S.A.","SUNITINIB",""
"","F-26918/22","SUNITINIB CÁPSULAS 25 mg","7/20/2022","SIAA VIDA FARMA SPA","SUNITINIB",""
"","F-26780/22","SUNITINIB CÁPSULAS 50 mg","5/3/2022","SIAA VIDA FARMA SPA","SUNITINIB",""
"","F-27079/22","SUNITINIB CÁPSULAS 50 mg","10/11/2022","KAMPAR S.A.","SUNITINIB",""
"","F-28420/24","SUNITINIB CÁPSULAS 50 mg","8/12/2024","MSN LABS CHILE S.p.A.","SUNITINIB",""
"","F-27026/22","SUNIVITAE CÁPSULAS 50 mg (SUNITINIB)","9/2/2022","GALENICUM HEALTH CHILE S.p.A.","SUNITINIB",""
"","F-4209/25","SUPRA PRENATAL COMPRIMIDOS RECUBIERTOS","7/25/1983 2:10","BAYER S.A.","ACIDO FOLICO//BIOTINA//CALCIO ASCORBATO//CALCIO FOSFATO//CIANOCOBALAMINA//COBRE SULFATO//COLECALCIFEROL//HIERRO FUMARATO//MAGNESIO FOSFATO//MAGNESIO OXIDO//MANGANESO SULFATO//NICOTINAMIDA//PANTENOL//PIRIDOXINA//RETINOL//RIBOFLAVINA//TIAMINA//TOCOFEROL//ZINC SULFATO",""
"","B-2549/25","SUPRAHYAL SOLUCIÓN INYECTABLE 25 mg/2,5 mL (HIALURONATO SÓDICO)","10/21/2015","TECNOFARMA S.A.","HIALURONATO SODICO",""
"","F-10149/21","SUPRANE LÍQUIDO PARA INHALACIÓN","7/1/1996","INDUSTRIAL Y COMERCIAL BAXTER DE CHILE LTDA.","DESFLURANO",""
"","F-16752/23","SUPTRAN COMPRIMIDOS RECUBIERTOS 20 mg","3/20/2008","MINTLAB Co. S.A.","PAROXETINA",""
"","B-1935/21","SURFACUR (SURFACTANTE PULMONAR) SUSPENSIÓN PARA INSTILACIÓN TRAQUEO-BRONQUIAL 80 mg/mL","1/26/2006","LABORATORIO BIOSANO S.A.","SURFACTANTE PULMONAR PORCINO",""
"","B-2918/22","SURFACUR SUSPENSIÓN PARA INSTILACIÓN TRAQUEO-BRONQUIAL 120 mg/1,5 mL (SURFACTANTE PULMONAR PORCINO)","1/18/2022","LABORATORIO BIOSANO S.A.","SURFACTANTE PULMONAR PORCINO",""
"","B-2919/22","SURFACUR SUSPENSIÓN PARA INSTILACIÓN TRAQUEO-BRONQUIAL 240 mg/3 mL (SURFACTANTE PULMONAR PORCINO)","1/18/2022","LABORATORIO BIOSANO S.A.","SURFACTANTE PULMONAR PORCINO",""
"","F-9213/21","SURVANTA SUSPENSIÓN INYECTABLE INTRATRAQUEAL 200 mg/8 mL","8/28/1992","ABBVIE PRODUCTOS FARMACÉUTICOS LTDA.","FOSFOLIPIDO",""
"","F-28581/24","SUSTENAN 250 SOLUCIÓN INYECTABLE 250 mg/1 mL","11/7/2024","ASPEN CHILE S.A.","TESTOSTERONA",""
"","F-23816/23","SUSTENAN 250 SOLUCION INYECTABLE 250 mg/1mL","5/18/2018","ASPEN CHILE S.A.","TESTOSTERONA",""
"","F-15601/21","SUTENT CÁPSULAS 12,5 mg","7/10/2006","PFIZER CHILE S.A.","SUNITINIB",""
"","F-15602/21","SUTENT CÁPSULAS 25 mg","7/10/2006","PFIZER CHILE S.A.","SUNITINIB",""
"","F-15603/21","SUTENT CÁPSULAS 50 mg","7/10/2006","PFIZER CHILE S.A.","SUNITINIB",""
"","F-23316/22","SUVEPUR LIOFILIZADO PARA SOLUCIÓN INYECTABLE 70 mg","1/24/2017","PISA FARMACÉUTICA DE CHILE S.p.A.","CASPOFUNGINA",""
"","F-27012/22","SUVERSADEX SOLUCIÓN INYECTABLE 200 mg/2 mL (SUGAMMADEX)","8/29/2022","DR. REDDY'S LABORATORIES CHILE S.p.A.","SUGAMMADEX",""
"","F-19915/22","SUXAMETONIO CLORURO LIOFILIZADO PARA SOLUCIÓN INYECTABLE 100 mg","12/15/1997","BPH S.A.","SUXAMETONIO",""
"","F-10914/21","SUXAMETONIO CLORURO SOLUCIÓN INYECTABLE 100 mg/5 mL","7/24/1992","LABORATORIO SANDERSON SpA","SUXAMETONIO",""
"","F-26198/21","SUXTIRI CÁPSULAS 12,5 mg","6/8/2021","SANDOZ CHILE S.p.A.","SUNITINIB",""
"","F-26204/21","SUXTIRI CÁPSULAS 25 mg","6/8/2021","SANDOZ CHILE S.p.A.","SUNITINIB",""
"","F-26205/21","SUXTIRI CÁPSULAS 50 mg","6/8/2021","SANDOZ CHILE S.p.A.","SUNITINIB",""
"","M-13/21","SYBRAVA SOLUCIÓN INYECTABLE 284 mg/1,5 mL (INCLISIRÁN)","5/24/2021","NOVARTIS CHILE S.A.","INCLISIRÁN",""
"","M-14/23","SYBRAVA SOLUCIÓN INYECTABLE 284 mg/1,5 mL (INCLISIRÁN)","11/15/2023","NOVARTIS CHILE S.A.","INCLISIRÁN",""
"","F-25021/24","SYMTUZA COMPRIMIDOS RECUBIERTOS","8/27/2019","JOHNSON & JOHNSON DE CHILE S.A.","COBICISTAT//DARUNAVIR//EMTRICITABINA//TENOFOVIR ALAFENAMIDA FUMARATO",""
"","F-23466/23","SYNACTHEN DEPOT SUSPENSIÓN INYECTABLE 1 mg/1 mL","5/7/1968","FARMACÉUTICA XENIUS SPA","TETRACOSACTIDA",""
"","F-27810/23","SYNACTHEN SOLUCIÓN INYECTABLE 250 mcg/1 mL (TETRACOSACTIDA ACETATO)","9/10/2023","FARMACÉUTICA XENIUS SPA","TETRACOSACTIDA",""
"","F-9556/21","SYNDOL COMPRIMIDOS RECUBIERTOS 10 mg (KETOROLACO TROMETAMOL)","11/19/1991","MEGALABS CHILE S.A.","KETOROLACO TROMETAMOL",""
"","F-24545/24","SYNDOL SL COMPRIMIDOS SUBLINGUALES 30 mg","1/11/2019 1:10","MEGALABS CHILE S.A.","KETOROLACO TROMETAMOL",""
"","F-9558/21","SYNDOL SOLUCIÓN INYECTABLE 30 mg/mL","11/19/1991","MEGALABS CHILE S.A.","KETOROLACO TROMETAMOL",""
"","F-18489/21","SYNDOL SOLUCIÓN INYECTABLE 60 mg/ 2 mL (KETOROLACO)","2/4/2011","MEGALABS CHILE S.A.","KETOROLACO TROMETAMOL",""
"","B-2625/21","SYNFLORIX, VACUNA CONJUGADA Y ADSORBIDA DE POLISACÁRIDO NEUMOCÓCICO Y PROTEÍNA D RECOMBINANTE DE HAEMOPHILUS INFLUENZAE NO TIPIFICABLE (NTHI), SUSPENSIÓN INYECTABLE","5/31/2016","GLAXOSMITHKLINE CHILE FARMACÉUTICA LTDA.","",""
"","F-24985/24","SYNTHROID COMPRIMIDOS 100 mcg (LEVOTIROXINA SÓDICA)","8/5/2019","LABORATORIOS RECALCINE S.A.","LEVOTIROXINA SODICA",""
"","F-24986/24","SYNTHROID COMPRIMIDOS 112 mcg (LEVOTIROXINA SÓDICA)","8/6/2019","LABORATORIOS RECALCINE S.A.","LEVOTIROXINA SODICA",""
"","F-24987/24","SYNTHROID COMPRIMIDOS 125 mcg (LEVOTIROXINA SÓDICA)","8/6/2019","LABORATORIOS RECALCINE S.A.","LEVOTIROXINA SODICA",""
"","F-24988/24","SYNTHROID COMPRIMIDOS 137 mcg (LEVOTIROXINA SÓDICA)","8/6/2019","LABORATORIOS RECALCINE S.A.","LEVOTIROXINA SODICA",""
"","F-24975/24","SYNTHROID COMPRIMIDOS 150 mcg (LEVOTIROXINA SÓDICA)","8/5/2019","LABORATORIOS RECALCINE S.A.","LEVOTIROXINA SODICA",""
"","F-24980/24","SYNTHROID COMPRIMIDOS 175 mcg (LEVOTIROXINA SÓDICA)","8/5/2019","LABORATORIOS RECALCINE S.A.","LEVOTIROXINA SODICA",""
"","F-24991/24","SYNTHROID COMPRIMIDOS 200 mcg (LEVOTIROXINA SÓDICA)","8/6/2019","LABORATORIOS RECALCINE S.A.","LEVOTIROXINA SODICA",""
"","F-24981/24","SYNTHROID COMPRIMIDOS 25 mcg (LEVOTIROXINA SÓDICA)","8/5/2019","LABORATORIOS RECALCINE S.A.","LEVOTIROXINA SODICA",""
"","F-24982/24","SYNTHROID COMPRIMIDOS 50 mcg (LEVOTIROXINA SÓDICA)","8/5/2019","LABORATORIOS RECALCINE S.A.","LEVOTIROXINA SODICA",""
"","F-24983/24","SYNTHROID COMPRIMIDOS 75 mcg (LEVOTIROXINA SÓDICA)","8/5/2019","LABORATORIOS RECALCINE S.A.","LEVOTIROXINA SODICA",""
"","F-24984/24","SYNTHROID COMPRIMIDOS 88 mcg (LEVOTIROXINA SÓDICA)","8/5/2019","LABORATORIOS RECALCINE S.A.","LEVOTIROXINA SODICA",""
"","B-246/23","SYNTOCINON SOLUCIÓN INYECTABLE 5 U.I./mL","4/20/1994","PHARMARIS CHILE S.p.A.","OXITOCINA",""
"","F-12799/23","T4 - BAGÓ COMPRIMIDOS 100 mcg","2/17/2003","LABORATORIO BAGÓ DE CHILE S.A.","LEVOTIROXINA SODICA",""
"","F-13668/24","T4 - BAGÓ COMPRIMIDOS 150 mcg","4/20/2004","LABORATORIO BAGÓ DE CHILE S.A.","LEVOTIROXINA SODICA",""
"","F-13669/24","T4 - BAGÓ COMPRIMIDOS 50 mcg","4/20/2004","LABORATORIO BAGÓ DE CHILE S.A.","LEVOTIROXINA SODICA",""
"","F-17329/23","T4 - BAGÓ COMPRIMIDOS 75 mcg (LEVOTIROXINA)","12/30/2008","LABORATORIO BAGÓ DE CHILE S.A.","LEVOTIROXINA SODICA",""
"","F-21407/24","TACHYBEN SOLUCIÓN INYECTABLE 5 mg/mL","9/23/2014","EXELTIS CHILE S.p.A.","URAPIDIL",""
"","F-27229/22","TACROLIMUS CÁPSULAS 1mg","12/30/2022","SEVEN PHARMA CHILE S.p.A.","TACROLIMUS",""
"","F-26805/22","TACROLIMUS CÁPSULAS 5mg","5/23/2022","SEVEN PHARMA CHILE S.p.A.","TACROLIMUS",""
"","F-28470/24","TACROLIMUS UNGÜENTO TÓPICO 0,1%","9/9/2024","ALEMBIC PHARMACEUTICALS S.p.A.","TACROLIMUS",""
"","F-28436/24","TADA COMPRIMIDOS RECUBIERTOS 20 mg","8/21/2024","EUROFARMA CHILE SpA","TADALAFILO",""
"","F-28435/24","TADA COMPRIMIDOS RECUBIERTOS 5 mg","8/21/2024","EUROFARMA CHILE SpA","TADALAFILO",""
"","F-24318/23","TADALAFILO COMPRIMIDO RECUBIERTO 20 mg","11/19/2018","SEVEN PHARMA CHILE S.p.A.","TADALAFILO",""
"","F-25354/25","TADALAFILO COMPRIMIDOS RECUBIERTOS 20 mg","3/31/2020","SYNTHON CHILE LTDA.","TADALAFILO",""
"","F-26715/22","TADALAFILO COMPRIMIDOS RECUBIERTOS 20 mg","4/5/2022","LABORATORIO CHILE S.A.","TADALAFILO",""
"","F-22182/25","TADALAFILO COMPRIMIDOS RECUBIERTOS 20 mg","10/5/2015","EUROFARMA CHILE SpA","TADALAFILO",""
"","F-22294/25","TADALAFILO COMPRIMIDOS RECUBIERTOS 5 MG","11/17/2015 2:10","EUROFARMA CHILE SpA","Tadalafilo",""
"","F-24400/23","TADALAFILO COMPRIMIDOS RECUBIERTOS 5 mg","12/5/2018","SEVEN PHARMA CHILE S.p.A.","TADALAFILO",""
"","F-26905/22","TADALAFILO COMPRIMIDOS RECUBIERTOS 5 mg ","7/18/2022","LABORATORIO CHILE S.A.","TADALAFILO",""
"","F-24179/23","TADAMAX 20 COMPRIMIDOS MASTICABLES 20 mg (TADALAFILO)","10/17/2018","MEGALABS CHILE S.A.","TADALAFILO",""
"","F-24180/23","TADAMAX 5 COMPRIMIDOS RECUBIERTOS 5 mg (TADALAFILO)","10/17/2018","MEGALABS CHILE S.A.","TADALAFILO",""
"","F-25253/25","TADAVITAE COMPRIMIDOS RECUBIERTOS 20 mg (TADALAFILO)","1/28/2020","GALENICUM HEALTH CHILE S.p.A.","TADALAFILO",""
"","F-25255/25","TADAVITAE COMPRIMIDOS RECUBIERTOS 5 mg (TADALAFILO)","1/28/2020","GALENICUM HEALTH CHILE S.p.A.","TADALAFILO",""
"","F-24322/23","TADSEVEN COMPRIMIDOS RECUBIERTOS 20 mg (TADALAFILO)","11/19/2018","SEVEN PHARMA CHILE S.p.A.","TADALAFILO",""
"","F-24324/23","TADSEVEN COMPRIMIDOS RECUBIERTOS 5 mg","11/21/2018 2:10","SEVEN PHARMA CHILE S.p.A.","TADALAFILO",""
"","F-27243/22","TADT LÁMINAS BUCODISPERSABLES 10 mg","12/29/2022","LABORATORIOS RECALCINE S.A.","TADALAFILO",""
"","F-27244/22","TADT LÁMINAS BUCODISPERSABLES 20 mg (TADALAFILO)","12/29/2022","LABORATORIOS RECALCINE S.A.","TADALAFILO",""
"","F-27242/22","TADT LÁMINAS BUCODISPERSABLES 5 mg (TADALAFILO)","12/29/2022","LABORATORIOS RECALCINE S.A.","TADALAFILO",""
"","F-27635/23","TAFINLAR CÁPSULAS 75 mg (DABRAFENIB MESILATO)","7/7/2023","NOVARTIS CHILE S.A.","DABRAFENIB",""
"","F-25729/25","TAFINLAR CÁPSULAS 75 mg (DABRAFENIB MESILATO)","10/12/2020","NOVARTIS CHILE S.A.","DABRAFENIB",""
"","F-23860/23","TAGRISSO COMPRIMIDOS RECUBIERTOS 40 mg (OSIMERTINIB)","6/13/2018","ASTRAZENECA S.A.","OSIMERTINIB",""
"","F-23861/23","TAGRISSO COMPRIMIDOS RECUBIERTOS 80 mg (OSIMERTINIB)","6/13/2018","ASTRAZENECA S.A.","OSIMERTINIB",""
"","B-3013/23","TAKHZYRO SOLUCIÓN PARA INYECCIÓN 300 mg (LANADELUMAB)","12/18/2023","TAKEDA CHILE S.P.A.","LANADELUMAB",""
"","B-2842/25","TAKHZYRO SOLUCIÓN PARA INYECCIÓN 300 mg (LANADELUMAB)","9/29/2020","TAKEDA CHILE S.P.A.","LANADELUMAB",""
"","F-23455/22","TALDUS COMPRIMIDOS RECUBIERTOS 20 mg (TADALAFILO)","5/16/2017","SYNTHON CHILE LTDA.","Tadalafilo",""
"","F-23456/22","TALDUS COMPRIMIDOS RECUBIERTOS 5 mg (TADALAFILO)","5/22/2017","SYNTHON CHILE LTDA.","TADALAFILO",""
"","F-28688/25","TALFLEX BI COMPRIMIDOS DE LIBERACIÓN SOSTENIDA 150 mg (KETOPROFENO)","1/20/2025","LABORATORIO BAGÓ DE CHILE S.A.","KETOPROFENO",""
"","F-22700/21","TALFLEX BI COMPRIMIDOS DE LIBERACIÓN SOSTENIDA 150 mg (KETOPROFENO)","5/18/2016","LABORATORIO BAGÓ DE CHILE S.A.","KETOPROFENO",""
"","F-26671/22","TALOXA COMPRIMIDOS RECUBIERTOS 20 mg (TADALAFILO)","3/9/2022","INSTITUTO SANITAS S.A.","TADALAFILO",""
"","F-26716/22","TALOXA COMPRIMIDOS RECUBIERTOS 5 mg (TADALAFILO)","4/4/2022","INSTITUTO SANITAS S.A.","TADALAFILO",""
"","F-26873/22","TALOXA LÁMINAS BUCODISPERSABLES 20 mg (TADALAFILO)","6/28/2022","INSTITUTO SANITAS S.A.","TADALAFILO",""
"","B-3162/25","TALVEY SOLUCIÓN INYECTABLE 3 mg/1,5 mL (TALQUETAMAB)","11/7/2025","JOHNSON & JOHNSON DE CHILE S.A.","TALQUETAMAB",""
"","B-3163/25","TALVEY SOLUCIÓN INYECTABLE 40 mg/1 mL (TALQUETAMAB)","11/7/2025","JOHNSON & JOHNSON DE CHILE S.A.","TALQUETAMAB",""
"","F-25193/24","TALZENNA CÁPSULAS 0,25 mg (TALAZOPARIB)","12/30/2019","PFIZER CHILE S.A.","TALAZOPARIB",""
"","F-25968/21","TAMDEX CÁPSULAS CON CÁPSULA BLANDA Y GRÁNULOS ENTÉRICOS DE LIBERACIÓN MODIFICADA","2/3/2021","EXELTIS CHILE S.p.A.","DUTASTERIDA//TAMSULOSINA",""
"","F-25942/26","TAMIDES COMPRIMIDOS RECUBIERTOS 5 mg (DESLORATADINA)","1/20/2021","ASCEND LABORATORIES S.p.A.","DESLORATADINA",""
"","F-22554/21","TAMIFLU POLVO PARA SUSPENSIÓN ORAL 6 mg/mL (OSELTAMIVIR)","3/30/2016 1:10","ROCHE CHILE LTDA.","OSELTAMIVIR",""
"","F-19668/22","TÁMISA 20/75 COMPRIMIDOS RECUBIERTOS (GESTODENO/ETINILESTRADIOL MICRONIZADO)","11/15/2012 1:10","EUROFARMA CHILE SpA","ETINILESTRADIOL//GESTODENO",""
"","F-19669/22","TÁMISA 30/75 COMPRIMIDOS RECUBIERTOS","11/15/2012 1:10","EUROFARMA CHILE SpA","ETINILESTRADIOL//GESTODENO",""
"","F-25239/25","TAMOXIFENO COMPRIMIDOS RECUBIERTOS 20 mg","1/21/2020","BLAU FARMACEUTICA CHILE S.p.A.","TAMOXIFENO",""
"","F-25172/24","TAMSOL CAPSULAS DE LIBERACION PROLONGADA 0,4 mg (TAMSULOSINA CLORHIDRATO)","12/11/2019","GEDEON RICHTER CHILE SPA","TAMSULOSINA",""
"","F-24218/23","TAMSULOSINA CLORHIDRATO CÁPSULAS CON GRÁNULOS RECUBIERTOS DE LIBERACIÓN PROLONGADA 0,4 mg","10/23/2018","ASCEND LABORATORIES S.p.A.","TAMSULOSINA",""
"","F-24220/23","TAMSULOSINA CLORHIDRATO CÁPSULAS CON GRÁNULOS RECUBIERTOS DE LIBERACIÓN PROLONGADA 0,4 mg","10/23/2018","UNIFARMA S.p.A.","TAMSULOSINA",""
"","F-25589/25","TAMSULOSINA CLORHIDRATO COMPRIMIDOS RECUBIERTOS DE LIBERACIÓN PROLONGADA 0,4 mg","7/27/2020","LABORATORIO CHILE S.A.","TAMSULOSINA",""
"","F-27574/23","TANVALS COMPRIMIDOS RECUBIERTOS 160 mg (VALSARTÁN)","6/7/2023","SEVEN PHARMA CHILE S.p.A.","VALSARTAN",""
"","F-23384/22","TANVALS COMPRIMIDOS RECUBIERTOS 320 mg","3/17/2017","SEVEN PHARMA CHILE S.p.A.","VALSARTAN",""
"","F-27575/23","TANVALS COMPRIMIDOS RECUBIERTOS 80 mg (VALSARTÁN)","6/7/2023","SEVEN PHARMA CHILE S.p.A.","VALSARTAN",""
"","F-24588/24","TANVALS D 160/12,5 COMPRIMIDOS RECUBIERTOS","1/29/2019","SEVEN PHARMA CHILE S.p.A.","HIDROCLOROTIAZIDA//VALSARTAN",""
"","F-24586/24","TANVALS D 160/25 COMPRIMIDOS RECUBIERTOS","1/29/2019","SEVEN PHARMA CHILE S.p.A.","HIDROCLOROTIAZIDA//VALSARTAN",""
"","F-24587/24","TANVALS D 80/12,5 COMPRIMIDOS RECUBIERTOS","1/29/2019","SEVEN PHARMA CHILE S.p.A.","HIDROCLOROTIAZIDA//VALSARTAN",""
"","F-28412/24","TANVALS S 24/26 COMPRIMIDOS RECUBIERTOS","8/22/2024","SEVEN PHARMA CHILE S.p.A.","VALSARTAN SACUBITRILO",""
"","F-28414/24","TANVALS S 49/51 COMPRIMIDOS RECUBIERTOS","8/22/2024","SEVEN PHARMA CHILE S.p.A.","VALSARTAN SACUBITRILO",""
"","F-28413/24","TANVALS S 97/103 COMPRIMIDOS RECUBIERTOS","8/22/2024","SEVEN PHARMA CHILE S.p.A.","VALSARTAN SACUBITRILO SÓDICO SOBRE DIÓXIDO DE SILICIO COLOIDAL",""
"","F-17373/24","TAPSININSTAFLU COMPUESTO PLUS COMPRIMIDOS","2/13/2009","LABORATORIO MAVER S.A.","CLORFENAMINA//PARACETAMOL//PSEUDOEFEDRINA",""
"","F-17427/24","TAPSININSTAFLU COMPUESTO PLUS POLVO PARA SOLUCIÓN ORAL EN SOBRES","3/24/2009","LABORATORIO MAVER S.A.","CLORFENAMINA//PARACETAMOL//PSEUDOEFEDRINA",""
"","F-742/23","TAPSININSTAFLU DN COMPRIMIDOS","8/21/1998","LABORATORIO MAVER S.A.","CLORFENAMINA//PARACETAMOL//PSEUDOEFEDRINA",""
"","F-17426/24","TAPSININSTAFLU PLUS POLVO PARA SOLUCIÓN ORAL EN SOBRES","3/24/2009","LABORATORIO MAVER S.A.","PARACETAMOL//PSEUDOEFEDRINA",""
"","F-22112/25","TAREG - D 160/12,5 COMPRIMIDOS RECUBIERTOS","9/7/2015","NOVARTIS CHILE S.A.","HIDROCLOROTIAZIDA//VALSARTAN",""
"","F-7190/25","TAREG - D 160/12,5 COMPRIMIDOS RECUBIERTOS","11/27/2000","NOVARTIS CHILE S.A.","HIDROCLOROTIAZIDA//VALSARTAN",""
"","F-22347/25","TAREG - D 160/25 COMPRIMIDOS RECUBIERTOS","12/16/2015","NOVARTIS CHILE S.A.","HIDROCLOROTIAZIDA//VALSARTAN",""
"","F-22322/25","TAREG - D 320/12,5 COMPRIMIDOS RECUBIERTOS","12/1/2015","NOVARTIS CHILE S.A.","HIDROCLOROTIAZIDA//VALSARTAN",""
"","F-20850/24","TAREG - D 320/25 COMPRIMIDOS RECUBIERTOS","1/27/2014","NOVARTIS CHILE S.A.","HIDROCLOROTIAZIDA//VALSARTAN",""
"","F-21246/24","TAREG - D 80/12,5 COMPRIMIDOS RECUBIERTOS","4/4/2014","NOVARTIS CHILE S.A.","HIDROCLOROTIAZIDA//VALSARTAN",""
"","F-1721/24","TAREG - D 80/12,5 COMPRIMIDOS RECUBIERTOS","4/19/1999","NOVARTIS CHILE S.A.","HIDROCLOROTIAZIDA//VALSARTAN",""
"","F-78/22","TAREG COMPRIMIDOS RECUBIERTOS 160 mg (VALSARTÁN)","7/16/1997","NOVARTIS CHILE S.A.","VALSARTAN",""
"","F-14205/24","TAREG COMPRIMIDOS RECUBIERTOS 320 mg","10/8/2004","NOVARTIS CHILE S.A.","VALSARTAN",""
"","F-77/22","TAREG COMPRIMIDOS RECUBIERTOS 80 mg (VALSARTAN)","7/16/1997","NOVARTIS CHILE S.A.","VALSARTAN",""
"","F-26321/21","TASIGNA CÁPSULAS 150 mg (NILOTINIB)","8/9/2021","NOVARTIS CHILE S.A.","NILOTINIB",""
"","F-26315/21","TASIGNA CÁPSULAS 200 mg (NILOTINIB)","8/9/2021","NOVARTIS CHILE S.A.","NILOTINIB",""
"","F-28187/24","TAVIST XR COMPRIMIDOS DE LIBERACIÓN PROLONGADA 1000 mg (METFORMINA CLORHIDRATO)","4/3/2024","MINTLAB Co. S.A.","METFORMINA",""
"","F-27966/23","TAVIST XR COMPRIMIDOS DE LIBERACIÓN PROLONGADA 500 mg (METFORMINA CLORHIDRATO)","12/5/2023","MINTLAB Co. S.A.","METFORMINA",""
"","F-27332/23","TAVIST XR COMPRIMIDOS DE LIBERACIÓN PROLONGADA 750 mg (METFORMINA CLORHIDRATO)","2/8/2023","MINTLAB Co. S.A.","METFORMINA",""
"","F-12364/22","TAVOR COMPRIMIDOS 150 mg (FLUCONAZOL)","8/27/2002","TECNOFARMA S.A.","FLUCONAZOL",""
"","F-25552/25","TAXIMAX POLVO PARA SOLUCIÓN INYECTABLE 4,5 g","7/8/2020","OPKO CHILE S.A.","PIPERACILINA//TAZOBACTAM",""
"","F-10367/21","TAXUS COMPRIMIDOS 20 mg","5/19/1993","TECNOFARMA S.A.","TAMOXIFENO",""
"","F-26546/21","TAZATRED COMPRIMIDOS RECUBIERTOS 50 mg ","12/20/2021","DR. REDDYS LABORATORIES CHILE S.p.A.","DASATINIB",""
"","F-26411/21","TAZATRED COMPRIMIDOS RECUBIERTOS 100 mg (DASATINIB)","9/28/2021","DR. REDDYS LABORATORIES CHILE S.p.A.","DASATINIB",""
"","F-26547/21","TAZATRED COMPRIMIDOS RECUBIERTOS 70 mg","12/21/2021","DR. REDDY'S LABORATORIES CHILE S.p.A.","DASATINIB",""
"","F-25686/25","TAZOCILINA POLVO PARA SOLUCIÓN INYECTABLE 4,5 g","9/17/2020","INDOPHARMA S.A.","PIPERACILINA//TAZOBACTAM",""
"","F-27132/22","TAZONAM NF LIOFILIZADO PARA SOLUCIÓN INYECTABLE 4,5 g","11/7/2022","LABORATORIOS WYETH LLC.","PIPERACILINA//TAZOBACTAM",""
"","F-28016/24","TEBIRA COMPRIMIDOS RECUBIERTOS 250 mg (ABIRATERONA ACETATO)","1/10/2024","KAMPAR S.A.","ABIRATERONA",""
"","F-28015/24","TEBIRA COMPRIMIDOS RECUBIERTOS 500 mg (ABIRATERONA ACETATO)","1/8/2024","KAMPAR S.A.","ABIRATERONA",""
"","B-2793/25","TECENTRIQ CONCENTRADO PARA SOLUCIÓN PARA PERFUSIÓN 840 mg /14 mL","3/26/2020","ROCHE CHILE LTDA.","Atezolizumab",""
"","B-2662/22","TECENTRIQ RECOMBINANTE CONCENTRADO PARA SOLUCIÓN PARA PERFUSIÓN 1200 mg/20 mL (ATEZOLIZUMAB)","2/2/2017","ROCHE CHILE LTDA.","ATEZOLIZUMAB",""
"","B-3172/25","TECENTRIQ SC SOLUCIÓN INYECTABLE 1875 mg/15 mL (ATEZOLIZUMAB)","12/30/2025","ROCHE CHILE LTDA.","ATEZOLIZUMAB",""
"","F-21323/24","TECFIDERA CÁPSULAS CON COMPRIMIDOS CON RECUBRIMIENTO ENTÉRICO 120 mg (DIMETILFUMARATO)","8/18/2014","BIOGEN CHILE S.p.A.","DIMETILFUMARATO",""
"","F-21324/24","TECFIDERA CÁPSULAS CON COMPRIMIDOS CON RECUBRIMIENTO ENTÉRICO 240 mg (DIMETILFUMARATO)","8/18/2014","BIOGEN CHILE S.p.A.","DIMETILFUMARATO",""
"","B-3181/25","TECVAYLI SOLUCIÓN INYECTABLE 153 mg/1,7 mL (TECLISTAMAB)","1/5/2026","JOHNSON & JOHNSON DE CHILE S.A.","TECLISTAMAB",""
"","B-3180/25","TECVAYLI SOLUCIÓN INYECTABLE 30 mg/3 mL (TECLISTAMAB)","1/5/2026","JOHNSON & JOHNSON DE CHILE S.A.","TECLISTAMAB",""
"","F-28251/24","TEFLAMI COMPRIMIDOS 40 mg (TELMISARTÁN)","4/23/2024","SEVEN PHARMA CHILE S.p.A.","TELMISARTAN",""
"","F-28250/24","TEFLAMI COMPRIMIDOS 80 mg (TELMISARTAN)","4/23/2024","SEVEN PHARMA CHILE S.p.A.","TELMISARTAN",""
"","F-26598/22","TEGLUTIK SUSPENSIÓN ORAL 5 mg/mL","2/17/2022 0:00","ITF - LABOMED FARMACÉUTICA LTDA.","RILUZOL",""
"","F-24877/24","TEGOVIR COMPRIMIDOS RECUBIERTOS 500 mg (VALACICLOVIR)","6/13/2019","MEGALABS CHILE S.A.","VALACICLOVIR",""
"","F-1105/23","TEGRETAL COMPRIMIDOS 200 mg","1/9/1967","NOVARTIS CHILE S.A.","CARBAMAZEPINA",""
"","F-4376/25","TEGRETAL CR COMPRIMIDOS RECUBIERTOS DE LIBERACIÓN SOSTENIDA 200 mg","4/11/1988","NOVARTIS CHILE S.A.","CARBAMAZEPINA",""
"","F-4377/25","TEGRETAL CR COMPRIMIDOS RECUBIERTOS DE LIBERACIÓN SOSTENIDA 400 mg (CARBAMAZEPINA)","4/11/1988","NOVARTIS CHILE S.A.","CARBAMAZEPINA",""
"","F-4378/25","TEGRETAL SUSPENSIÓN ORAL 100 mg/5 mL","3/10/1988","NOVARTIS CHILE S.A.","CARBAMAZEPINA",""
"","F-27895/23","TEGSEDI SOLUCIÓN INYECTABLE 284 mg/1,5 mL (INOTERSÉN) ","11/7/2023","PTC THERAPEUTICS CHILE S.p.A.","INOTERSEN",""
"","F-22297/25","TEJANIA COMPRIMIDOS RECUBIERTOS 0,075 mg (DESOGESTREL)","11/19/2015 2:10","GEDEON RICHTER CHILE SPA","DESOGESTREL",""
"","F-24622/24","TELGARD COMPRIMIDOS 40 mg","2/11/2019","SEVEN PHARMA CHILE S.p.A.","TELMISARTAN",""
"","F-24562/24","TELGARD COMPRIMIDOS 80 mg (TELMISARTAN)","1/15/2019","SEVEN PHARMA CHILE S.p.A.","TELMISARTAN",""
"","F-24303/23","TELGARD D 40/12,5 COMPRIMIDOS","11/13/2018","SEVEN PHARMA CHILE S.p.A.","HIDROCLOROTIAZIDA//TELMISARTAN",""
"","F-24302/23","TELGARD D 80/12,5 COMPRIMIDOS","11/13/2018","SEVEN PHARMA CHILE S.p.A.","HIDROCLOROTIAZIDA//TELMISARTAN",""
"","F-24301/23","TELGARD D 80/25 COMPRIMIDOS ","11/13/2018","SEVEN PHARMA CHILE S.p.A.","HIDROCLOROTIAZIDA//TELMISARTAN",""
"","F-28232/24","TELLMI AM 40/5 COMPRIMIDOS","4/15/2024","LABORATORIOS SAVAL S.A.","AMLODIPINO//TELMISARTAN",""
"","F-28234/24","TELLMI AM 80/10 COMPRIMIDOS","4/15/2024","LABORATORIOS SAVAL S.A.","AMLODIPINO//TELMISARTAN",""
"","F-28233/24","TELLMI AM 80/5 COMPRIMIDOS","4/15/2024","LABORATORIOS SAVAL S.A.","AMLODIPINO//TELMISARTAN",""
"","F-23590/22","TELLMI COMPRIMIDOS 40 mg (TELMISARTAN)","9/4/2017","LABORATORIOS SAVAL S.A.","Telmisartan",""
"","F-23593/22","TELLMI COMPRIMIDOS 80 mg (TELMISARTAN)","9/5/2017","LABORATORIOS SAVAL S.A.","TELMISARTAN",""
"","F-23446/22","TELLMI-D 40/12,5 COMPRIMIDOS","5/24/2017","LABORATORIOS SAVAL S.A.","HIDROCLOROTIAZIDA//TELMISARTAN",""
"","F-23448/22","TELLMI-D 80/12,5 COMPRIMIDOS","5/24/2017","LABORATORIOS SAVAL S.A.","HIDROCLOROTIAZIDA//TELMISARTAN",""
"","F-28531/24","TELMICAR-AM 80/5 COMPRIMIDOS","10/10/2024","LABORATORIO FLEMING SPA","AMLODIPINO//TELMISARTAN",""
"","F-28134/24","TELMISARTAN COMPRIMIDOS 40 mg","3/11/2024","ALEMBIC PHARMACEUTICALS S.p.A.","TELMISARTAN",""
"","F-28126/24","TELMISARTAN COMPRIMIDOS 40 mg","3/5/2024","MEDINOVA FARMA LTDA.","TELMISARTAN",""
"","F-28512/24","TELMISARTAN COMPRIMIDOS 40 mg","10/9/2024","MINTLAB Co. S.A.","TELMISARTAN",""
"","F-28416/24","TELMISARTAN COMPRIMIDOS 40 mg","8/12/2024","EMCURE PHARMA CHILE S.p.A.","TELMISARTAN",""
"","F-27925/23","TELMISARTÁN COMPRIMIDOS 40 mg ","11/13/2023","ASCEND LABORATORIES S.p.A.","TELMISARTAN",""
"","F-27992/23","TELMISARTAN COMPRIMIDOS 80 mg","12/18/2023","MEDINOVA FARMA LTDA.","TELMISARTAN",""
"","F-28135/24","TELMISARTAN COMPRIMIDOS 80 mg","3/11/2024","ALEMBIC PHARMACEUTICALS S.p.A.","TELMISARTAN",""
"","F-28417/24","TELMISARTÁN COMPRIMIDOS 80 mg","8/12/2024","EMCURE PHARMA CHILE S.p.A.","TELMISARTAN",""
"","F-27924/23","TELMISARTÁN COMPRIMIDOS 80 mg ","11/13/2023","ASCEND LABORATORIES S.p.A.","TELMISARTAN",""
"","F-27963/23","TELMISARTÁN/HIDROCLOROTIAZIDA 80/12,5 COMPRIMIDOS","12/5/2023","EXELTIS CHILE S.p.A.","HIDROCLOROTIAZIDA//TELMISARTAN",""
"","F-28120/24","TELMISARTÁN/HIDROCLOROTIAZIDA 80/12,5 COMPRIMIDOS","3/6/2024","ALEMBIC PHARMACEUTICALS S.p.A.","HIDROCLOROTIAZIDA//TELMISARTAN",""
"","F-28695/25","TELMISARTÁN/HIDROCLOROTIAZIDA 80/12,5 COMPRIMIDOS","1/21/2025","SEVEN PHARMA CHILE S.p.A.","HIDROCLOROTIAZIDA;TELMISARTAN",""
"","F-27893/23","TELTIMVITAE COMPRIMIDOS 40 mg","10/20/2023","GALENICUM HEALTH CHILE S.p.A.","TELMISARTAN",""
"","F-27669/23","TELTIMVITAE COMPRIMIDOS 80 mg","7/18/2023","GALENICUM HEALTH CHILE S.p.A.","TELMISARTAN",""
"","F-2689/24","TEMODAL CÁPSULAS 100 mg (TEMOZOLOMIDA)","12/29/1999","MERCK SHARP & DOHME CHILE LTDA.","TEMOZOLOMIDA",""
"","F-16896/23","TEMODAL CÁPSULAS 140 mg ( TEMOZOLOMIDA)","7/23/2008","MERCK SHARP & DOHME CHILE LTDA.","TEMOZOLOMIDA",""
"","F-16897/23","TEMODAL CÁPSULAS 180 mg (TEMOZOLOMIDA)","7/23/2008","MERCK SHARP & DOHME CHILE LTDA.","TEMOZOLOMIDA",""
"","F-2691/24","TEMODAL CÁPSULAS 20 mg (TEMOZOLOMIDA)","12/29/1999","MERCK SHARP & DOHME CHILE LTDA.","TEMOZOLOMIDA",""
"","F-27411/23","TEMOZOLOMIDA CÁPSULAS 100 mg","3/29/2023","OPKO CHILE S.A.","TEMOZOLOMIDA",""
"","F-24692/24","TEMOZOLOMIDA CÁPSULAS 100 mg ","3/13/2019","PIGMALION FARMA S.p.A.","TEMOZOLOMIDA",""
"","F-26944/22","TEMOZOLOMIDA CÁPSULAS 140 mg","8/1/2022","OPKO CHILE S.A.","TEMOZOLOMIDA",""
"","F-27412/23","TEMOZOLOMIDA CÁPSULAS 180 mg","3/29/2023","OPKO CHILE S.A.","TEMOZOLOMIDA",""
"","F-24828/24","TEMOZOLOMIDA CÁPSULAS 20 mg","5/14/2019","PIGMALION FARMA S.p.A.","TEMOZOLOMIDA",""
"","F-26943/22","TEMOZOLOMIDA CÁPSULAS 250 mg","8/1/2022","OPKO CHILE S.A.","TEMOZOLOMIDA",""
"","F-23724/23","TENARTA EM COMPRIMIDOS RECUBIERTOS","2/27/2018","PHARMARIS CHILE S.p.A.","EMTRICITABINA//TENOFOVIR DISOPROXIL FUMARATO",""
"","F-21789/25","TENBILOL COMPRIMIDOS RECUBIERTOS 10 mg (BISOPROLOL FUMARATO)","4/27/2015","SYNTHON CHILE LTDA.","BISOPROLOL",""
"","F-21832/25","TENBILOL COMPRIMIDOS RECUBIERTOS 5 mg ( BISOPROLOL FUMARATO)","5/4/2015","SYNTHON CHILE LTDA.","BISOPROLOL",""
"","F-22856/21","TENDIFU COMPRIMIDOS RECUBIERTOS 300 mg","7/12/2016 2:10","SEVEN PHARMA CHILE S.p.A.","TENOFOVIR",""
"","F-22873/21","TENOFEM COMPRIMIDOS RECUBIERTOS","7/13/2016","SEVEN PHARMA CHILE S.p.A.","EMTRICITABINA//TENOFOVIR DISOPROXIL FUMARATO",""
"","F-24169/23","TENOFOVIR DISOPROXIL FUMARATO COMPRIMIDOS RECUBIERTOS","10/9/2018","DIFEM LABORATORIOS S.A.","TENOFOVIR",""
"","F-23473/22","TENOPROX SOLUCIÓN OFTÁLMICA 0,004% (TRAVOPROST)","5/23/2017","OPKO CHILE S.A.","Travoprost",""
"","F-25612/25","TENOPROX SOLUCIÓN OFTÁLMICA 0,004% (TRAVOPROST)","8/4/2020","OPKO CHILE S.A.","TRAVOPROST",""
"","F-9711/26","TENSIOMAX COMPRIMIDOS RECUBIERTOS 10 mg","1/17/1997 2:10","LABORATORIO BAGÓ DE CHILE S.A.","CICLOBENZAPRINA",""
"","F-13568/24","TENSIOMAX COMPRIMIDOS RECUBIERTOS 5 mg","3/25/2004","LABORATORIO BAGÓ DE CHILE S.A.","CICLOBENZAPRINA",""
"","F-24200/23","TENSIONIL 100/25 COMPRIMIDOS RECUBIERTOS","10/17/2018","OPKO CHILE S.A.","HIDROCLOROTIAZIDA//LOSARTAN",""
"","F-24202/23","TENSIONIL 50/12,5 COMPRIMIDOS RECUBIERTOS","10/17/2018","OPKO CHILE S.A.","HIDROCLOROTIAZIDA//LOSARTAN",""
"","F-26266/21","TENSOCOR 24/26 COMPRIMIDOS RECUBIERTOS","7/15/2021","SYNTHON CHILE LTDA.","VALSARTAN SACUBITRILO",""
"","F-26421/21","TENSOCOR 49/51 COMPRIMIDOS RECUBIERTOS ","10/6/2021","SYNTHON CHILE LTDA.","VALSARTAN SACUBITRILO",""
"","F-26267/21","TENSOCOR 97/103 COMPRIMIDOS RECUBIERTOS ","7/15/2021","SYNTHON CHILE LTDA.","VALSARTAN SACUBITRILO",""
"","F-11070/21","TENSODOX COMPRIMIDOS RECUBIERTOS 10 mg","3/21/1991","LABORATORIOS LAFI LTDA.","CICLOBENZAPRINA",""
"","F-15381/26","TENSODOX COMPRIMIDOS RECUBIERTOS 5 mg","1/16/2006","LABORATORIOS LAFI LTDA.","CICLOBENZAPRINA",""
"","F-18317/25","TENSODOX XR COMPRIMIDOS RECUBIERTOS DE LIBERACIÓN PROLONGADA 10 mg","9/27/2010","LABORATORIOS LAFI LTDA.","CICLOBENZAPRINA",""
"","F-4026/25","TENSOLIV COMPRIMIDOS RECUBIERTOS","12/21/1986 2:10","LABORATORIO CHILE S.A.","CLIDINIO BROMURO//CLORDIAZEPOXIDO","Psicotrópico"
"","F-26850/22","TENSUREN AM 40/5 COMPRIMIDOS ","6/14/2022","LABORATORIO CHILE S.A.","AMLODIPINO//TELMISARTAN",""
"","F-26852/22","TENSUREN AM 80/10 COMPRIMIDOS","6/14/2022","LABORATORIO CHILE S.A.","AMLODIPINO//TELMISARTAN",""
"","F-26851/22","TENSUREN AM 80/5 COMPRIMIDOS","6/14/2022","LABORATORIO CHILE S.A.","AMLODIPINO//TELMISARTAN",""
"","F-24119/23","TENSUREN COMPRIMIDOS 40 mg (TELMISARTÁN)","9/25/2018","LABORATORIO CHILE S.A.","TELMISARTAN",""
"","F-28502/24","TENSUREN COMPRIMIDOS 80 mg (TELMISARTÁN)","10/9/2024","LABORATORIO FLEMING SPA","TELMISARTÁN",""
"","F-24120/23","TENSUREN COMPRIMIDOS 80 mg (TELMISARTÁN)","9/25/2018","LABORATORIO CHILE S.A.","TELMISARTÁN",""
"","F-24261/23","TENSUREN D 40/12,5 COMPRIMIDOS","12/28/2018","LABORATORIO CHILE S.A.","HIDROCLOROTIAZIDA//TELMISARTÁN",""
"","F-24784/24","TENSUREN D 80/12,5 COMPRIMIDOS","4/17/2019","LABORATORIO CHILE S.A.","HIDROCLOROTIAZIDA//TELMISARTÁN",""
"","F-28036/24","TEPACITOX LIOFILIZADO PARA SOLUCIÓN CONCENTRADA PARA PERFUSIÓN 100 mg (TIOTEPA)","1/30/2024 0:00","ADVANCE SCIENTIFIC DE CHILE S.p.A.","TIOTEPA",""
"","F-27907/23","TEPACITOX LIOFILIZADO PARA SOLUCIÓN PARA PERFUSIÓN 15 mg (TIOTEPA)","11/6/2023","ADVANCE SCIENTIFIC DE CHILE S.p.A.","TIOTEPA",""
"","F-8577/21","TERATOS ADULTOS JARABE 50 mg/5 mL","8/1/2001","RECBEN XENERICS FARMACÉUTICA LTDA.","OXOLAMINA",""
"","F-8576/21","TERATOS INFANTIL JARABE 28 mg/5 mL","8/1/2001","RECBEN XENERICS FARMACÉUTICA LTDA.","OXOLAMINA",""
"","F-26017/21","TERBICIL CREMA 1% (TERBINAFINA CLORHIDRATO)","3/9/2021","LABORATORIO SCL LIMITADA","TERBINAFINA",""
"","F-27473/23","TERBIDERM CREMA TÓPICA 1%","4/24/2023","HELSE LAB S.p.A.","TERBINAFINA",""
"","F-21471/24","TERBIMIC CREMA TÓPICO 1% (Terbinafina clorhidrato)","10/20/2014","INTERPHARMA S.A.","TERBINAFINA",""
"","F-698/23","TERBINAFINA CLORHIDRATO CREMA DÉRMICA 1%","8/11/1998","INSTITUTO SANITAS S.A.","TERBINAFINA",""
"","F-13949/24","TERBINAFINA CLORHIDRATO CREMA DÉRMICA 1%","7/9/2004","MINTLAB Co. S.A.","TERBINAFINA",""
"","F-697/23","TERBINAFINA CLORHIDRATO CREMA DÉRMICA 1%","8/11/1998","CHEMOPHARMA S.A.","TERBINAFINA",""
"","F-24708/24","TERBINAFINA CLORHIDRATO CREMA TÓPICA 1%","3/19/2019","ASCEND LABORATORIES S.p.A.","TERBINAFINA",""
"","F-21396/24","TERBINAFINA CLORHIDRATO CREMA TÓPICA 1%","9/11/2014","LABORATORIO HOSPIFARMA CHILE LTDA.","TERBINAFINA",""
"","F-15665/21","TERBINAFINA CLORHIDRATO CREMA TÓPICA 1%","8/23/2006","LABORATORIO CHILE S.A.","TERBINAFINA",""
"","F-15330/25","TERBINAFINA COMPRIMIDOS 250 mg","12/26/2005","LABORATORIO CHILE S.A.","TERBINAFINA",""
"","F-14052/24","TERBINAFINA COMPRIMIDOS 250 mg","8/18/2004","MINTLAB Co. S.A.","TERBINAFINA",""
"","F-26231/21","TERBINAFINA COMPRIMIDOS 250 mg","6/23/2021","MDC HEALTH S.p.A.","TERBINAFINA",""
"","F-28711/25","TERCEF POLVO PARA SUSPENSIÓN ORAL 125 mg/5 mL (CEFDINIR)","2/16/2025","EUROFARMA CHILE SpA","CEFDINIR",""
"","F-27877/23","TERFANIB COMPRIMIDOS RECUBIERTOS 5 mg (TOFACITINIB)","10/11/2023","ASKENY CHILE S.p.A.","TOFACITINIB",""
"","F-11882/22","TERFEX GEL TÓPICO 1%","2/12/2002","LABORATORIOS LAFI LTDA.","TERBINAFINA",""
"","F-7866/21","TERFEX SOLUCIÓN TÓPICA AL 1%","5/22/2001","LABORATORIOS LAFI LTDA.","TERBINAFINA",""
"","F-17428/24","TERFIN CREMA TÓPICA 1%","3/26/2009","LABORATORIO PASTEUR S.A.","TERBINAFINA",""
"","F-27445/23","TERIFLUNOMIDA COMPRIMIDOS RECUBIERTOS 14 mg","4/12/2023","SEVEN PHARMA CHILE S.p.A.","TERIFLUNOMIDA",""
"","F-27320/23","TERIFLUNOMIDA COMPRIMIDOS RECUBIERTOS 14 mg","2/7/2023","ALEMBIC PHARMACEUTICALS S.p.A.","TERIFLUNOMIDA",""
"","F-25675/25","TERIFLUNOMIDA COMPRIMIDOS RECUBIERTOS 14 mg","9/9/2020","MSN LABS CHILE S.p.A.","TERIFLUNOMIDA",""
"","F-25322/25","TERINTRA COMPRIMIDOS RECUBIERTOS 14 mg (TERIFLUNOMIDA)","3/3/2020","LABORATORIOS RICHMOND CHILE LIMITADA","TERIFLUNOMIDA",""
"","F-26911/22","TERITENER COMPRIMIDOS RECUBIERTOS 14 mg (TERIFLUNOMIDA)","7/20/2022","EMCURE PHARMA CHILE S.p.A.","TERIFLUNOMIDA",""
"","F-26610/22","TERLIPRESINA ACETATO LIOFILIZADO PARA SOLUCIÓN INYECTABLE 1 mg CON SOLVENTE","1/26/2022","LABVITALIS S.A.","TERLIPRESINA",""
"","F-28336/24","TERLIPRESINA ACETATO LIOFILIZADO PARA SOLUCIÓN INYECTABLE 1 mg CON SOLVENTE","6/25/2024","DIFEM LABORATORIOS S.A.","TERLIPRESINA",""
"","F-13687/24","TERMONIOFEN SUSPENSIÓN ORAL","4/28/2004","LABORATORIOS RECALCINE S.A.","IBUPROFENO//PARACETAMOL",""
"","F-24001/23","TERONRED COMPRIMIDOS RECUBIERTOS 250 mg (ABIRATERONA ACETATO)","8/6/2018","DR. REDDYS LABORATORIES CHILE S.p.A.","ABIRATERONA",""
"","F-26849/22","TERONRED COMPRIMIDOS RECUBIERTOS 500 mg (ABIRATERONA ACETATO)","6/15/2022","DR. REDDY'S LABORATORIES CHILE S.p.A.","ABIRATERONA",""
"","F-27468/23","TERUS COMPRIMIDOS SUBLINGUALES 10 mg (KETOROLACO TROMETAMOL)","4/19/2023","EUROFARMA CHILE SpA","KETOROLACO TROMETAMOL",""
"","F-18996/21","TESTOSTERONA ENANTATO SOLUCIÓN INYECTABLE 250 mg/1 mL","10/19/2011","ETHON PHARMACEUTICALS S.p.A.","TESTOSTERONA",""
"","B-1290/21","TETANOGAMMA SOLUCIÓN INYECTABLE 250 U.I./mL","7/16/1996","CSL BEHRING S.p.A.","INMUNOGLOBULINA HUMANA ANTITETANICA",""
"","F-26818/22","TETMODIS COMPRIMIDOS 25 mg (TETRABENAZINA)","5/26/2022","AXON PHARMA S.p.A.","TETRABENAZINA",""
"","F-6939/25","TETRACICLINA CÁPSULAS 500 mg","4/28/1986","MINTLAB Co. S.A.","TETRACICLINA",""
"","B-1968/22","TETRALYSAL CÁPSULAS 300 mg (LIMECICLINA)","1/19/2007","GALDERMA CHILE LABORATORIOS LTDA.","LIMECICLINA",""
"","B-2387/24","TEVAGRASTIM SOLUCIÓN INYECTABLE 300 mcg/0,5 mL","5/8/2014","LABORATORIO CHILE S.A.","FILGRASTIM",""
"","B-2887/21","TEVAGRASTIM SOLUCIÓN INYECTABLE 300 mcg/0,5 mL (FILGRASTIM)","6/15/2021","LABORATORIO CHILE S.A.","FILGRASTIM",""
"","F-23082/21","TEXINAL COMPRIMIDOS 40 mg (TELMISARTAN)","9/23/2016","ASCEND LABORATORIES S.p.A.","TELMISARTAN",""
"","F-23081/21","TEXINAL COMPRIMIDOS 80 mg (TELMISARTAN)","9/23/2016","ASCEND LABORATORIES S.p.A.","TELMISARTAN",""
"","F-24021/23","TEZIDE CÁPSULAS 100 mg (TEMOZOLOMIDA)","8/13/2018","SEVEN PHARMA CHILE S.p.A.","TEMOZOLOMIDA",""
"","F-24029/23","TEZIDE CÁPSULAS 140 mg (TEMOZOLOMIDA)","8/13/2018","SEVEN PHARMA CHILE S.p.A.","TEMOZOLOMIDA",""
"","F-24031/23","TEZIDE CÁPSULAS 180 mg (TEMOZOLOMIDA)","8/13/2018","SEVEN PHARMA CHILE S.p.A.","TEMOZOLOMIDA",""
"","F-24026/23","TEZIDE CÁPSULAS 20 mg (TEMOZOLOMIDA)","8/13/2018","SEVEN PHARMA CHILE S.p.A.","TEMOZOLOMIDA",""
"","F-24032/23","TEZIDE CÁPSULAS 250 mg","8/13/2018","SEVEN PHARMA CHILE S.p.A.","TEMOZOLOMIDA",""
"","F-28656/24","TEZORIB COMPRIMIDOS RECUBIERTOS 10 mg (TOFACITINIB)","12/27/2024","SEVEN PHARMA CHILE S.p.A.","TOFACITINIB CITRATO",""
"","B-3081/25","Tezspire solución inyectable 210 mg/1,91 mL (tezepelumab)","4/10/2025","ASTRAZENECA S.A.","TEZEPELUMAB - (NUEVO)",""
"","F-25305/25","THIOP-ONE POLVO PARA SOLUCIÓN INYECTABLE 940 mg (TIOPENTAL)","2/12/2020","BPH S.A.","TIOPENTAL SODICO",""
"","B-1952/21","THROMBOFLUX (ESTREPTOQUINASA) POLVO LIOFILIZADO PARA SOLUCIÓN INYECTABLE 1.500.000 U.I.","9/11/2006","LABORATORIO BIOSANO S.A.","ESTREPTOQUINASA",""
"","F-22538/21","THYROFIX COMPRIMIDOS 25 mcg (LEVOTIROXINA SÓDICA)","3/22/2016","ETHON PHARMACEUTICALS S.p.A.","LEVOTIROXINA SODICA",""
"","F-22629/21","THYROFIX COMPRIMIDOS 50 mcg (LEVOTIROXINA SÓDICA)","4/28/2016","ETHON PHARMACEUTICALS S.p.A.","LEVOTIROXINA SODICA",""
"","F-22628/21","THYROFIX COMPRIMIDOS 100 mcg (LEVOTIROXINA SÓDICA)","4/28/2016","ETHON PHARMACEUTICALS S.p.A.","LEVOTIROXINA SODICA",""
"","F-22650/21","THYROFIX COMPRIMIDOS 75 mcg (LEVOTIROXINA SÓDICA)","5/5/2016","ETHON PHARMACEUTICALS S.p.A.","LEVOTIROXINA SODICA",""
"","B-2703/23","THYROGEN LIOFILIZADO PARA SOLUCION INYECTABLE 0,9 mg/mL (TIROTROPINA ALFA) ","7/9/2018","SANOFI-AVENTIS DE CHILE S.A.","TIROTROPINA ALFA",""
"","F-7023/25","THYROZOL 10 COMPRIMIDOS RECUBIERTOS 10 mg (TIAMAZOL)","9/1/2000 1:10","MERCK S.A.","TIAMAZOL",""
"","F-7022/25","THYROZOL 5 COMPRIMIDOS RECUBIERTOS 5 mg (TIAMAZOL)","9/1/2000 1:10","MERCK S.A.","TIAMAZOL",""
"","F-17717/24","TIADIS COMPRIMIDOS RECUBIERTOS 2,5 mg","9/2/2009","SYNTHON CHILE LTDA.","LETROZOL",""
"","F-1405/23","TIAMINA CLORHIDRATO COMPRIMIDOS 10 mg","10/31/1969","LABORATORIO CHILE S.A.","TIAMINA",""
"","F-26015/21","TIAMINA CLORHIDRATO SOLUCIÓN INYECTABLE 200 mg/ 2 mL","3/18/2021","GADOR LTDA.","TIAMINA",""
"","F-25796/25","TIAMINA CLORHIDRATO SOLUCIÓN INYECTABLE 30 mg/ 1 mL","11/18/2020","DIFEM LABORATORIOS S.A.","TIAMINA",""
"","F-6180/25","TIAMINA CLORHIDRATO SOLUCIÓN INYECTABLE 30 mg/1 mL","9/14/1983","LABORATORIO SANDERSON SpA","TIAMINA",""
"","F-3365/25","TIAMINA CLORHIDRATO SOLUCIÓN INYECTABLE 30 mg/1 mL","4/17/2000","LABORATORIO BIOSANO S.A.","TIAMINA",""
"","F-28654/24","TICAGRELOR COMPRIMIDOS RECUBIERTOS 90 mg","12/18/2024","SEVEN PHARMA CHILE S.p.A.","TICAGRELOR",""
"","F-28491/24","TICAVITAE COMPRIMIDOS RECUBIERTOS 60 mg (TICAGRELOR)","9/23/2024","GALENICUM HEALTH CHILE S.p.A.","TICAGRELOR",""
"","F-28560/24","TICAVITAE COMPRIMIDOS RECUBIERTOS 90 mg (TICAGRELOR)","11/5/2024","GALENICUM HEALTH CHILE S.p.A.","TICAGRELOR",""
"","F-23407/22","TIGECICLINA LIOFILIZADO PARA SOLUCIÓN INYECTABLE 50 mg","3/30/2017","NEOETHICALS CHILE S.p.A.","TIGECICLINA",""
"","F-26919/22","TIGECICLINA LIOFILIZADO PARA SOLUCIÓN INYECTABLE 50 mg","7/21/2022","NEOETHICALS CHILE S.p.A.","TIGECICLINA",""
"","F-23394/22","TIGETOP LIOFILIZADO PARA SOLUCIÓN INYECTABLE 50 mg","4/4/2017","PHARMATECH CHILE S.p.A.","TIGECICLINA",""
"","F-22920/21","TIGEVITAE LIOFILIZADO PARA SOLUCIÓN INYECTABLE 50 mg (TIGECICLINA)","7/27/2016","GALENICUM HEALTH CHILE S.p.A.","TIGECICLINA",""
"","F-3407/25","TILDIEM COMPRIMIDOS 60 mg","8/31/1987 1:10","CHEMOPHARMA S.A.","DILTIAZEM",""
"","F-3408/25","TILDIEM COMPRIMIDOS 90 mg (DILTIAZEM CLORHIDRATO)","8/16/1988 1:10","CHEMOPHARMA S.A.","DILTIAZEM",""
"","B-2454/25","TIMOGLOBULINA POLVO LIOFILIZADO PARA SOLUCIÓN INYECTABLE 25 mg","1/20/2015","SANOFI-AVENTIS DE CHILE S.A.","INMUNOGLOBULINA DE CONEJO ANTITIMOCITOS",""
"","F-22975/21","TIMOLOL SOLUCIÓN OFTÁLMICA 0,5 %","8/18/2016","ASCEND LABORATORIES S.p.A.","TIMOLOL",""
"","F-27289/23","TIMOLOL SOLUCIÓN OFTÁLMICA 0,5%","1/17/2023","DROGUERÍA ETHON PHARMACEUTICALS S.p.A.","TIMOLOL",""
"","F-20039/23","TIMOLOL SOLUCIÓN OFTÁLMICA 0,5%","6/19/2013","OPKO CHILE S.A.","TIMOLOL",""
"","F-22085/25","TIMOLOL SOLUCIÓN OFTÁLMICA 0,5%","8/21/2015 1:10","LABORATORIO HOSPIFARMA CHILE LTDA.","TIMOLOL",""
"","F-20105/23","TINELLE 3 COMPRIMIDOS RECUBIERTOS","7/8/2013","LABORATORIOS SILESIA S.A.","DIENOGEST//ETINILESTRADIOL",""
"","F-17673/24","TINELLE COMPRIMIDOS RECUBIERTOS","8/4/2009","LABORATORIOS SILESIA S.A.","DIENOGEST//ETINILESTRADIOL",""
"","F-1838/24","TINOX COMPRIMIDOS 2,5 mg (TIBOLONA)","7/28/1999","LABORATORIOS LAFI LTDA.","TIBOLONA",""
"","F-5304/25","TIOF PLUS SOLUCIÓN OFTÁLMICA","7/20/2000 2:10","LABORATORIOS SAVAL S.A.","DORZOLAMIDA//TIMOLOL",""
"","F-5546/25","TIOF SOLUCIÓN OFTÁLMICA AL 0,5%","3/4/1980","LABORATORIOS SAVAL S.A.","TIMOLOL",""
"","F-28599/24","TIOMIDE COMPRIMIDOS RECUBIERTOS 10 mg (VORTIOXETINA)","11/15/2024","SEVEN PHARMA CHILE S.p.A.","VORTIOXETINA",""
"","F-28598/24","TIOMIDE COMPRIMIDOS RECUBIERTOS 20 mg (VORTIOXETINA)","11/14/2024","SEVEN PHARMA CHILE S.p.A.","VORTIOXETINA",""
"","F-28600/24","TIOMIDE COMPRIMIDOS RECUBIERTOS 5 mg (VORTIOXETINA)","11/15/2024","SEVEN PHARMA CHILE S.p.A.","VORTIOXETINA",""
"","F-26192/21","TIOTROPIO BROMURO POLVO PARA INHALACIÓN 18 mcg, CÁPSULAS","6/1/2021","INFAR S.p.A.","BROMURO DE TIOTROPIO",""
"","F-28467/24","TIQUEPIN COMPRIMIDOS RECUBIERTOS 200 mg (QUETIAPINA)","9/3/2024","SEVEN PHARMA CHILE S.p.A.","QUETIAPINA",""
"","F-28462/24","TIQUEPIN COMPRIMIDOS RECUBIERTOS 300 mg (QUETIAPINA)","9/4/2024","SEVEN PHARMA CHILE S.p.A.","QUETIAPINA",""
"","F-24267/23","TIQUEPIN COMPRIMIDOS RECUBIERTOS 300 mg (QUETIAPINA)","11/5/2018","SEVEN PHARMA CHILE S.p.A.","QUETIAPINA",""
"","F-27000/22","TIRIZ COMPRIMIDOS RECUBIERTOS 5 mg (LEVOCETIRIZINA DICLORHIDRATO)","8/22/2022","EUROFARMA CHILE SpA","LEVOCETIRIZINA",""
"","F-29376/25","TIRKANIB CÁPSULAS 200 mg (NILOTINIB)","12/30/2025","ASKENY CHILE S.p.A.","NILOTINIB CLORHIDRATO DIHIDRATO",""
"","F-26813/22","TIROFIBAN CONCENTRADO PARA SOLUCIÓN PARA PERFUSIÓN 12,5 mg/50 mL","5/24/2022","NEOETHICALS CHILE S.p.A.","TIROFIBAN",""
"","F-25756/25","TIROFIBÁN SOLUCIÓN INYECTABLE 12,5 mg/50 mL","10/27/2020","BPH S.A.","TIROFIBAN",""
"","B-3076/25","Tisseel Lyo liofilizado para sellante de fibrina, con solvente","2/25/2025","INDUSTRIAL Y COMERCIAL BAXTER DE CHILE LTDA.","FIBRINÓGENO HUMANO;TROMBINA;ACETATO DE APROTININA;CLORURO DE CALCIO DIHIDRATO",""
"","F-26176/21","TIVICAY COMPRIMIDOS DISPERSABLES 5 mg (DOLUTEGRAVIR)","5/25/2021 2:10","GLAXOSMITHKLINE CHILE FARMACÉUTICA LTDA.","DOLUTEGRAVIR",""
"","F-25784/25","TIVICAY COMPRIMIDOS RECUBIERTOS 50 mg (DOLUTEGRAVIR SÓDICO)","11/11/2020","GLAXOSMITHKLINE CHILE FARMACÉUTICA LTDA.","DOLUTEGRAVIR",""
"","F-20463/23","TIVICAY COMPRIMIDOS RECUBIERTOS 50 mg (DOLUTEGRAVIR)","11/20/2013","GLAXOSMITHKLINE CHILE FARMACÉUTICA LTDA.","DOLUTEGRAVIR",""
"","F-19037/21","TKC SHAMPOO 2%","11/3/2011","MEGALABS CHILE S.A.","KETOCONAZOL",""
"","F-24995/24","TOBE COMPRIMIDOS RECUBIERTOS 2,5 mg (TIBOLONA)","8/8/2019","LABORATORIO CHILE S.A.","TIBOLONA",""
"","B-2369/23","TOBRAL SOLUCIÓN OFTÁLMICA 0,3%","8/24/2013","PHARMABRAND CHILE LTDA.","TOBRAMICINA",""
"","B-2368/24","TOBRAL UNGÜENTO OFTÁLMICO 0,3%","1/15/2014","PHARMABRAND CHILE LTDA.","TOBRAMICINA",""
"","B-3075/25","TOBRALER SOLUCIÓN OFTÁLMICA 0,3% (TOBRAMICINA)","4/8/2025","LABORATORIO D & M PHARMA LTDA.","TOBRAMICINA",""
"","B-2630/21","TOBRAMICINA SOLUCIÓN OFTÁLMICA 0,3%","6/22/2016","LABORATORIO HOSPIFARMA CHILE LTDA.","TOBRAMICINA",""
"","B-1261/21","TOBRAMICINA SOLUCIÓN OFTÁLMICA 0,3%","3/21/1991","INSTITUTO SANITAS S.A.","TOBRAMICINA",""
"","B-2810/21","TOBRAMICINA SOLUCIÓN PARA INHALAR POR NEBULIZADOR 300 mg/5 mL","12/18/2006","LABORATORIOS D & M PHARMA LTDA.","TOBRAMICINA",""
"","B-2808/25","TOBREX SOLUCIÓN OFTÁLMICA 0,3% (TOBRAMICINA)","7/5/1982","NOVARTIS CHILE S.A.","TOBRAMICINA",""
"","B-2807/25","TOBREX UNGÜENTO OFTÁLMICO 0,3% (TOBRAMICINA)","1/20/1984","NOVARTIS CHILE S.A.","TOBRAMICINA",""
"","F-24050/23","TOCEX JARABE 60 mg/10 mL (LEVODROPROPIZINA)","8/21/2018","LABORATORIO BAGÓ DE CHILE S.A.","LEVODROPROPIZINA",""
"","F-23132/21","TODINE COMPRIMIDOS RECUBIERTOS 2 mg (TOLTERODINA TARTRATO)","10/13/2016","SEVEN PHARMA CHILE S.p.A.","TOLTERODINA",""
"","F-28657/24","TOFACINITIB COMPRIMIDOS RECUBIERTOS 5mg","12/27/2024","SEVEN PHARMA CHILE S.p.A.","TOFACITINIB",""
"","F-28874/25","TOFACITINIB comprimidos recubiertos 5 mg","5/20/2025","MSN LABS CHILE S.p.A.","TOFACITINIB CITRATO",""
"","F-27073/22","TOFACITINIB COMPRIMIDOS RECUBIERTOS 5 mg","10/17/2022","VARIFARMA CHILE S.p.A.","TOFACITINIB",""
"","F-23349/22","TOL 12 FORTE 10.000 SOLUCIÓN INYECTABLE","2/16/2017","LABORATORIOS SAVAL S.A.","CIANOCOBALAMINA//PIRIDOXINA//TIAMINA",""
"","F-5547/25","TOL 12 FORTE CÁPSULAS","8/20/1975 1:10","LABORATORIOS SAVAL S.A.","HIDROXOCOBALAMINA//PIRIDOXINA//TIAMINA",""
"","F-1170/23","TOL 12 ORAL SOLUCIÓN ORAL","6/8/1954","LABORATORIOS SAVAL S.A.","CIANOCOBALAMINA//PIRIDOXINA//TIAMINA",""
"","F-5549/25","TOL TOTAL JARABE","11/10/1989","LABORATORIOS SAVAL S.A.","ACIDO ASCORBICO//BIOTINA//CIANOCOBALAMINA//COLECALCIFEROL//NICOTINAMIDA//PANTENOL//PIRIDOXINA//RETINOL//RIBOFLAVINA//TIAMINA//TOCOFEROL",""
"","F-15120/25","TOLEXINE GE 100 COMPRIMIDOS 100 mg","10/7/2005","LABORATORIOS D & M PHARMA LTDA.","DOXICICLINA",""
"","F-2281/24","TONARIL COMPRIMIDOS 2 mg","3/16/1979","LABORATORIO CHILE S.A.","TRIHEXIFENIDILO",""
"","F-60/22","TONAVITAL POLVO PARA SUSPENSIÓN ORAL","1/25/1966","LABORATORIOS RECALCINE S.A.","ACIDO ASCORBICO//ACIDO NICOTINICO//CALCIO HIPOFOSFITO//CALCIO PANTOTENATO//CIANOCOBALAMINA//ERGOCALCIFEROL//FITOMENADIONA//GLICINA//GLUTAMINA//MAGNESIO SULFATO//MANGANESO HIPOFOSFITO//PIRIDOXINA//POTASIO IODURO//RETINOL//RIBOFLAVINA//SODIO HIPOFOSFITO//TIAMINA//TOTAMINA//ZINC OXIDO",""
"","F-8762/21","TONOPRON GINSENG CÁPSULAS BLANDAS","4/21/1995","INSTITUTO SANITAS S.A.","ACIDO ASCORBICO//CALCIO CARBONATO//CALCIO PANTOTENATO//CIANOCOBALAMINA//COBALTO SULFATO//COBRE SULFATO//COLECALCIFEROL//DEANOL//EXTRACTO GINSENG//HIERRO FUMARATO//MAGNESIO SULFATO//MANGANESO SULFATO//NICOTINAMIDA//PIRIDOXINA//POTASIO SULFATO//RETINOL//RIBOFLAVINA//RUTINA//SODIO FLUORURO//TIAMINA//TOCOFEROL//ZINC SULFATO",""
"","F-27327/23","TOPAMAX COMPRIMIDOS RECUBIERTOS 100 mg","2/6/2023","JOHNSON & JOHNSON DE CHILE S.A.","TOPIRAMATO",""
"","F-27325/23","TOPAMAX COMPRIMIDOS RECUBIERTOS 25 mg","2/6/2023","JOHNSON & JOHNSON DE CHILE S.A.","TOPIRAMATO",""
"","F-27326/23","TOPAMAX COMPRIMIDOS RECUBIERTOS 50 mg","2/6/2023","JOHNSON & JOHNSON DE CHILE S.A.","TOPIRAMATO",""
"","F-13237/23","TOPICTAL COMPRIMIDOS RECUBIERTOS 100 mg","11/2/2003","TECNOFARMA S.A.","TOPIRAMATO",""
"","F-13235/23","TOPICTAL COMPRIMIDOS RECUBIERTOS 25 mg","11/3/2003","TECNOFARMA S.A.","TOPIRAMATO",""
"","F-13236/23","TOPICTAL COMPRIMIDOS RECUBIERTOS 50 mg","11/3/2003","TECNOFARMA S.A.","TOPIRAMATO",""
"","F-22379/26","TOPIVITAE COMPRIMIDOS RECUBIERTOS 100 mg (TOPIRAMATO)","1/6/2016 2:10","GALENICUM HEALTH CHILE S.p.A.","TOPIRAMATO",""
"","F-22381/26","TOPIVITAE COMPRIMIDOS RECUBIERTOS 25 mg (TOPIRAMATO)","1/6/2016 2:10","GALENICUM HEALTH CHILE S.p.A.","TOPIRAMATO",""
"","F-22380/26","TOPIVITAE COMPRIMIDOS RECUBIERTOS 50 mg","1/6/2016 2:10","GALENICUM HEALTH CHILE S.p.A.","TOPIRAMATO",""
"","F-25761/25","TOPOTECÁN LIOFILIZADO PARA SOLUCIÓN INYECTABLE 4 mg","10/30/2020","INVERSIONES PHARMAVISAN S.A.","TOPOTECAN",""
"","F-26455/21","TOPOTECÁN LIOFILIZADO PARA SOLUCIÓN PARA PERFUSIÓN 4 mg ","10/19/2021","LABORATORIO BIOSANO S.A.","TOPOTECAN",""
"","F-11996/22","TOPREL COMPRIMIDOS RECUBIERTOS 100 mg","6/28/2002","LABORATORIOS LAFI LTDA.","TOPIRAMATO",""
"","F-11994/22","TOPREL COMPRIMIDOS RECUBIERTOS 25 mg","6/28/2002","LABORATORIOS LAFI LTDA.","TOPIRAMATO",""
"","F-11995/22","TOPREL COMPRIMIDOS RECUBIERTOS 50 mg","6/28/2002","LABORATORIOS LAFI LTDA.","TOPIRAMATO",""
"","F-24010/23","TORESTA COMPRIMIDOS RECUBIERTOS 40 mg (ATORVASTATINA)","8/7/2018","ASCEND LABORATORIES S.p.A.","ATORVASTATINA",""
"","F-24269/23","TORESTA COMPRIMIDOS RECUBIERTOS 80 mg (ATORVASTATINA)","11/5/2018","ASCEND LABORATORIES S.p.A.","ATORVASTATINA",""
"","F-18491/21","TOSEDRIN JARABE 30 mg/5 mL","1/31/2011","CHEMOPHARMA S.A.","LEVODROPROPIZINA",""
"","B-2526/25","TOUJEO RECOMBINANTE SOLUCIÓN INYECTABLE 300 U/mL (INSULINA GLARGINA HUMANA RECOMBINANTE) ","7/28/2015","SANOFI-AVENTIS DE CHILE S.A.","INSULINA",""
"","F-24131/23","TOZAR CÁPSULAS 300 mg (ATAZANAVIR)","9/25/2018","LABORATORIO CHILE S.A.","ATAZANAVIR",""
"","F-6181/25","TRACELYTE SOLUCIÓN PARA INFUSIÓN ENDOVENOSA","12/28/1984 2:10","LABORATORIO SANDERSON SpA","COBRE CLORURO//CROMO CLORURO//MANGANESO CLORURO//ZINC CLORURO",""
"","F-26651/22","TRACRIUM SOLUCIÓN INYECTABLE 25 mg/2,5 mL","2/28/2022","ASPEN CHILE S.A.","ATRACURIO BESILATO",""
"","F-26657/22","TRACRIUM SOLUCIÓN INYECTABLE 50 mg/5 mL","2/28/2022","ASPEN CHILE S.A.","ATRACURIO BESILATO",""
"","F-19033/21","TRACRIUM SOLUCIÓN INYECTABLE 50 mg/5 mL","11/8/2011","ASPEN CHILE S.A.","ATRACURIO BESILATO",""
"","F-15429/21","TRACTOCILE SOLUCIÓN INYECTABLE 6,75 mg/0,9 mL (ATOSIBAN)","3/14/2006","FERRING PRODUCTOS FARMACÉUTICOS SpA","ATOSIBAN",""
"","F-15428/21","TRACTOCILE SOLUCIÓN PARA PERFUSIÓN 37,5 mg/5 mL (ATOSIBAN)","3/14/2006","FERRING PRODUCTOS FARMACÉUTICOS SpA","ATOSIBAN",""
"","F-28104/24","TRACUR SOLUCIÓN INYECTABLE 25 mg /2,5 mL (ATRACURIO BESILATO)","3/5/2024","CRISTALIA CHILE S.p.A.","ATRACURIO BESILATO",""
"","F-28105/24","TRACUR SOLUCIÓN INYECTABLE 50 mg /5 mL (ATRACURIO BESILATO)","3/5/2024","CRISTALIA CHILE S.p.A.","ATRACURIO BESILATO",""
"","F-9826/21","TRACUTIL SOLUCIÓN INYECTABLE","12/4/2001","B. BRAUN MEDICAL SpA","COBRE CLORURO//CROMO CLORURO//HIERRO CLORURO//MANGANESO CLORURO//POTASIO IODURO//SODIO FLUORURO//SODIO MOLIBDATO//SODIO SELENATO//ZINC CLORURO",""
"","F-18802/21","TRADIL COMPRIMIDOS RECUBIERTOS 400 mg","8/4/2011","KAMPAR S.A.","DEXIBUPROFENO",""
"","F-12191/22","TRADOX COMPRIMIDOS 100 mg","6/11/2002","LABORATORIOS ANDRÓMACO S.A.","LAMOTRIGINA",""
"","F-12189/22","TRADOX COMPRIMIDOS 25 mg","6/11/2002","LABORATORIOS ANDRÓMACO S.A.","LAMOTRIGINA",""
"","F-12190/22","TRADOX COMPRIMIDOS 50 mg (LAMOTRIGINA)","6/11/2002","LABORATORIOS ANDRÓMACO S.A.","LAMOTRIGINA",""
"","F-23215/21","TRAL COMPRIMIDOS RECUBIERTOS 50 mg (TRAMADOL CLORHIDRATO)","11/30/2016","LABORATORIO PASTEUR S.A.","TRAMADOL",""
"","F-4122/25","TRANDATE SOLUCIÓN INYECTABLE 5 mg/mL","12/11/1980 2:10","ASPEN CHILE S.A.","LABETALOL",""
"","F-19119/21","TRANEXTON COMPRIMIDOS 650 mg","11/29/2011","LABORATORIOS RECALCINE S.A.","ACIDO TRANEXAMICO",""
"","F-26959/22","TRANSCEPT 250 CAPSULAS 250 mg (MICOFENOLATO MOFETILO)","8/2/2022","EMCURE PHARMA CHILE S.p.A.","MICOFENOLATO",""
"","F-26386/21","TRANSCEPT COMPRIMIDOS RECUBIERTOS 500 mg","9/13/2021","EMCURE PHARMA CHILE S.p.A.","MICOFENOLATO",""
"","F-27616/23","TRANSLARNA GRANULADO PARA SUSPENSIÓN ORAL 1000 mg, EN SOBRES (ATALURENO)","6/28/2023","PTC THERAPEUTICS CHILE S.p.A.","ATALURENO",""
"","F-23876/23","TRANSLARNA GRANULADO PARA SUSPENSIÓN ORAL 1000 mg, EN SOBRES (ATALURENO)","6/20/2018","PTC THERAPEUTICS CHILE S.p.A.","ATALURENO",""
"","F-23874/23","TRANSLARNA GRANULADO PARA SUSPENSIÓN ORAL 125 mg, EN SOBRES (ATALURENO)","6/20/2018","PTC THERAPEUTICS CHILE S.p.A.","ATALURENO",""
"","F-27613/23","TRANSLARNA GRANULADO PARA SUSPENSIÓN ORAL 125 mg, EN SOBRES (ATALURENO)","6/28/2023","PTC THERAPEUTICS CHILE S.p.A.","ATALURENO",""
"","F-27614/23","TRANSLARNA GRANULADO PARA SUSPENSIÓN ORAL 250 mg, EN SOBRES (ATALURENO)","6/28/2023","PTC THERAPEUTICS CHILE S.p.A.","ATALURENO",""
"","F-23875/23","TRANSLARNA GRANULADO PARA SUSPENSIÓN ORAL 250 mg, EN SOBRES (ATALURENO)","6/20/2018","PTC THERAPEUTICS CHILE S.p.A.","ATALURENO",""
"","F-23675/22","TRATOBEN COMPRIMIDOS 2,5 mg (METOTREXATO)","12/27/2017","PISA FARMACÉUTICA DE CHILE S.p.A.","METOTREXATO",""
"","H-1101/25","TRAUMEEL S SOLUCIÓN INYECTABLE","1/27/2005","PRODUCTOS FARMACÉUTICOS HEEL CHILE LTDA.","",""
"","F-16922/23","TRAVASOL SOLUCIÓN INYECTABLE 10%","6/5/1998","INDUSTRIAL Y COMERCIAL BAXTER DE CHILE LTDA.","ALANINA//ARGININA//FENILALANINA//GLICINA//HISTIDINA//ISOLEUCINA//LEUCINA//LISINA//METIONINA//PROLINA//SERINA//TIROSINA//TREONINA//TRIPTOFANO//VALINA",""
"","F-9089/21","TRAVATAN SOLUCIÓN OFTÁLMICA 0,004%","8/31/2001","NOVARTIS CHILE S.A.","TRAVOPROST",""
"","F-9538/21","TRAVIATA COMPRIMIDOS RECUBIERTOS 20 mg (PAROXETINA)","11/14/2001 2:10","LABORATORIOS ANDRÓMACO S.A.","PAROXETINA",""
"","F-17796/24","TRAVOF SP SOLUCIÓN OFTALMICA 0,004%","11/6/2009","LABORATORIOS SAVAL S.A.","TRAVOPROST",""
"","F-17825/25","TRAVOF T SP SOLUCIÓN OFTÁLMICA","2/1/2010","LABORATORIOS SAVAL S.A.","TIMOLOL//TRAVOPROST",""
"","F-24800/24","TRAVOPROST SOLUCIÓN OFTÁLMICA 0,004 %","4/24/2019","ASCEND LABORATORIES S.p.A.","TRAVOPROST",""
"","F-23244/21","TRAXAMIL SOLUCION INYECTABLE 1000 mg/10mL","12/13/2016","PHARMATECH CHILE S.p.A.","ACIDO TRANEXAMICO",""
"","F-18886/21","TRAYENTA COMPRIMIDOS RECUBIERTOS 5 mg","9/21/2011","BOEHRINGER INGELHEIM LTDA.","LINAGLIPTINA",""
"","F-24004/23","TRAYENTA COMPRIMIDOS RECUBIERTOS 5 mg (LINAGLIPTINA)","8/6/2018","BOEHRINGER INGELHEIM LTDA.","LINAGLIPTINA",""
"","F-25185/24","TRAYENTA DUO 2,5/1000 COMPRIMIDOS RECUBIERTOS","12/17/2019","BOEHRINGER INGELHEIM LTDA.","LINAGLIPTINA//METFORMINA",""
"","F-25187/24","TRAYENTA DUO 2,5/500 COMPRIMIDOS RECUBIERTOS","12/17/2019","BOEHRINGER INGELHEIM LTDA.","LINAGLIPTINA//METFORMINA",""
"","F-25186/24","TRAYENTA DUO 2,5/850 COMPRIMIDOS RECUBIERTOS","12/17/2019","BOEHRINGER INGELHEIM LTDA.","LINAGLIPTINA//METFORMINA",""
"","B-2811/21","TRAZIDEX OFTENO SUSPENSIÓN OFTÁLMICA","11/30/2006","GLOBAL MERCURY CHILE S.A.","DEXAMETASONA//TOBRAMICINA",""
"","F-27065/22","TRAZODONA CLORHIDRATO CÁPSULAS 100 mg","10/3/2022","PINNACLE CHILE S.p.A.","TRAZODONA",""
"","F-27441/23","TRAZODONA CLORHIDRATO COMPRIMIDOS RECUBIERTOS 100 mg","4/10/2023","EUROFARMA CHILE SpA","TRAZODONA",""
"","F-6942/25","TRELIBEC FORTE COMPRIMIDOS","5/18/1987 2:10","MINTLAB Co. S.A.","SULFAMETOXAZOL//TRIMETOPRIMA",""
"","F-24843/24","TREMECORT CREMA TÓPICA 0,1% (MOMETASONA FUROATO)","5/17/2019","ASCEND LABORATORIES S.p.A.","MOMETASONA",""
"","B-2765/24","TREMFYA SOLUCIÓN INYECTABLE 100 mg/1 mL (GUSELKUMAB)","9/11/2019","JOHNSON & JOHNSON DE CHILE S.A.","GUSELKUMAB",""
"","B-2933/22","TRESIBA SOLUCIÓN INYECTABLE 100 U/mL (INSULINA DEGLUDEC)","4/18/2022","NOVO NORDISK FARMACÉUTICA LTDA.","INSULINA DEGLUDEC",""
"","F-9808/21","TREX COMPRIMIDOS RECUBIERTOS 500 mg","2/14/1996","EUROLAB LTDA.","AZITROMICINA",""
"","F-12844/23","TREX FORTE POLVO PARA SUSPENSIÓN ORAL 400 mg/5 mL, CON SOLVENTE","5/26/2003","EUROLAB LTDA.","AZITROMICINA",""
"","F-9809/21","TREX POLVO PARA SUSPENSIÓN ORAL 200 mg/5 mL CON SOLVENTE","2/26/1996","EUROLAB LTDA.","AZITROMICINA",""
"","F-19430/22","TREXANIC IV SOLUCIÓN INYECTABLE 1 g /10 mL","5/18/2012","ETHON PHARMACEUTICALS S.p.A.","ACIDO TRANEXAMICO",""
"","F-23070/21","TREXXIA COMPRIMIDOS RECUBIERTOS 120 mg (ETORICOXIB)","9/14/2016","SYNTHON CHILE LTDA.","ETORICOXIB",""
"","F-23127/21","TREXXIA COMPRIMIDOS RECUBIERTOS 30 mg (ETORICOXIB)","10/12/2016","SYNTHON CHILE LTDA.","ETORICOXIB",""
"","F-23126/21","TREXXIA COMPRIMIDOS RECUBIERTOS 60 mg (ETORICOXIB)","10/12/2016","SYNTHON CHILE LTDA.","ETORICOXIB",""
"","F-23346/22","TREXXIA COMPRIMIDOS RECUBIERTOS 90 mg (ETORICOXIB)","2/10/2017","SYNTHON CHILE LTDA.","ETORICOXIB",""
"","F-12862/23","TRI-LUMA CREMA TÓPICA","5/26/2003","GALDERMA CHILE LABORATORIOS LTDA.","FLUOCINOLONA ACETONIDO//HIDROQUINONA//TRETINOINA",""
"","F-28574/24","TRI-ZEVUVIR COMPRIMIDOS RECUBIERTOS","11/19/2024","LABORATORIOS RICHMOND CHILE LIMITADA","DOLUTEGRAVIR SODICO;EMTRICITABINA;TENOFOVIR ALAFENAMIDA FUMARATO",""
"","F-8194/21","TRIBESONA CREMA","5/4/1993","ITF - LABOMED FARMACÉUTICA LTDA.","CLOTRIMAZOL//DEXAMETASONA",""
"","F-26074/21","TRICOLON SIMPLE SOLUCIÓN PARA GOTAS ORALES 5 mg/mL (PARGEVERINA CLORHIDRATO)","4/6/2021","EUROFARMA CHILE SpA","PARGEVERINA",""
"","F-15268/25","TRICOXANE LOCIÓN CAPILAR 5% (MINOXIDIL)","12/12/2005","ITF - LABOMED FARMACÉUTICA LTDA.","MINOXIDIL",""
"","F-16783/23","TRICOXANE LOCIÓN TÓPICA 2%","4/15/2008","ITF - LABOMED FARMACÉUTICA LTDA.","MINOXIDIL",""
"","F-27239/22","TRIDETOC LAR POLVO PARA SUSPENSIÓN INYECTABLE 10 mg CON SOLVENTE (OCTREOTIDA)","1/3/2023","KAMPAR S.A.","OCTREOTIDA",""
"","F-27241/22","TRIDETOC LAR POLVO PARA SUSPENSIÓN INYECTABLE 30 mg CON SOLVENTE (OCTREOTIDA)","1/3/2023","KAMPAR S.A.","OCTREOTIDA",""
"","F-27240/22","TRIDETOC POLVO PARA SUSPENSIÓN INYECTABLE DE LIBERACIÓN PROLONGADA 20 mg, CON SOLVENTE","1/3/2023","KAMPAR S.A.","OCTREOTIDA",""
"","F-28172/24","TRIFLURIDINA/TIPIRACILO 20/8,19 COMPRIMIDOS RECUBIERTOS","3/25/2024","LABORATORIOS ELEA CHILE S.p.A.","TIPIRACILO//TRIFLURIDINA",""
"","F-18444/25","TRIGILAB 100 COMPRIMIDOS 100 mg (LAMOTRIGINA)","12/14/2010","INTERPHARMA S.A.","LAMOTRIGINA",""
"","F-18443/25","TRIGILAB 50 COMPRIMIDOS 50 mg","12/14/2010","INTERPHARMA S.A.","LAMOTRIGINA",""
"","F-23222/21","TRIGILAB COMPRIMIDOS 200 mg (LAMOTRIGINA)","12/1/2016","INTERPHARMA S.A.","LAMOTRIGINA",""
"","E-35/23","TRIKAFTA 100/50/75 mg + 150 mg COMPRIMIDOS RECUBIERTOS","11/9/2023","VERTEX PHARMACEUTICALS (CHILE) S.p.A.","ELEXACAFTOR//IVACAFTOR//TEZACAFTOR",""
"","E-34/23","TRIKAFTA 50/25/37,5 mg + 75 mg COMPRIMIDOS RECUBIERTOS","11/9/2023","VERTEX PHARMACEUTICALS (CHILE) S.p.A.","ELEXACAFTOR//IVACAFTOR//TEZACAFTOR",""
"","F-9634/21","TRILEPTAL COMPRIMIDOS RECUBIERTOS 300 mg","11/21/1996 2:10","NOVARTIS CHILE S.A.","OXCARBAZEPINA",""
"","F-9635/21","TRILEPTAL COMPRIMIDOS RECUBIERTOS 600 mg","11/21/1996 2:10","NOVARTIS CHILE S.A.","OXCARBAZEPINA",""
"","F-15097/25","TRILEPTAL SUSPENSIÓN ORAL 60 mg/mL","9/1/2005","NOVARTIS CHILE S.A.","Oxcarbazepina",""
"","F-625/23","TRIM COMPRIMIDOS RECUBIERTOS DE LIBERACIÓN PROLONGADA 300 mg","6/19/1998","LABORATORIOS SAVAL S.A.","TRIMEBUTINA",""
"","F-12361/22","TRIMEBUTINO MALEATO COMPRIMIDOS 100 mg","9/16/2002","MINTLAB Co. S.A.","TRIMEBUTINA",""
"","F-21862/25","TRINOMIA 100 / 20/ 2,5 CÁPSULAS CON COMPRIMIDOS RECUBIERTOS","5/18/2015 2:10","FERRER CHILE S.A.","ACIDO ACETILSALICILICO//ATORVASTATINA//RAMIPRIL",""
"","F-21864/25","TRINOMIA 100/20/10 CÁPSULAS CON COMPRIMIDOS RECUBIERTOS","5/18/2015 2:10","FERRER CHILE S.A.","ACIDO ACETILSALICILICO//ATORVASTATINA//RAMIPRIL",""
"","F-21863/25","TRINOMIA 100/20/5 CÁPSULAS CON COMPRIMIDOS RECUBIERTOS","5/18/2015 2:10","FERRER CHILE S.A.","ACIDO ACETILSALICILICO//ATORVASTATINA//RAMIPRIL",""
"","F-18901/21","TRIO VAL- F COMPRIMIDOS RECUBIERTOS","9/24/2011","LABORATORIOS SAVAL S.A.","CLORFENAMINA//FENILEFRINA//PARACETAMOL",""
"","F-18902/21","TRIO VAL- F DÍA Y NOCHE COMPRIMIDOS RECUBIERTOS","9/24/2011","LABORATORIOS SAVAL S.A.","CLORFENAMINA//FENILEFRINA//PARACETAMOL",""
"","F-14912/25","TRIOFENO COMPRIMIDOS RECUBIERTOS","7/18/2005","LABORATORIOS SAVAL S.A.","CLORFENAMINA//IBUPROFENO//PSEUDOEFEDRINA",""
"","F-5551/25","TRIOVAL COMPRIMIDOS RECUBIERTOS","8/14/1989 1:10","LABORATORIOS SAVAL S.A.","CLORFENAMINA//PARACETAMOL//PSEUDOEFEDRINA",""
"","F-16516/22","TRIOVAL DÍA POLVO PARA SOLUCIÓN ORAL EN SOBRES","11/30/2007","LABORATORIOS SAVAL S.A.","PARACETAMOL//PSEUDOEFEDRINA",""
"","F-68/22","TRIOVAL DÍA/NOCHE COMPRIMIDOS RECUBIERTOS","9/8/1997","LABORATORIOS SAVAL S.A.","CLORFENAMINA//PARACETAMOL//PSEUDOEFEDRINA",""
"","F-16662/23","TRIOVAL DÍA/NOCHE POLVO PARA SOLUCIÓN ORAL EN SOBRES","1/14/2008","LABORATORIOS SAVAL S.A.","CLORFENAMINA//PARACETAMOL//PSEUDOEFEDRINA",""
"","F-18903/21","TRIOVAL F SUSPENSIÓN ORAL","9/24/2011","LABORATORIOS SAVAL S.A.","CLORFENAMINA//FENILEFRINA//PARACETAMOL",""
"","F-18904/21","TRIOVAL F SUSPENSIÓN ORAL PARA GOTAS","10/1/2011","LABORATORIOS SAVAL S.A.","CLORFENAMINA//FENILEFRINA//PARACETAMOL",""
"","F-16648/22","TRIOVAL NOCHE POLVO PARA SOLUCIÓN ORAL EN SOBRES","12/28/2007","LABORATORIOS SAVAL S.A.","CLORFENAMINA//PARACETAMOL//PSEUDOEFEDRINA",""
"","F-5552/25","TRIOVAL SUSPENSIÓN ORAL","8/14/1989 1:10","LABORATORIOS SAVAL S.A.","CLORFENAMINA//PARACETAMOL//PSEUDOEFEDRINA",""
"","F-5550/25","TRIOVAL SUSPENSIÓN ORAL PARA GOTAS","9/6/1989","LABORATORIOS SAVAL S.A.","CLORFENAMINA//PARACETAMOL//PSEUDOEFEDRINA",""
"","F-10175/21","TRIOX N.F. FORTE COMPRIMIDOS RECUBIERTOS 550 mg","12/31/2001","LABORATORIOS ANDRÓMACO S.A.","NAPROXENO",""
"","F-23452/22","TRIÓXIDO DE ARSÉNICO SOLUCIÓN INYECTABLE 10 mg/ 10 mL","5/15/2017","SEVEN PHARMA CHILE S.p.A.","ARSENICO OXIDO",""
"","F-27429/23","TRIÓXIDO DE ARSÉNICO SOLUCIÓN INYECTABLE 10 mg/10 mL","4/25/2023","FARMEDICAL S.p.A.","ARSENICO OXIDO",""
"","F-23487/22","TRIPLENEX SOLUCIÓN OFTÁLMICA","7/3/2017","ABBVIE PRODUCTOS FARMACÉUTICOS LTDA.","BIMATOPROST//BRIMONIDINA//TIMOLOL",""
"","F-27715/23","TRIPLIXAM 10/2,5/10 COMPRIMIDOS RECUBIERTOS","8/8/2023","LABORATORIO SERVIER CHILE LTDA.","AMLODIPINO//INDAPAMIDA//PERINDOPRIL",""
"","F-27714/23","TRIPLIXAM 10/2,5/5 COMPRIMIDOS RECUBIERTOS","8/8/2023","LABORATORIO SERVIER CHILE LTDA.","AMLODIPINO//INDAPAMIDA//PERINDOPRIL",""
"","F-27704/23","TRIPLIXAM 5/1,25/5 COMPRIMIDOS RECUBIERTOS","8/8/2023","LABORATORIO SERVIER CHILE LTDA.","AMLODIPINO//INDAPAMIDA//PERINDOPRIL",""
"","F-25576/25","TRISK LIOFILIZADO PARA SOLUCIÓN INYECTABLE 500 mg (DAPTOMICINA)","7/21/2020","EUROFARMA CHILE SpA","DAPTOMICINA",""
"","F-7860/21","TRITTICO A.C. COMPRIMIDOS DE LIBERACIÓN PROLONGADA 150 mg (TRAZODONA)","6/20/2001","LABORATORIO CHILE S.A.","TRAZODONA",""
"","F-2282/24","TRITTICO CÁPSULAS 25 mg","3/14/1977","LABORATORIO CHILE S.A.","TRAZODONA",""
"","F-4034/25","TRITTICO COMPRIMIDOS RECUBIERTOS 100 mg","7/19/1982 2:10","LABORATORIO CHILE S.A.","TRAZODONA",""
"","F-26708/22","TRIUMEQ COMPRIMIDOS RECUBIERTOS (ABACAVIR / DOLUTEGRAVIR / LAMIVUDINA)","3/29/2022","GLAXOSMITHKLINE CHILE FARMACÉUTICA LTDA.","ABACAVIR//DOLUTEGRAVIR//LAMIVUDINA",""
"","F-21479/24","TRIUMEQ COMPRIMIDOS RECUBIERTOS (ABACAVIR/DOLUTEGRAVIR/LAMIVUDINA)","10/23/2014 2:10","GLAXOSMITHKLINE CHILE FARMACÉUTICA LTDA.","ABACAVIR//DOLUTEGRAVIR//LAMIVUDINA",""
"","F-23966/23","TRIVENZ COMPRIMIDOS RECUBIERTOS (EFAVIRENZ, TENOFOVIR DISOPROXIL FUMARATO/EMTRICITABINA)","7/24/2018","LABORATORIOS RICHMOND CHILE LIMITADA","EFAVIRENZ//EMTRICITABINA//TENOFOVIR",""
"","F-25254/25","TRIZOL 100 COMPRIMIDOS 100 mg (LAMOTRIGINA)","1/28/2020","MEGALABS CHILE S.A.","LAMOTRIGINA",""
"","B-3070/25","TRODELVY LIOFILIZADO PARA SOLUCIÓN PARA PERFUSIÓN 200 mg (SACITUZUMAB GOVITECAN)","2/5/2025","GADOR LTDA.","SACITUZUMAB GOVITECAN",""
"","F-26081/21","TROMBEX COMPRIMIDOS RECUBIERTOS 10 mg (RIVAROXABÁN)","4/12/2021","ITF - LABOMED FARMACÉUTICA LTDA.","RIVAROXABAN",""
"","F-26096/21","TROMBEX COMPRIMIDOS RECUBIERTOS 15 mg (RIVAROXABÁN)","4/19/2021","ITF - LABOMED FARMACÉUTICA LTDA.","RIVAROXABAN",""
"","F-26082/21","TROMBEX COMPRIMIDOS RECUBIERTOS 20 mg (RIVAROXABÁN)","4/15/2021","ITF - LABOMED FARMACÉUTICA LTDA.","RIVAROXABAN",""
"","F-26979/22","TROMBOLADE COMPRIMIDOS RECUBIERTOS 25 mg (ELTROMBOPAG)","8/10/2022","SYNTHON CHILE LTDA.","ELTROMBOPAG",""
"","F-27044/22","TROMBOLADE COMPRIMIDOS RECUBIERTOS 50 mg (ELTROMBOPAG)","9/13/2022","SYNTHON CHILE LTDA.","ELTROMBOPAG",""
"","F-27288/23","TRONSALAN COMPRIMIDOS RECUBIERTOS 100 mg (TRAZODONA CLORHIDRATO)","1/17/2023","EUROFARMA CHILE SpA","TRAZODONA",""
"","F-22314/25","TROPICAMIDA SOLUCIÓN OFTÁLMICA 1%","11/25/2015 2:10","LABORATORIO HOSPIFARMA CHILE LTDA.","TROPICAMIDA",""
"","F-11656/21","TRU SOLUCIÓN PARA GOTAS ÓTICAS","3/6/1995","LABORATORIO PASTEUR S.A.","LIDOCAINA//SULFATIAZOL",""
"","B-2605/21","TRULICITY RECOMBINANTE SOLUCIÓN INYECTABLE 0,75 mg/ 0,5 mL (DULAGLUTIDA) DNA RECOMBINANTE)","4/1/2016","TECNOFARMA S.A.","DULAGLUTIDA",""
"","B-2604/21","TRULICITY RECOMBINANTE SOLUCIÓN INYECTABLE 1,5 mg/0,5 mL (DULAGLUTIDA)","4/1/2016","TECNOFARMA S.A.","DULAGLUTIDA",""
"","B-2685/23","TRUMENBA SUSPENSIÓN INYECTABLE (VACUNA MENINGOCOCICA RECOMBINANT£, ADSORBIDA (GRUPO B))","1/19/2018","PFIZER CHILE S.A.","",""
"","F-28328/24","TRUQAP COMPRIMIDOS RECUBIERTOS 160 mg (CAPIVASERTIB)","7/1/2024 0:00","ASTRAZENECA S.A.","CAPIVASERTIB",""
"","F-28329/24","TRUQAP COMPRIMIDOS RECUBIERTOS 200 mg (CAPIVASERTIB)","7/1/2024","ASTRAZENECA S.A.","CAPIVASERTIB",""
"","F-16396/22","TRUVADA COMPRIMIDOS RECUBIERTOS","10/23/2007","GADOR LTDA.","EMTRICITABINA//TENOFOVIR",""
"","B-2748/24","TRUXIMA CONCENTRADO PARA SOLUCIÓN PARA PERFUSIÓN 100 mg/10 mL (Rituximab)","2/21/2019","CELLTRION HEALTHCARE CHILE S.p.A.","RITUXIMAB",""
"","B-2749/24","TRUXIMA CONCENTRADO PARA SOLUCIÓN PARA PERFUSIÓN 500 mg/50mL (Rituximab)","2/21/2019","CELLTRION HEALTHCARE CHILE S.p.A.","RITUXIMAB",""
"","B-2814/25","TUBERBUT SOLUCIÓN PARA NEBULIZACION 300 mg/5 mL (TOBRAMICINA)","5/26/2015","LABORATORIO LKM CHILE S.p.A.","TOBRAMICINA",""
"","F-9930/26","TULOX JARABE 28 mg/5 mL","1/21/1997 2:10","MINTLAB Co. S.A.","OXOLAMINA",""
"","F-9931/26","TULOX JARABE 50 mg/5 mL","1/21/1997 2:10","MINTLAB Co. S.A.","OXOLAMINA",""
"","F-27259/23","TUPROCYDE CÁPSULAS BLANDAS 40 mg (ENZALUTAMIDA)","1/4/2023","DR. REDDY'S LABORATORIES CHILE S.p.A.","ENZALUTAMIDA",""
"","F-7016/25","TUSIGEN JARABE ANTITUSIVO","12/13/1988 2:10","LABORATORIO BAGÓ DE CHILE S.A.","CLORFENAMINA//CODEINA//PSEUDOEFEDRINA","Estupefaciente"
"","B-2635/21","TWINRIX VACUNA RECOMBINANTE, COMBINADA ANTIHEPATITIS A y B SUSPENSIÓN INYECTABLE","7/13/2016","GLAXOSMITHKLINE CHILE FARMACÉUTICA LTDA.","",""
"","F-21176/24","TYGACIL LIOFILIZADO PARA SOLUCIÓN INYECTABLE 50 mg","6/17/2014 2:10","LABORATORIOS WYETH LLC.","TIGECICLINA",""
"","B-2258/22","TYPBAR VACUNA ANTITIFOIDEA SOLUCIÓN INYECTABLE 25 mcg (POLISACARIDO CAPSULAR VI PURIFICADO DE SALMONELLA TYPHI TY2)","6/28/2012","LABORATORIO BIOSANO S.A.","POLISACARIDO CAPSULAR VI PURIFICADO DE SALMONELLA TYPHI TY2",""
"","B-2889/21","TYPHIM VI VACUNA ANTI-TIFOIDEA SOLUCIÓN INYECTABLE 0,025 mg","7/1/2021","SANOFI VACCINES CHILE S.A","",""
"","B-2178/21","TYSABRI SOLUCIÓN INYECTABLE PARA PERFUSIÓN 300 mg/15 mL (NATALIZUMAB)","5/4/2011","BIOGEN CHILE S.p.A.","NATALIZUMAB",""
"","B-3021/24","Tysabri solución inyectable 150 mg/1 mL (natalizumab)","3/7/2024","BIOGEN CHILE S.p.A.","NATALIZUMAB",""
"","F-28169/24","TYVASO SOLUCIÓN PARA INHALACIÓN 1,74 mg/2,9 mL (TREPROSTINILO)","3/24/2024","FERRER CHILE S.A.","TREPROSTINILO",""
"","H-1148/24","UBICHINON COMPOSITUM SOLUCIÓN INYECTABLE","7/17/2009","PRODUCTOS FARMACÉUTICOS HEEL CHILE LTDA.","",""
"","F-25355/25","ULTIBRO BREEZHALER 110/50 POLVO PARA INHALACIÓN EN CÁPSULAS","3/31/2020","NOVARTIS CHILE S.A.","GLICOPIRRONIO BROMURO//INDACATEROL",""
"","B-2982/23","ULTOMIRIS SOLUCIÓN CONCENTRADA PARA SOLUCIÓN PARA PERFUSION 1100 mg/11 mL","7/5/2023","ASTRAZENECA S.A.","Ravulizumab",""
"","B-2966/23","ULTOMIRIS SOLUCIÓN CONCENTRADA PARA SOLUCIÓN PARA PERFUSION 300 mg / 3mL (RAVULIZUMAB)","6/29/2023","ASTRAZENECA S.A.","RAVULIZUMAB",""
"","F-20449/23","ULTRAVIST 300 SOLUCIÓN INYECTABLE 300 mg de I/mL","10/16/2013","BAYER S.A.","IOPROMIDA",""
"","F-20450/23","ULTRAVIST 370 SOLUCIÓN INYECTABLE 370 mg de I/mL","10/16/2013","BAYER S.A.","IOPROMIDA",""
"","F-9932/26","ULTRIMIN COMPRIMIDOS RECUBIERTOS","1/8/1997 2:10","MINTLAB Co. S.A.","CAFEINA//CLORFENAMINA//ERGOTAMINA//METAMIZOL SODICO",""
"","F-27477/23","ULTRIPTÁN COMPRIMIDOS RECUBIERTOS 2,5 mg (NARATRIPTÁN)","6/6/2023","MINTLAB Co. S.A.","NARATRIPTAN",""
"","F-4436/25","UNASYN POLVO PARA SOLUCIÓN INYECTABLE 500 mg/1000 mg","3/31/1988","PFIZER CHILE S.A.","AMPICILINA//SULBACTAM",""
"","F-12816/23","UNDERAN UNGÜENTO DÉRMICO 2%","1/29/1998","EUROLAB LTDA.","MUPIROCINA",""
"","F-13363/23","UNDERAN UNGÜENTO NASAL 2%","12/16/2003","EUROLAB LTDA.","MUPIROCINA",""
"","B-2512/25","UPLYSO DNA-RECOMBINANTE LIOFILIZADO PARA PERFUSIÓN 200 UI (TALIGLUCERASA ALFA)","6/3/2015","PFIZER CHILE S.A.","TALIGLUCERASA ALFA",""
"","F-24814/24","UPTRAVI COMPRIMIDOS RECUBIERTOS 200 mcg","6/19/2019","JOHNSON & JOHNSON DE CHILE S.A.","SELEXIPAG",""
"","F-24816/24","UPTRAVI COMPRIMIDOS RECUBIERTOS 600 mcg","6/19/2019","JOHNSON & JOHNSON DE CHILE S.A.","SELEXIPAG",""
"","F-24817/24","UPTRAVI COMPRIMIDOS RECUBIERTOS 800 mcg","6/19/2019","JOHNSON & JOHNSON DE CHILE S.A.","SELEXIPAG",""
"","F-10373/21","URAZOL COMPRIMIDOS 5 mg","5/20/1991","TECNOFARMA S.A.","OXIBUTININA",""
"","F-12679/22","URAZOL CR COMPRIMIDOS RECUBIERTOS DE LIBERACIÓN PROLONGADA 10 mg","12/30/2002","TECNOFARMA S.A.","OXIBUTININA",""
"","F-8681/21","URICONT COMPRIMIDOS 5 mg (OXIBUTININA)","9/27/1993","SYNTHON CHILE LTDA.","OXIBUTININA",""
"","F-12445/22","URICONT JARABE 5 mg/5 mL (OXIBUTININA)","10/17/2002","SYNTHON CHILE LTDA.","OXIBUTININA",""
"","F-20194/23","URICONT T.U. COMPRIMIDOS DE LIBERACIÓN PROLONGADA 10 mg (OXIBUTININA)","8/6/2013","SYNTHON CHILE LTDA.","OXIBUTININA",""
"","F-26649/22","URINORM COMPRIMIDOS RECUBIERTOS 120 mg (FEBUXOSTAT)","3/1/2022","EMCURE PHARMA CHILE S.p.A.","FEBUXOSTAT",""
"","F-26648/22","URINORM COMPRIMIDOS RECUBIERTOS 80 mg (FEBUXOSTAT)","3/1/2022","EMCURE PHARMA CHILE S.p.A.","FEBUXOSTAT",""
"","F-27337/23","URITOS COMPRIMIDOS RECUBIERTOS 0,1 mg (IMIDAFENACINA)","2/14/2023 0:00","FAES FARMA CHILE, SALUD Y NUTRICIÓN SpA","IMIDAFENACINA",""
"","F-17175/23","URODIAL COMPRIMIDOS 200 mg","10/30/2008","LABORATORIO BAGÓ DE CHILE S.A.","FLAVOXATO",""
"","F-3060/25","UROMITEXAN COMPRIMIDOS RECUBIERTOS 400 mg (MESNA)","3/20/2000 1:10","INDUSTRIAL Y COMERCIAL BAXTER DE CHILE LTDA.","MESNA",""
"","F-25284/25","UROPLUS GRÁNULOS PARA SOLUCIÓN ORAL 3 g (FOSFOMICINA)","2/5/2020","EXELTIS CHILE S.p.A.","FOSFOMICINA",""
"","F-20129/23","UROSTOP COMPRIMIDOS RECUBIERTOS 2 mg","7/16/2013","SYNTHON CHILE LTDA.","TOLTERODINA",""
"","F-28823/25","URSODIOL SUSPENSIÓN ORAL 250 mg/5 mL (ÁCIDO URSODEOXICÓLICO)","4/22/2025","PHARMATECH CHILE S.p.A.","ÁCIDO URSODEOXICÓLICO",""
"","F-9445/21","URSOFALK CÁPSULAS 250 mg (ÁCIDO URSODEOXICÓLICO)","7/8/1993","LABORATORIO BIOTOSCANA FARMA S.p.A.","ACIDO URSODEOXICOLICO",""
"","F-26921/22","URSOFALK CÁPSULAS 250 mg (ÁCIDO URSODEOXICÓLICO)","7/22/2022","LABORATORIO BIOTOSCANA FARMA S.p.A.","ACIDO URSODEOXICOLICO",""
"","F-26414/21","URSOFALK COMPRIMIDOS RECUBIERTOS 500 mg","9/27/2021","LABORATORIO BIOTOSCANA FARMA S.p.A.","ACIDO URSODEOXICOLICO",""
"","F-20106/23","URSOFALK COMPRIMIDOS RECUBIERTOS 500 mg","7/9/2013","LABORATORIO BIOTOSCANA FARMA S.p.A.","ACIDO URSODEOXICOLICO",""
"","F-15413/21","URSOFALK SUSPENSIÓN ORAL 250 mg/5 mL","2/10/2006","LABORATORIO BIOTOSCANA FARMA S.p.A.","ACIDO URSODEOXICOLICO",""
"","B-2970/23","VABYSMO SOLUCIÓN INYECTABLE 6 mg/ 0,05 mL (FARICIMAB)","5/2/2023","ROCHE CHILE LTDA.","FARICIMAB",""
"","F-16128/22","VACIDOX CREMA VAGINAL 0,1%.","6/15/2007","LABORATORIOS RECALCINE S.A.","ESTRIOL",""
"","F-22775/21","VACIDOX ÓVULOS 0,5 mg (ESTRIOL)","6/10/2016","LABORATORIOS RECALCINE S.A.","ESTRIOL",""
"","B-1920/25","VACUNA ANTI HEPATITIS B RECOMBINANTE ADSORBIDA PEDIÁTRICA SUSPENSIÓN INYECTABLE 10 mcg/0,5 mL","12/12/2005","DIFEM LABORATORIOS S.A.","",""
"","B-1891/25","VACUNA ANTI HEPATITIS B RECOMBINANTE ADSORBIDA SUSPENSIÓN INYECTABLE 20 mcg/mL","8/8/2005","DIFEM LABORATORIOS S.A.","",""
"","B-1878/25","VACUNA ANTI SARAMPION Y RUBEOLA POLVO LIOFILIZADO PARA SOLUCIÓN INYECTABLE, CON SOLVENTE","6/20/2005","DIFEM LABORATORIOS S.A.","",""
"","B-2513/25","VACUNA ANTIPOLIOMIELÍTICA INACTIVADA TRIVALENTE SUSPENSIÓN INYECTABLE","6/3/2015","DIFEM LABORATORIOS S.A.","",""
"","B-2753/24","VACUNA ANTIRRÁBICA INACTIVADA LIOFILIZADO PARA SOLUCIÓN INYECTABLE","4/9/2019","DIFEM LABORATORIOS S.A.","",""
"","B-2750/24","VACUNA ANTIRRÁBICA INACTIVADA LIOFILIZADO PARA SOLUCIÓN INYECTABLE CON SOLVENTE","2/25/2019","DIFEM LABORATORIOS S.A.","",""
"","B-2359/23","VACUNA ANTITUBERCULOSIS BCG, VIVA ATENUADA, LIOFILIZADO PARA SUSPENSIÓN INYECTABLE, CON SOLVENTE","12/12/2013","DIFEM LABORATORIOS S.A.","",""
"","B-3048/24","VACUNA ANTITUBERCULOSIS BCG, VIVA ATENUADA, LIOFILIZADO PARA SUSPENSIÓN INYECTABLE, CON SOLVENTE","7/25/2024","DIFEM LABORATORIOS S.A.","",""
"","B-1857/25","VACUNA DTP ADSORBIDA ANTI DIFTERIA TETANO Y TOS FERINA SUSPENSIÓN INYECTABLE","3/4/2005","DIFEM LABORATORIOS S.A.","",""
"","B-2370/24","VACUNA PENTAVALENTE ADSORBIDA ANTIDIFTÉRICA - ANTITETÁNICA - ANTIPERTUSSIS – ANTIHEPATITIS B Y HAEMOPHILUS INFLUENZAE TIPO B CONJUGADO, SUSPENSIÓN INYECTABLE","1/21/2014","DIFEM LABORATORIOS S.A.","",""
"","B-2689/23","VACUNA SARAMPIÓN, PAROTIDITIS Y RUBÉOLA VIVA ATENUADA LIOFILIZADO PARA SOLUCIÓN INYECTABLE CON SOLVENTE","1/25/2018","DIFEM LABORATORIOS S.A.","",""
"","B-2452/25","VACUNA STAMARIL (VIRUS DE FIEBRE AMARILLA ATENUADO CEPA 17 D PASTEUR) MONODOSIS LIOFILIZADO PARA SUSPENSIÓN INYECTABLE CON SOLVENTE","2/17/2015","SANOFI VACCINES CHILE S.A","Virus De Fiebre Amarilla Atenuado Cepa 17 D Pasteur (Exenta Leucosis Aviar)",""
"","B-1922/25","VACUNA TD ADSORBIDA ANTIDIFTÉRICA Y ANTITETÁNICA ADULTOS Y ADOLESCENTES SUSPENSIÓN INYECTABLE","12/26/2005","DIFEM LABORATORIOS S.A.","",""
"","F-16908/23","VADIRAL COMPRIMIDOS RECUBIERTOS 1000 mg (VALACICLOVIR)","7/1/2008","LABORATORIOS RECALCINE S.A.","VALACICLOVIR",""
"","F-14804/25","VALAPLEX COMPRIMIDOS RECUBIERTOS 160 mg (VALSARTÁN)","5/31/2005","LABORATORIO CHILE S.A.","VALSARTAN",""
"","F-16543/22","VALAPLEX COMPRIMIDOS RECUBIERTOS 320 mg","11/30/2007","LABORATORIO CHILE S.A.","VALSARTAN",""
"","F-14803/25","VALAPLEX COMPRIMIDOS RECUBIERTOS 80 mg","5/31/2005","LABORATORIO CHILE S.A.","VALSARTAN",""
"","F-12865/23","VALAPLEX D 80/12,5 COMPRIMIDOS RECUBIERTOS","5/14/2003","LABORATORIO CHILE S.A.","HIDROCLOROTIAZIDA//VALSARTAN",""
"","F-15561/21","VALAPLEX D FORTE 160/25 COMPRIMIDOS RECUBIERTOS","6/2/2006","LABORATORIO CHILE S.A.","HIDROCLOROTIAZIDA//VALSARTAN",""
"","F-14750/25","VALAPLEX-D COMPRIMIDOS RECUBIERTOS 160/12,5 mg","4/21/2005","LABORATORIO CHILE S.A.","HIDROCLOROTIAZIDA//VALSARTAN",""
"","F-16868/23","VALAX COMPRIMIDOS RECUBIERTOS 160 mg (VALSARTÁN)","6/17/2008","LABORATORIOS SAVAL S.A.","VALSARTAN",""
"","F-16869/23","VALAX COMPRIMIDOS RECUBIERTOS 320 mg","6/17/2008","LABORATORIOS SAVAL S.A.","VALSARTAN",""
"","F-16781/23","VALAX COMPRIMIDOS RECUBIERTOS 80 mg","4/16/2008","LABORATORIOS SAVAL S.A.","VALSARTAN",""
"","F-17383/24","VALAX D 160/12,5 COMPRIMIDOS RECUBIERTOS","2/26/2009","LABORATORIOS SAVAL S.A.","VALSARTAN//HIDROCLOROTIAZIDA",""
"","F-17384/24","VALAX D 160/25 COMPRIMIDOS RECUBIERTOS","2/26/2009","LABORATORIOS SAVAL S.A.","HIDROCLOROTIAZIDA//VALSARTAN",""
"","F-17382/24","VALAX D 80/12,5 COMPRIMIDOS RECUBIERTOS","2/26/2009","LABORATORIOS SAVAL S.A.","HIDROCLOROTIAZIDA//VALSARTAN",""
"","F-23703/23","VALAX-D 320/25 COMPRIMIDOS RECUBIERTOS","2/1/2018","LABORATORIOS SAVAL S.A.","HIDROCLOROTIAZIDA//VALSARTAN",""
"","F-16853/23","VALAXAM 160/10 COMPRIMIDOS RECUBIERTOS","5/29/2008","LABORATORIOS SAVAL S.A.","AMLODIPINO//VALSARTAN",""
"","F-16854/23","VALAXAM 160/5 COMPRIMIDOS RECUBIERTOS","6/17/2008","LABORATORIOS SAVAL S.A.","AMLODIPINO//VALSARTAN",""
"","F-20230/23","VALAXAM 320/10 COMPRIMIDOS RECUBIERTOS","8/26/2013","LABORATORIOS SAVAL S.A.","AMLODIPINO//VALSARTAN",""
"","F-20231/23","VALAXAM 320/5 COMPRIMIDOS RECUBIERTOS","8/26/2013","LABORATORIOS SAVAL S.A.","AMLODIPINO//VALSARTAN",""
"","F-16855/23","VALAXAM 80/5 COMPRIMIDOS RECUBIERTOS ","6/17/2008","LABORATORIOS SAVAL S.A.","AMLODIPINO//VALSARTAN",""
"","F-19409/22","VALAXAM D 160/10/12,5 COMPRIMIDOS RECUBIERTOS ","5/8/2012","LABORATORIOS SAVAL S.A.","AMLODIPINO//HIDROCLOROTIAZIDA//VALSARTAN",""
"","F-19408/22","VALAXAM D 160/5/12,5 COMPRIMIDOS RECUBIERTOS","5/8/2012","LABORATORIOS SAVAL S.A.","AMLODIPINO//HIDROCLOROTIAZIDA//VALSARTAN",""
"","F-20223/23","VALAXAM D 320/10/25 COMPRIMIDOS RECUBIERTOS ","8/13/2013","LABORATORIOS SAVAL S.A.","AMLODIPINO//HIDROCLOROTIAZIDA//VALSARTAN",""
"","F-23099/21","VALCOTE ER COMPRIMIDOS RECUBIERTOS DE LIBERACION PROLONGADA 250 mg (ÁCIDO VALPROICO)","9/30/2016","ABBOTT LABORATORIES DE CHILE LTDA.","ACIDO VALPROICO",""
"","F-5276/25","VALCOTE COMPRIMIDOS CON RECUBRIMIENTO ENTÉRICO 125 mg (ÁCIDO VALPROICO)","9/7/1984","ABBOTT LABORATORIES DE CHILE LTDA.","ACIDO VALPROICO",""
"","F-5277/25","VALCOTE COMPRIMIDOS CON RECUBRIMIENTO ENTÉRICO 250 mg (ÁCIDO VALPROICO)","9/7/1984","ABBOTT LABORATORIES DE CHILE LTDA.","ACIDO VALPROICO",""
"","F-5278/25","VALCOTE COMPRIMIDOS CON RECUBRIMIENTO ENTÉRICO 500 mg (ÁCIDO VALPROICO)","9/7/1984","ABBOTT LABORATORIES DE CHILE LTDA.","ACIDO VALPROICO",""
"","F-23100/21","VALCOTE ER COMPRIMIDOS RECUBIERTOS DE LIBERACIÓN PROLONGADA 500 mg (Ácido valproico)","9/30/2016","ABBOTT LABORATORIES DE CHILE LTDA.","ACIDO VALPROICO",""
"","F-9216/21","VALCOTE SPRINKLE CÁPSULAS 125 mg","7/18/1991 2:10","ABBOTT LABORATORIES DE CHILE LTDA.","ACIDO VALPROICO",""
"","F-23509/22","VALCOX CÁPSULAS 200 mg","6/14/2017","SYNTHON CHILE LTDA.","CELECOXIB",""
"","F-18785/21","VALDOXAN COMPRIMIDOS RECUBIERTOS 25 mg","8/1/2011","LABORATORIO SERVIER CHILE LTDA.","AGOMELATINA",""
"","F-16541/22","VALERIX COMPRIMIDOS RECUBIERTOS","11/30/2007","LABORATORIOS SILESIA S.A.","DIENOGEST//ESTRADIOL",""
"","F-24911/24","VALGANCICLOVIR COMPRIMIDOS RECUBIERTOS 450 mg ","6/28/2019","SEVEN PHARMA CHILE S.p.A.","VALGANCICLOVIR",""
"","F-26836/22","VALGANCICLOVIR COMPRIMIDOS RECUBIERTOS 450 mg","6/3/2022","VESALIUS PHARMA S.A.","VALGANCICLOVIR",""
"","F-27790/23","VALGANCICLOVIR COMPRIMIDOS RECUBIERTOS 450 mg","8/31/2023","SIAA VIDA FARMA SPA","VALGANCICLOVIR",""
"","F-23181/21","VALGOVIR COMPRIMIDOS RECUBIERTOS 450 mg","11/16/2016","SEVEN PHARMA CHILE S.p.A.","VALGANCICLOVIR",""
"","F-13176/23","VALIXA COMPRIMIDOS RECUBIERTOS 450 mg","10/2/2003","LABORATORIOS BIOPAS S.A.","VALGANCICLOVIR",""
"","F-26631/22","VALKEM – S COMPRIMIDOS RECUBIERTOS 200 mg (VALSARTÁN; SACUBITRILO)","2/11/2022","ASCEND LABORATORIES S.p.A.","VALSARTAN SACUBITRILO",""
"","F-27080/22","VALKEM COMPRIMIDOS RECUBIERTOS 160 mg (VALSARTÁN)","10/11/2022","ASCEND LABORATORIES S.p.A.","VALSARTAN",""
"","F-25162/24","VALKEM COMPRIMIDOS RECUBIERTOS 160 mg (VALSARTÁN)","12/6/2019","ASCEND LABORATORIES S.p.A.","VALSARTAN",""
"","F-25161/24","VALKEM COMPRIMIDOS RECUBIERTOS 80 mg (VALSARTÁN)","12/6/2019","ASCEND LABORATORIES S.p.A.","VALSARTAN",""
"","F-27082/22","VALKEM COMPRIMIDOS RECUBIERTOS 80 mg (VALSARTÁN)","10/11/2022","ASCEND LABORATORIES S.p.A.","VALSARTAN",""
"","F-25157/24","VALKEM D 160/12,5 COMPRIMIDOS RECUBIERTOS","12/4/2019","ASCEND LABORATORIES S.p.A.","HIDROCLOROTIAZIDA//VALSARTAN",""
"","F-25159/24","VALKEM D 160/25 COMPRIMIDOS RECUBIERTOS","12/5/2019","ASCEND LABORATORIES S.p.A.","HIDROCLOROTIAZIDA//VALSARTAN",""
"","F-25160/24","VALKEM D 80/12,5 COMPRIMIDOS RECUBIERTOS","12/5/2019","ASCEND LABORATORIES S.p.A.","HIDROCLOROTIAZIDA//VALSARTAN",""
"","F-25707/25","VALMIRA 10/160 COMPRIMIDOS RECUBIERTOS","9/28/2020","ASCEND LABORATORIES S.p.A.","AMLODIPINO//VALSARTAN",""
"","F-25706/25","VALMIRA 5/160 COMPRIMIDOS RECUBIERTOS","9/28/2020","ASCEND LABORATORIES S.p.A.","AMLODIPINO//VALSARTAN",""
"","F-25705/25","VALMIRA 5/80 COMPRIMIDOS RECUBIERTOS","9/28/2020","ASCEND LABORATORIES S.p.A.","AMLODIPINO//VALSARTAN",""
"","F-365/23","VALPIN SOLUCIÓN PARA GOTAS ORALES","4/1/1998","LABORATORIOS LAFI LTDA.","FENOBARBITAL//METILBROMURO DE OCTATROPINA","Psicotrópico"
"","F-28621/24","VALPROATO DE SODIO COMPRIMIDOS RECUBIERTOS DE LIBERACIÓN PROLONGADA 500 mg","11/27/2024","LABORATORIOS ANDRÓMACO S.A.","ACIDO VALPROICO",""
"","F-22783/21","VALSARTÁN COMPRIMIDOS RECUBIERTOS 160 mg","6/17/2016","SEVEN PHARMA CHILE S.p.A.","VALSARTAN",""
"","F-23461/22","VALSARTÁN COMPRIMIDOS RECUBIERTOS 80 mg","5/16/2017","SEVEN PHARMA CHILE S.p.A.","VALSARTAN",""
"","F-27851/23","VALSARTÁN/ HIDROCLOROTIAZIDA 160/25 COMPRIMIDOS RECUBIERTOS","10/2/2023","LABORATORIO CHILE S.A.","HIDROCLOROTIAZIDA//VALSARTAN",""
"","F-28263/24","VALSARTÁN/HIDROCLOROTIAZIDA 160/12,5 COMPRIMIDOS RECUBIERTOS","4/30/2024","LABORATORIO CHILE S.A.","HIDROCLOROTIAZIDA//VALSARTAN",""
"","F-28262/24","VALSARTÁN/HIDROCLOROTIAZIDA 80/12,5 COMPRIMIDOS RECUBIERTOS","4/30/2024","LABORATORIO CHILE S.A.","HIDROCLOROTIAZIDA//VALSARTAN",""
"","F-24441/23","VALTERO COMPRIMIDOS RECUBIERTOS 1000 mg","12/11/2018","SEVEN PHARMA CHILE S.p.A.","VALACICLOVIR",""
"","F-22763/21","VALTERO COMPRIMIDOS RECUBIERTOS 500 mg.","6/7/2016","SEVEN PHARMA CHILE S.p.A.","VALACICLOVIR",""
"","B-2133/25","VANCOCAPS CÁPSULAS 250 mg","4/5/2010","GEMARKPHARMA LTDA.","VANCOMICINA",""
"","B-2917/22","VANCOMICINA LIOFILIZADO PARA SOLUCIÓN INYECTABLE 1000 mg","1/12/2022","SEVEN PHARMA CHILE S.p.A.","VANCOMICINA",""
"","B-2423/24","VANCOMICINA LIOFILIZADO PARA SOLUCION INYECTABLE 500 mg","10/3/2014","LABORATORIO BIOSANO S.A.","VANCOMICINA",""
"","B-2079/24","VANCOMICINA POLVO LIOFILIZADO PARA SOLUCIÓN CONCENTRADA PARA INFUSIÓN 1000 mg","5/19/2009","LABORATORIOS RECALCINE S.A.","VANCOMICINA",""
"","B-2078/24","VANCOMICINA POLVO LIOFILIZADO PARA SOLUCIÓN CONCENTRADA PARA INFUSIÓN 500 mg","5/19/2009","LABORATORIOS RECALCINE S.A.","VANCOMICINA",""
"","B-2225/21","VANCOMICINA POLVO PARA SOLUCIÓN INYECTABLE 1 g","12/19/2011","LIBRA CHILE S.A.","VANCOMICINA",""
"","B-3052/24","VANCOMICINA POLVO PARA SOLUCIÓN INYECTABLE 1 g","9/9/2024","LABORATORIO BIOSANO S.A.","VANCOMICINA",""
"","B-1135/21","VANCOMICINA POLVO PARA SOLUCIÓN INYECTABLE 1 g","5/28/1996","BPH S.A.","VANCOMICINA",""
"","B-2224/21","VANCOMICINA POLVO PARA SOLUCIÓN INYECTABLE 500 mg","12/19/2011","LIBRA CHILE S.A.","VANCOMICINA",""
"","B-2930/22","VANCOMICINA POLVO PARA SOLUCIÓN INYECTABLE 500 mg","3/29/2022","BPH S.A.","VANCOMICINA",""
"","F-11077/21","VAPOFLU G.F.T. JARABE","5/25/1994","LABORATORIOS LAFI LTDA.","AMONIO CLORURO//CLOBUTINOL//ORCIPRENALINA",""
"","B-2292/23","VAQTA VACUNA ANTIHEPATITIS A PURIFICADA INACTIVADA ADSORBIDA SUSPENSIÓN INYECTABLE 50 U/1 mL","1/23/2013","MERCK SHARP & DOHME (I.A.) LLC","",""
"","B-2291/23","VAQTA VACUNA PEDIÁTRICA ANTIHEPATITIS A PURIFICADA INACTIVADA ADSORBIDA SUSPENSIÓN INYECTABLE 25 U/0,5 mL","1/23/2013","MERCK SHARP & DOHME (I.A.) LLC","",""
"","F-22080/25","VARGATEF CÁPSULAS BLANDAS 100 mg (NINTEDANIB)","8/24/2015 1:10","BOEHRINGER INGELHEIM LTDA.","NINTEDANIB",""
"","F-22079/25","VARGATEF CÁPSULAS BLANDAS 150 mg (NINTEDANIB)","8/24/2015 1:10","BOEHRINGER INGELHEIM LTDA.","NINTEDANIB",""
"","F-22875/21","VARITRINOX SOLUCIÓN INYECTABLE 10 mg/10 mL (TRIÓXIDO DE ARSÉNICO)","7/25/2016","VARIFARMA CHILE S.p.A.","ARSENICO OXIDO",""
"","B-2324/23","VARIVAX VACUNA DE VIRUS VIVOS ATENUADOS CONTRA VARICELA, LIOFILIZADO PARA SUSPENSIÓN INYECTABLE, CON SOLVENTE (VIRUS VIVO ATENUADO DE LA VARICELA (CEPA OKA))","7/29/2013","MERCK SHARP & DOHME (I.A.) LLC","",""
"","F-7519/21","VARTALAN COMPRIMIDOS RECUBIERTOS 160 mg","3/23/2001","LABORATORIOS LAFI LTDA.","VALSARTAN",""
"","F-15682/21","VARTALAN COMPRIMIDOS RECUBIERTOS 320 mg (VALSARTAN)","12/11/2006","LABORATORIOS LAFI LTDA.","VALSARTAN",""
"","F-7518/21","VARTALAN COMPRIMIDOS RECUBIERTOS 80 mg","3/23/2001","LABORATORIOS LAFI LTDA.","VALSARTAN",""
"","F-12867/23","VARTALAN D FORTE COMPRIMIDOS RECUBIERTOS","7/29/2003","LABORATORIOS LAFI LTDA.","HIDROCLOROTIAZIDA//VALSARTAN",""
"","F-9172/21","VARTALAN-D COMPRIMIDOS RECUBIERTOS","10/9/2001","LABORATORIOS LAFI LTDA.","HIDROCLOROTIAZIDA//VALSARTAN",""
"","F-15135/25","VARTALAN-D PLUS 160/25 COMPRIMIDOS RECUBIERTOS","9/28/2005","LABORATORIOS LAFI LTDA.","HIDROCLOROTIAZIDA//VALSARTAN",""
"","F-27548/23","VASOPROT SOLUCIÓN PARA INHALACIÓN POR NEBULIZADOR 10 mcg/1 mL (ILOPROST)","5/30/2023","LIBRA CHILE S.A.","ILOPROST",""
"","F-27549/23","VASOPROT SOLUCIÓN PARA INHALACIÓN POR NEBULIZADOR 20 mcg/1 mL (ILOPROST)","5/30/2023","LIBRA CHILE S.A.","ILOPROST",""
"","F-25945/21","VASTAREL CAPSULAS DE LIBERACIÓN PROLONGADA 40 mg (TRIMETAZIDINA DICLORHIDRATO)","3/3/2021","LABORATORIO SERVIER CHILE LTDA.","TRIMETAZIDINA",""
"","F-25946/21","VASTAREL CAPSULAS DE LIBERACION PROLONGADA 80 mg (TRIMETAZIDINA DICLORHIDRATO)","3/3/2021","LABORATORIO SERVIER CHILE LTDA.","TRIMETAZIDINA",""
"","F-14336/24","VASTAREL MR COMPRIMIDOS RECUBIERTOS DE LIBERACIÓN PROLONGADA 35 mg","12/13/2004","LABORATORIO SERVIER CHILE LTDA.","TRIMETAZIDINA",""
"","F-18932/21","VASTUS COMPRIMIDOS RECUBIERTOS 5 mg","10/1/2011","TECNOFARMA S.A.","FINASTERIDA",""
"","F-27274/23","VECARON LIOFILIZADO PARA SOLUCIÓN INYECTABLE 10 mg (BROMURO DE VECURONIO)","1/10/2023","LABORATORIOS BOCELI SpA","BROMURO DE VECURONIO",""
"","B-2200/21","VECTIBIX (PANITUMUMAB) SOLUCIÓN CONCENTRADA PARA INFUSIÓN 20 mg/mL","10/17/2011","TECNOFARMA S.A.","PANITUMUMAB",""
"","F-16444/22","VECURONIO BROMURO LIOFILIZADO PARA SOLUCIÓN INYECTABLE 10 mg/ 2,5 mL","10/26/2007","LABVITALIS S.A.","BROMURO DE VECURONIO",""
"","F-17393/24","VEDIPAL COMPRIMIDOS RECUBIERTOS","2/26/2009","TECNOFARMA S.A.","DIOSMINA//HESPERIDINA",""
"","F-22585/21","VEFAXOL COMPRIMIDOS RECUBIERTOS 600 mg","4/19/2016","PHARMATECH CHILE S.p.A.","LINEZOLID",""
"","F-27186/22","VEGAPAL 100 SUSPENSIÓN INYECTABLE DE LIBERACIÓN PROLONGADA 100 mg/ 1 mL (PALIPERIDONA)","11/30/2022","TECNOFARMA S.A.","PALIPERIDONA",""
"","F-27188/22","VEGAPAL 150 SUSPENSIÓN INYECTABLE DE LIBERACIÓN PROLONGADA 150 mg/ 1,5 mL (PALIPERIDONA)","11/30/2022","TECNOFARMA S.A.","PALIPERIDONA",""
"","F-27187/22","VEGAPAL 25 SUSPENSIÓN INYECTABLE DE LIBERACIÓN PROLONGADA 25 mg/ 0,25 mL (PALIPERIDONA)","11/30/2022","TECNOFARMA S.A.","PALIPERIDONA",""
"","F-27189/22","VEGAPAL 50 SUSPENSIÓN INYECTABLE DE LIBERACIÓN PROLONGADA 50 mg/ 0,5 mL (PALIPERIDONA)","11/30/2022","TECNOFARMA S.A.","PALIPERIDONA",""
"","F-27190/22","VEGAPAL 75 SUSPENSIÓN INYECTABLE DE LIBERACIÓN PROLONGADA 75 mg/0,75 mL","11/30/2022","TECNOFARMA S.A.","PALIPERIDONA",""
"","B-3164/25","VEGZELMA CONCENTRADO PARA SOLUCIÓN PARA PERFUSIÓN 100 mg/4 mL (BEVACIZUMAB)","11/20/2025","CELLTRION HEALTHCARE CHILE S.p.A.","BEVACIZUMAB",""
"","F-19694/22","VELCADE LIOFILIZADO PARA SOLUCIÓN INYECTABLE 3,5 mg","11/28/2012 1:10","JOHNSON & JOHNSON DE CHILE S.A.","BORTEZOMIB",""
"","F-24719/24","VEMLIDY COMPRIMIDOS RECUBIERTOS 25 mg","3/26/2019","GADOR LTDA.","TENOFOVIR",""
"","F-24549/24","VENADOL COMPRIMIDOS RECUBIERTOS ","1/14/2019","LABORATORIOS RECALCINE S.A.","DIOSMINA//HESPERIDINA",""
"","F-7241/25","VENARTEL COMPRIMIDOS RECUBIERTOS 500 mg","12/5/2000 2:10","LABORATORIOS ANDRÓMACO S.A.","DIOSMINA//HESPERIDINA",""
"","E-26/24","VENCLEXTA 10/50/100 COMPRIMIDOS RECUBIERTOS (VENETOCLAX)","4/26/2019","ABBVIE PRODUCTOS FARMACÉUTICOS LTDA.","VENETOCLAX",""
"","F-24792/24","VENCLEXTA COMPRIMIDOS RECUBIERTOS 10 mg (VENETOCLAX)","4/26/2019","ABBVIE PRODUCTOS FARMACÉUTICOS LTDA.","VENETOCLAX",""
"","F-24794/24","VENCLEXTA COMPRIMIDOS RECUBIERTOS 100 mg (VENETOCLAX)","4/26/2019","ABBVIE PRODUCTOS FARMACÉUTICOS LTDA.","VENETOCLAX",""
"","F-24793/24","VENCLEXTA COMPRIMIDOS RECUBIERTOS 50 mg (VENETOCLAX)","4/26/2019","ABBVIE PRODUCTOS FARMACÉUTICOS LTDA.","VENETOCLAX",""
"","F-27466/23","VENLAFAXINA CÁPSULAS CON COMPRIMIDOS RECUBIERTOS DE LIBERACIÓN PROLONGADA 150 mg","4/20/2023","ALEMBIC PHARMACEUTICALS S.p.A.","VENLAFAXINA",""
"","F-27605/23","VENLAFAXINA CÁPSULAS CON COMPRIMIDOS RECUBIERTOS DE LIBERACION PROLONGADA 75 mg","6/28/2023","ALEMBIC PHARMACEUTICALS S.p.A.","VENLAFAXINA",""
"","F-25077/24","VENLAFAXINA CÁPSULAS CON GRÁNULOS RECUBIERTOS DE LIBERACIÓN PROLONGADA 75 mg","10/7/2019","LABORATORIO HOSPIFARMA CHILE LTDA.","VENLAFAXINA",""
"","F-25065/24","VENLAFAXINA CÁPSULAS CON GRÁNULOS RECUBIERTOS DE LIBERACIÓN PROLONGADA 150 mg","9/27/2019","LABORATORIO HOSPIFARMA CHILE LTDA.","VENLAFAXINA",""
"","F-23934/23","VENLAFAXINA CÁPSULAS CON MICROGRÁNULOS RECUBIERTOS DE LIBERACIÓN PROLONGADA 150 mg","7/11/2018","DIFEM LABORATORIOS S.A.","VENLAFAXINA",""
"","F-23933/23","VENLAFAXINA CÁPSULAS CON MICROGRÁNULOS RECUBIERTOS DE LIBERACIÓN PROLONGADA 75 mg","7/11/2018","DIFEM LABORATORIOS S.A.","VENLAFAXINA",""
"","F-27833/23","VENLAFAXINA COMPRIMIDOS RECUBIERTOS DE LIBERACION PROLONGADA 75 mg","9/21/2023","MEDINOVA FARMA LTDA.","VENLAFAXINA",""
"","F-27706/23","VENLAFAXINA COMPRIMIDOS RECUBIERTOS DE LIBERACION PROLONGADA 150 mg","8/1/2023","MEDINOVA FARMA LTDA.","VENLAFAXINA",""
"","F-26005/21","VENLAFAXINA COMPRIMIDOS RECUBIERTOS DE LIBERACIÓN PROLONGADA 150 mg ","3/1/2021","ASCEND LABORATORIES S.p.A.","VENLAFAXINA",""
"","F-25995/21","VENLAFAXINA COMPRIMIDOS RECUBIERTOS DE LIBERACIÓN PROLONGADA 37,5 mg","2/24/2021","ASCEND LABORATORIES S.p.A.","VENLAFAXINA",""
"","F-26532/21","VENLAFAXINA COMPRIMIDOS RECUBIERTOS DE LIBERACIÓN PROLONGADA 75 mg ","12/10/2021","ASCEND LABORATORIES S.p.A.","VENLAFAXINA",""
"","F-26007/21","VENLAKEM COMPRIMIDOS RECUBIERTOS DE LIBERACIÓN PROLONGADA 150 mg (VENLAFAXINA)","3/1/2021","ASCEND LABORATORIES S.p.A.","VENLAFAXINA",""
"","F-26006/21","VENLAKEM COMPRIMIDOS RECUBIERTOS DE LIBERACIÓN PROLONGADA 37,5 mg (VENLAFAXINA)","3/1/2021","ASCEND LABORATORIES S.p.A.","VENLAFAXINA",""
"","F-26533/21","VENLAKEM COMPRIMIDOS RECUBIERTOS DE LIBERACIÓN PROLONGADA 75 mg (VENLAFAXINA)","12/10/2021","ASCEND LABORATORIES S.p.A.","VENLAFAXINA",""
"","F-22138/25","VENLAVITAE CÁPSULAS CON COMPRIMIDOS RECUBIERTOS DE LIBERACIÓN PROLONGADA 150 mg (VENLAFAXINA)","9/17/2015","GALENICUM HEALTH CHILE S.p.A.","VENLAFAXINA",""
"","F-22137/25","VENLAVITAE CÁPSULAS CON COMPRIMIDOS RECUBIERTOS DE LIBERACIÓN PROLONGADA 75 mg (VENLAFAXINA)","9/16/2015","GALENICUM HEALTH CHILE S.p.A.","VENLAFAXINA",""
"","F-26297/21","VENLAVITAE XR CÁPSULAS CON COMPRIMIDOS RECUBIERTOS DE LIBERACIÓN PROLONGADA 37,5 mg","8/4/2021","GALENICUM HEALTH CHILE S.p.A.","VENLAFAXINA",""
"","F-215/22","VENLAX COMPRIMIDOS 50 mg","10/17/1997","LABORATORIOS SAVAL S.A.","VENLAFAXINA",""
"","F-216/22","VENLAX COMPRIMIDOS 75 mg","10/17/1997","LABORATORIOS SAVAL S.A.","VENLAFAXINA",""
"","F-22578/21","VENOFER SOLUCIÓN INYECTABLE 100 mg/5 mL (HIERRO SACAROSA)","4/14/2016","GRÜNENTHAL CHILENA LTDA.","HIERRO SACARATO",""
"","F-26465/21","VENOFER SOLUCIÓN INYECTABLE 100 mg/5 mL (HIERRO)","10/27/2021","GRUNENTHAL CHILENA LTDA.","Hierro Sacarato",""
"","F-18954/21","VENOSMIL CÁPSULAS 200 mg","10/12/2011 2:10","FAES FARMA CHILE, SALUD Y NUTRICIÓN SpA","HIDROSMINA",""
"","F-19649/22","VENOSMIL GEL TÓPICO 2%","10/31/2012 2:10","FAES FARMA CHILE, SALUD Y NUTRICIÓN SpA","HIDROSMINA",""
"","F-15026/25","VENTAVIS SOLUCIÓN PARA INHALACIÓN POR NEBULIZADOR 10 mcg/mL (ILOPROST)","8/2/2005","BAYER S.A.","ILOPROST",""
"","F-23386/22","VENTAVIS SOLUCIÓN PARA INHALACIÓN POR NEBULIZADOR 20 mcg/1 mL (ILOPROST)","5/3/2017","BAYER S.A.","ILOPROST",""
"","F-28642/24","VEOZA COMPRIMIDOS RECUBIERTOS 45 mg (FEZOLINETANT)","12/13/2024","ASTELLAS FARMA CHILE S.p.A.","FEZOLINETANT",""
"","F-22215/25","VERALPRES COMPRIMIDOS RECUBIERTOS 160 mg","10/16/2015","EUROFARMA CHILE SpA","VALSARTAN",""
"","F-22214/25","VERALPRES COMPRIMIDOS RECUBIERTOS 80 mg","10/16/2015","EUROFARMA CHILE SpA","VALSARTAN",""
"","F-10917/26","VERAPAMILO CLORHIDRATO SOLUCIÓN INYECTABLE 5 mg/2 mL","1/24/1992","LABORATORIO SANDERSON SpA","VERAPAMILO",""
"","F-28622/24","VERDAL COMPRIMIDOS RECUBIERTOS 60 mg (DAPOXETINA)","11/26/2024","LABORATORIOS RECALCINE S.A.","DAPOXETINA",""
"","F-22619/21","VERDE DE INDOCIANINA LIOFILIZADO PARA SOLUCIÓN INYECTABLE 25 mg","5/2/2016","COMERCIALIZADORA ALEFFARMA LTDA.","VERDE INDOCIANINA",""
"","F-20774/24","VERMOIL COMPRIMIDOS 200 mg","1/14/2014","DROGUERÍA FARMOQUÍMICA DEL PACÍFICO LTDA.","ALBENDAZOL",""
"","F-15791/21","VERMOIL SUSPENSIÓN 40 mg/mL","11/24/2006","DROGUERÍA FARMOQUÍMICA DEL PACÍFICO LTDA.","ALBENDAZOL",""
"","F-24876/24","VERMOIL SUSPENSIÓN 40 mg/mL (ALBENDAZOL)","6/12/2019","DROGUERÍA FARMOQUÍMICA DEL PACÍFICO LTDA.","ALBENDAZOL",""
"","B-2594/21","Verorab liofilizado para suspensión inyectable con solvente (vacuna antirrábica inactivada )","2/1/2016","SANOFI VACCINES CHILE S.A","VIRUS DE LA RABIA CEPA WISTAR RABIES PM/WI 38-1503-3M (INACTIVADO)",""
"","F-26437/21","VERQUVO COMPRIMIDOS RECUBIERTOS 10 mg (VERICIGUAT)","10/13/2021","BAYER S.A.","VERICIGUAT",""
"","F-26435/21","VERQUVO COMPRIMIDOS RECUBIERTOS 2,5 mg (VERICIGUAT)","10/13/2021","BAYER S.A.","VERICIGUAT",""
"","F-26436/21","VERQUVO COMPRIMIDOS RECUBIERTOS 5 mg (VERICIGUAT)","10/13/2021","BAYER S.A.","VERICIGUAT",""
"","F-16134/22","VERSATIS PARCHE 5%","6/6/2007","GRÜNENTHAL CHILENA LTDA.","LIDOCAINA",""
"","F-28591/24","VERTIFIN COMPRIMIDOS 16 mg","11/11/2024","LABORATORIOS SAVAL S.A.","BETAHISTINA",""
"","F-28592/24","VERTIFIN COMPRIMIDOS 24 mg","11/11/2024","LABORATORIOS SAVAL S.A.","BETAHISTINA",""
"","F-18712/21","VERTIUM COMPRIMIDOS 25 mg","7/1/2011","LABORATORIOS SAVAL S.A.","DIFENIDOL",""
"","F-22519/21","VERTIX COMPRIMIDOS CON RECUBRIMIENTO ENTÉRICO","3/17/2016","SYNTHON CHILE LTDA.","DOXILAMINA//PIRIDOXINA",""
"","F-25146/24","VERZENIO COMPRIMIDOS RECUBIERTOS 100 mg (ABEMACICLIB)","12/17/2019","TECNOFARMA S.A.","ABEMACICLIB",""
"","F-25147/24","VERZENIO COMPRIMIDOS RECUBIERTOS 150 mg (ABEMACICLIB)","12/17/2019","TECNOFARMA S.A.","ABEMACICLIB",""
"","F-25145/24","VERZENIO COMPRIMIDOS RECUBIERTOS 50 mg (ABEMACICLIB)","12/17/2019","TECNOFARMA S.A.","ABEMACICLIB",""
"","F-9560/21","VESANOID CÁPSULAS 10 mg","12/17/1994","LABORATORIOS BIOPAS S.A.","TRETINOINA",""
"","F-18976/21","VESICARE COMPRIMIDOS RECUBIERTOS 5 mg","10/15/2011","ITF - LABOMED FARMACÉUTICA LTDA.","SOLIFENACINA",""
"","F-13790/24","VESNIDAN COMPRIMIDOS RECUBIERTOS","5/18/2004","EUROFARMA CHILE SpA","DIOSMINA//HESPERIDINA",""
"","F-26432/21","VESSONE 10 COMPRIMIDOS RECUBIERTOS 10 mg (VILAZODONA CLORHIDRATO)","10/5/2021","MEGALABS CHILE S.A.","VILAZODONA",""
"","F-26433/21","VESSONE 20 COMPRIMIDOS RECUBIERTOS 20 mg (VILAZODONA CLORHIDRATO)","10/5/2021","MEGALABS CHILE S.A.","VILAZODONA",""
"","F-26434/21","VESSONE 40 COMPRIMIDOS RECUBIERTOS 40 mg (VILAZODONA CLORHIDRATO)","10/5/2021","MEGALABS CHILE S.A.","VILAZODONA",""
"","F-23901/23","VEXA 20 COMPRIMIDOS RECUBIERTOS","6/28/2018","LABORATORIO CHILE S.A.","DROSPIRENONA//ETINILESTRADIOL",""
"","F-21459/24","VEXA 20 COMPRIMIDOS RECUBIERTOS","10/13/2014","LABORATORIO CHILE S.A.","DROSPIRENONA//ETINILESTRADIOL",""
"","F-21458/24","VEXA CD COMPRIMIDOS RECUBIERTOS","10/13/2014","LABORATORIO CHILE S.A.","DROSPIRENONA//ETINILESTRADIOL",""
"","F-23902/23","VEXA CD COMPRIMIDOS RECUBIERTOS","6/28/2018","LABORATORIO CHILE S.A.","DROSPIRENONA//ETINILESTRADIOL",""
"","F-25339/25","VFEND COMPRIMIDOS RECUBIERTOS 200 mg (VORICONAZOL)","3/17/2020","PFIZER CHILE S.A.","VORICONAZOL",""
"","F-25338/25","VFEND COMPRIMIDOS RECUBIERTOS 50 mg (VORICONAZOL)","3/17/2000","PFIZER CHILE S.A.","VORICONAZOL",""
"","F-20548/23","VFEND LIOFILIZADO PARA SOLUCIÓN INYECTABLE 200 mg","11/26/2013 2:10","PFIZER CHILE S.A.","VORICONAZOL",""
"","F-16713/23","VIADIL COMPUESTO SOLUCIÓN INYECTABLE","3/19/2008","MEGALABS CHILE S.A.","METAMIZOL MAGNESICO//PARGEVERINA",""
"","F-24790/24","VIADIL COMPUESTO SOLUCIÓN ORAL PARA GOTAS","4/22/2019","MEGALABS CHILE S.A.","METAMIZOL MAGNESICO//PARGEVERINA",""
"","F-23624/22","VIADIL FORTE COMPRIMIDOS RECUBIERTOS 10 mg.","10/20/2017","MEGALABS CHILE S.A.","PARGEVERINA",""
"","F-25623/25","VIADIL FORTE SOLUCIÓN INYECTABLE 10 mg/1 mL (PARGEVERINA CLORHIDRATO)","8/11/2020","MEGALABS CHILE S.A.","PARGEVERINA",""
"","F-18957/21","VIADIL FORTE SOLUCIÓN INYECTABLE 10 mg/mL","10/11/2011","MEGALABS CHILE S.A.","PARGEVERINA",""
"","F-13117/23","VIADIL FORTE SOLUCIÓN PARA GOTAS ORALES 10 mg/mL (PARGEVERINA CLORHIDRATO)","9/15/2003","MEGALABS CHILE S.A.","PARGEVERINA",""
"","F-17029/23","VIADIL SOLUCIÓN INYECTABLE 5 mg/1 mL","9/2/2008","MEGALABS CHILE S.A.","PARGEVERINA",""
"","F-13118/23","VIADIL SOLUCIÓN PARA GOTAS ORALES 5 mg/mL (PARGEVERINA CLORHIDRATO)","9/15/2003","MEGALABS CHILE S.A.","PARGEVERINA",""
"","F-807/23","VIAGRA COMPRIMIDOS RECUBIERTOS 100 mg (SILDENAFILO)","9/10/1998","ASPEN CHILE S.A.","SILDENAFILO",""
"","F-806/23","VIAGRA COMPRIMIDOS RECUBIERTOS 50 mg (SILDENAFILO)","9/10/1998","ASPEN CHILE S.A.","SILDENAFILO",""
"","F-22540/21","VICMUS CÁPSULAS 0,5 mg (TACROLIMUS)","3/23/2016","OPKO CHILE S.A.","TACROLIMUS",""
"","F-22541/21","VICMUS CÁPSULAS1,0 mg","3/23/2016","OPKO CHILE S.A.","TACROLIMUS",""
"","B-2249/22","VICTOZA SOLUCIÓN INYECTABLE 6 mg/mL, EN DISPOSITIVO PRELLENADO","2/28/2012","NOVO NORDISK FARMACÉUTICA LTDA.","LIRAGLUTIDA",""
"","F-28546/24","VIDAMICIN COMPRIMIDOS 50 mg (VILDAGLIPTINA)","10/23/2024","OPKO CHILE S.A.","VILDAGLIPTINA",""
"","F-27377/23","VIDARON COMPRIMIDOS 50 mg (VILDAGLIPTINA)","3/13/2023","SEVEN PHARMA CHILE S.p.A.","VILDAGLIPTINA",""
"","F-28080/24","VIDARON M 50/1000 COMPRIMIDOS RECUBIERTOS","2/8/2024","SEVEN PHARMA CHILE S.p.A.","METFORMINA//VILDAGLIPTINA",""
"","F-22586/21","VIDAVIR COMPRIMIDOS RECUBIERTOS 450 mg (VALGANCICLOVIR)","4/21/2016","OPKO CHILE S.A.","VALGANCICLOVIR",""
"","F-18015/25","VIDAZA LIOFILIZADO PARA SUSPENSIÓN INYECTABLE 100 mg (AZACITIDINA)","4/26/2010","BRISTOL - MYERS SQUIBB DE CHILE","AZACITIDINA",""
"","F-29354/25","VIDYN CÁPSULAS BLANDAS 100.000 UI (COLECALCIFEROL)","11/26/2025","INSTITUTO SANITAS S.A.","VITAMINA D3 (COLECALCIFEROL)",""
"","F-26829/22","VIDYN CÁPSULAS BLANDAS 50.000 UI (COLECALCIFEROL)","5/31/2022","INSTITUTO SANITAS S.A.","COLECALCIFEROL",""
"","F-27160/22","VIGAKEM COMPRIMIDOS RECUBIERTOS 500 mg (VIGABATRINA)","11/16/2022","ASCEND LABORATORIES S.p.A.","VIGABATRINA",""
"","F-27866/23","VIGAMOX SOLUCIÓN OFTÁLMICA 0,5%","10/6/2023","NOVARTIS CHILE S.A.","MOXIFLOXACINO",""
"","F-27690/23","VIGER COMPRIMIDOS RECUBIERTOS 20 mg (TADALAFILO)","7/26/2023","INTERPHARMA S.A.","TADALAFILO",""
"","F-28504/24","VIGER COMPRIMIDOS RECUBIERTOS 5 mg (TADALAFILO)","9/30/2024","INTERPHARMA S.A.","TADALAFILO",""
"","F-25415/25","VIGISOM COMPRIMIDOS DE LIBERACIÓN PROLONGADA 2 mg (Melatonina)","5/5/2020","LABORATORIOS BIOPAS S.A.","MELATONINA",""
"","F-27988/23","VILACRET COMPRIMIDOS 50 mg (VILDAGLIPTINA)","12/18/2023","MSN LABS CHILE S.p.A.","VILDAGLIPTINA",""
"","F-28794/25","VILANOR COMPRIMIDOS RECUBIERTOS 560 mg (IBRUTINIB)","4/11/2025","ASKENY CHILE S.p.A.","IBRUTINIB",""
"","F-28197/24","VILDAGLIPTINA COMPRIMIDOS 50 mg","4/2/2024","SRS LIFE SCIENCES CHILE S.p.A.","VILDAGLIPTINA",""
"","F-27896/23","VILDAGLIPTINA COMPRIMIDOS 50 mg","10/31/2023","LABORATORIO CHILE S.A.","VILDAGLIPTINA",""
"","F-26941/22","VILDAGLIPTINA COMPRIMIDOS 50 mg","7/27/2022","SEVEN PHARMA CHILE S.p.A.","VILDAGLIPTINA",""
"","F-26345/21","VILDAGLIPTINA COMPRIMIDOS 50 mg","8/17/2021","ZERICUM S.p.A.","VILDAGLIPTINA",""
"","F-26647/22","VILDAGLIPTINA COMPRIMIDOS 50 mg","2/23/2022","EMCURE PHARMA CHILE S.p.A.","VILDAGLIPTINA",""
"","F-28365/24","VILDAGLIPTINA/METFORMINA CLORHIDRATO 50/850 COMPRIMIDOS RECUBIERTOS","7/9/2024","SEVEN PHARMA CHILE S.p.A.","METFORMINA//VILDAGLIPTINA",""
"","F-26387/21","VILDAN COMPRIMIDOS 50 mg (VILDAGLIPTINA)","9/13/2021","LABORATORIOS SAVAL S.A.","VILDAGLIPTINA",""
"","F-26000/21","VILDAVITAE COMPRIMIDOS 50 mg (VILDAGLIPTINA)","2/24/2021","GALENICUM HEALTH CHILE S.p.A.","VILDAGLIPTINA",""
"","F-27328/23","VILDAVITAE PLUS 50/1000 COMPRIMIDOS RECUBIERTOS","2/7/2023","GALENICUM HEALTH CHILE S.p.A.","METFORMINA//VILDAGLIPTINA",""
"","F-27322/23","VILDAVITAE PLUS 50/850 COMPRIMIDOS RECUBIERTOS","2/6/2023","GALENICUM HEALTH CHILE S.p.A.","METFORMINA//VILDAGLIPTINA",""
"","F-25138/24","VILZER COMPRIMIDOS 50 mg (VILDAGLIPTINA)","11/26/2019","TECNOFARMA S.A.","Vildagliptina",""
"","F-26476/21","VILZERMET 50/1000 COMPRIMIDOS RECUBIERTOS","11/2/2021","TECNOFARMA S.A.","METFORMINA//VILDAGLIPTINA",""
"","F-26534/21","VILZERMET 50/500 COMPRIMIDOS RECUBIERTOS","12/7/2021","TECNOFARMA S.A.","METFORMINA//VILDAGLIPTINA",""
"","F-26512/21","VILZERMET 50/850 COMPRIMIDOS RECUBIERTOS","11/23/2021","TECNOFARMA S.A.","METFORMINA//VILDAGLIPTINA",""
"","F-27043/22","VIMAX 50 COMPRIMIDOS MASTICABLES 50 mg (SILDENAFILO)","9/12/2022","MEGALABS CHILE S.A.","SILDENAFILO",""
"","B-2458/25","VIMIZIM RECOMBINANTE SOLUCIÓN CONCENTRADA PARA PERFUSIÓN 5 mg/5 mL (ELOSULFASA ALFA)","2/25/2015","BIOMARIN CHILE SPA","ELOSULFASA ALFA",""
"","F-18927/21","VIMPAT COMPRIMIDOS RECUBIERTOS 100 mg","9/30/2011","LABORATORIOS BIOPAS S.A.","LACOSAMIDA",""
"","F-18926/21","VIMPAT COMPRIMIDOS RECUBIERTOS 150 mg","9/30/2011","LABORATORIOS BIOPAS S.A.","LACOSAMIDA",""
"","F-18925/21","VIMPAT COMPRIMIDOS RECUBIERTOS 200 mg","9/30/2011","LABORATORIO BIOPAS S.A.","LACOSAMIDA",""
"","F-18928/21","VIMPAT COMPRIMIDOS RECUBIERTOS 50 mg","9/30/2011","LABORATORIO BIOPAS S.A.","LACOSAMIDA",""
"","F-20197/23","VIMPAT SOLUCION PARA PERFUSION 10 mg/mL","8/7/2013","LABORATORIO BIOPAS S.A.","LACOSAMIDA",""
"","F-28176/24","VIMPAT SOLUCION PARA PERFUSION 10mg/mL (LACOSAMIDA) ","3/26/2024","LABORATORIOS BIOPAS S.A.","LACOSAMIDA",""
"","F-25581/25","VINBLASTINA SULFATO LIOFILIZADO PARA SOLUCIÓN INYECTABLE 10 mg","7/22/2020","KAMPAR S.A.","VINBLASTINA",""
"","F-25410/25","VINBLASTINA SULFATO SOLUCIÓN INYECTABLE 10 mg/10 mL","4/28/2020","FRESENIUS KABI CHILE LTDA.","VINBLASTINA",""
"","F-27487/23","VINCRISTINA SULFATO LIOFILIZADO PARA SOLUCIÓN INYECTABLE 1 mg","5/3/2023","LABORATORIO KEMEX CHILE LTDA.","VINCRISTINA",""
"","F-27880/23","VINCRISTINA SULFATO SOLUCIÓN INYECTABLE 1 mg /1mL","10/13/2023","PFIZER CHILE S.A.","VINCRISTINA",""
"","F-7696/21","VINCRISTINA SULFATO SOLUCIÓN INYECTABLE 1 mg/mL","1/26/1995","BPH S.A.","VINCRISTINA",""
"","F-27283/23","VINSEVEN XR CÁPSULAS CON GRÁNULOS DE LIBERACIÓN PROLONGADA 150 mg","1/16/2023","SEVEN PHARMA CHILE S.p.A.","VENLAFAXINA",""
"","F-27220/22","VINSEVEN XR CÁPSULAS CON GRÁNULOS RECUBIERTOS DE LIBERACIÓN PROLONGADA 75 mg (VENLAFAXINA)","12/23/2022","SEVEN PHARMA CHILE S.p.A.","VENLAFAXINA",""
"","F-21592/24","VIORA 20 COMPRIMIDOS RECUBIERTOS","12/16/2014","EXELTIS CHILE S.p.A.","CLORMADINONA//ETINILESTRADIOL",""
"","F-22648/21","VIORA CD COMPRIMIDOS RECUBIERTOS","5/5/2016","EXELTIS CHILE S.p.A.","CLORMADINONA//ETINILESTRADIOL",""
"","F-21578/24","VIORA COMPRIMIDOS RECUBIERTOS (CLORMADINONA/ETINILESTRADIOL)","12/10/2014","EXELTIS CHILE S.p.A.","CLORMADINONA//ETINILESTRADIOL",""
"","F-22990/21","VIPLENA CAPSULAS BLANDAS","8/19/2016","LABORATORIOS RECALCINE S.A.","ACIDO ASCORBICO//ACIDO FOLICO//CALCIO CARBONATO//CIANOCOBALAMINA//COBALTO SULFATO//COBRE SULFATO//COLECALCIFEROL//GLICINATO FERROSO//MAGNESIO SULFATO//MANGANESO SULFATO//NICOTINAMIDA//PANTENOL//PIRIDOXINA//POTASIO SULFATO//RETINOL//RIBOFLAVINA//SODIO FLUORURO//SODIO MOLIBDATO//TIAMINA//TOCOFEROL//TRIGLICERIDOS//ZINC OXIDO",""
"","F-24637/24","VIPROVIR COMPRIMIDOS RECUBIERTOS 500 mg (VALACICLOVIR)","2/13/2019","ASCEND LABORATORIES S.p.A.","VALACICLOVIR",""
"","F-3015/25","VIRAMUNE SUSPENSIÓN ORAL 50 mg/5 mL","2/9/2000 2:10","BOEHRINGER INGELHEIM LTDA.","NEVIRAPINA",""
"","F-23522/22","VIRAP COMPRIMIDOS 200 mg (NEVIPARINA)","6/23/2017","SEVEN PHARMA CHILE S.p.A.","Nevirapina",""
"","F-15675/21","VIREAD COMPRIMIDOS RECUBIERTOS 300 mg","9/12/2006","GADOR LTDA.","TENOFOVIR",""
"","F-26687/22","VIREHEPAT COMPRIMIDOS RECUBIERTOS 0,5 mg (ENTECAVIR)","3/16/2022","LABORATORIOS BOCELI SpA","ENTECAVIR",""
"","F-19120/21","VIRGAN GEL OFTÁLMICO 1,5 mg/g","11/29/2011 1:10","THEA PHARMA S.p.A.","GANCICLOVIR",""
"","F-27984/23","VIROLUX COMPRIMIDOS RECUBIERTOS 0,5 mg (ENTECAVIR)","12/14/2023","LIBRA CHILE S.A.","ENTECAVIR",""
"","F-27985/23","VIROLUX COMPRIMIDOS RECUBIERTOS 1 mg (ENTECAVIR)","12/15/2023","LIBRA CHILE S.A.","ENTECAVIR",""
"","F-14861/25","VIRONIDA FORTE SUSPENSIÓN ORAL 400 mg/5 ml","6/20/2005","LABORATORIO CHILE S.A.","ACICLOVIR",""
"","F-8517/21","VIRONIDA SUSPENSIÓN ORAL 200 mg/5 mL","11/8/1991","LABORATORIO CHILE S.A.","ACICLOVIR",""
"","F-26217/21","VIROPIL COMPRIMIDOS RECUBIERTOS","7/7/2021","EMCURE PHARMA CHILE S.p.A.","DOLUTEGRAVIR SÓDICO//LAMIVUDINA//TENOFOVIR DISOPROXIL FUMARATO",""
"","F-23636/22","VIRTEN 300/200 COMPRIMIDOS RECUBIERTOS","11/15/2017","MEGALABS CHILE S.A.","EMTRICITABINA//TENOFOVIR",""
"","B-2934/22","VISCOZYME SOLUCIÓN PARA INHALACIÓN 2,5 mg/2,5 mL (DORNASA ALFA) ","4/8/2022","ROCHE CHILE LTDA.","DORNASA ALFA",""
"","F-812/23","VISIPAQUE SOLUCIÓN INYECTABLE 270 mg Iodo/mL","11/6/1998","GE HEALTHCARE INTERNATIONAL LLC AGENCIA EN CHILE","IODIXANOL",""
"","F-811/23","VISIPAQUE SOLUCIÓN INYECTABLE 320 mg IODO/mL (IODIXANOL ANHIDRO)","11/5/1998","GE HEALTHCARE INTERNATIONAL LLC AGENCIA EN CHILE","IODIXANOL",""
"","F-27986/23","VITAGLUCYL COMPRIMIDOS 50 mg (VILDAGLIPTINA)","12/22/2023","INSTITUTO SANITAS S.A.","VILDAGLIPTINA",""
"","F-12921/23","VITALIPID ADULTO EMULSIÓN PARA INFUSIÓN INTRAVENOSA","6/20/2003","FRESENIUS KABI CHILE LTDA.","",""
"","F-13656/24","VITALIPID INFANTIL EMULSIÓN INYECTABLE","4/13/1999","FRESENIUS KABI CHILE LTDA.","Dl-Alfa Tocoferol//;Retinol Palmitato//;Ergocalciferol//;Fitomenadiona",""
"","F-21649/25","VITAMINA ADC SOLUCIÓN PARA GOTAS ORALES","1/28/2015 2:10","LABORATORIO CHILE S.A.","ACIDO ASCORBICO//COLECALCIFEROL",""
"","F-24970/24","VITAMINA D3 COMPRIMIDOS 1000 UI","8/1/2019","SOCIEDAD IMPORTADORA Y COMERCIALIZADORA DE PRODUCTOS PARA LA SALUD LTDA.","COLECALCIFEROL",""
"","F-2289/24","VITAMINA E CÁPSULAS BLANDAS 1.000 U.I.","11/5/1999","CHEMOPHARMA S.A.","TOCOFEROL",""
"","F-25906/26","VITAMINAS ACD SOLUCIÓN PARA GOTAS ORALES ","1/7/2021","LABORATORIO HOSPIFARMA CHILE LTDA.","ÁCIDO ASCÓRBICO;ASCORBATO DE SODIO;VITAMINA A PALMITATO;Vitamina D3",""
"","F-7969/21","VITAMINAS B1, B6, B12 SOLUCIÓN INYECTABLE 3 mL","11/19/1993","LABORATORIO BIOSANO S.A.","CIANOCOBALAMINA//PIRIDOXINA//TIAMINA",""
"","N-532/23","VITANGO COMPRIMIDOS RECUBIERTOS 200 mg","12/17/2013","MEGALABS CHILE S.A.","",""
"","F-7466/21","VITAYDE C SOLUCIÓN ORAL PARA GOTAS","2/9/2001","LABORATORIOS SAVAL S.A.","ACIDO ASCORBICO//COLECALCIFEROL//RETINOL",""
"","F-2200/24","VITERNUM SOLUCIÓN ORAL DE PREPARACIÓN EXTEMPORANEA 3 mg/ 5 mL","3/14/1977","ITF - LABOMED FARMACÉUTICA LTDA.","DIHEXAZIN",""
"","F-3352/25","VITERNUM VITAMINADO SOLUCIÓN PARA PREPARACIÓN EXTEMPORANEA","9/30/1987 1:10","ITF - LABOMED FARMACÉUTICA LTDA.","ACIDO ASCORBICO//DIHEXAZIN//NICOTINAMIDA//PIRIDOXINA//RIBOFLAVINA//TIAMINA",""
"","F-24067/23","VITOMIT COMPRIMIDOS CON RECUBRIMIENTO ENTERICO","8/29/2018","MINTLAB Co. S.A.","DOXILAMINA//PIRIDOXINA",""
"","F-24385/23","VIVIMEX 10 COMPRIMIDOS RECUBIERTOS 10 mg (MEMANTINA CLORHIDRATO) ","11/28/2018","MEGALABS CHILE S.A.","MEMANTINA",""
"","F-24389/23","VIVIMEX 20 COMPRIMIDOS RECUBIERTOS 20 mg (MEMANTINA CLORHIDRATO)","11/28/2018","MEGALABS CHILE S.A.","MEMANTINA",""
"","F-26441/21","VOCABRIA COMPRIMIDOS RECUBIERTOS 30 mg (CABOTEGRAVIR)","10/7/2021","GLAXOSMITHKLINE CHILE FARMACÉUTICA LTDA.","CABOTEGRAVIR",""
"","F-26400/21","VOCABRIA SUSPENSIÓN INYECTABLE DE LIBERACIÓN PROLONGADA 600 mg/3 mL (CABOTEGRAVIR)","9/28/2021","GLAXOSMITHKLINE CHILE FARMACÉUTICA LTDA.","CABOTEGRAVIR",""
"","F-28595/24","VOLAN COMPRIMIDOS RECUBIERTOS 10 mg (AMBRISENTÁN)","11/12/2024","LABORATORIOS SAVAL S.A.","AMBRISENTAN",""
"","F-28593/24","VOLAN COMPRIMIDOS RECUBIERTOS 5 mg (AMBRISENTÁN)","11/12/2024","LABORATORIOS SAVAL S.A.","AMBRISENTAN",""
"","F-21322/24","VOLIBRIS COMPRIMIDOS RECUBIERTOS 5 mg (AMBRISENTÁN)","8/17/2014 1:10","GLAXOSMITHKLINE CHILE FARMACÉUTICA LTDA.","AMBRISENTAN",""
"","F-24266/23","VOLKIRED COMPRIMIDOS RECUBIERTOS 450 mg (Valganciclovir) ","11/5/2018","DR. REDDYS LABORATORIES CHILE S.p.A.","VALGANCICLOVIR",""
"","F-17704/24","VOLULYTE SOLUCIÓN INYECTABLE PARA PERFUSIÓN 6%","8/21/2009","FRESENIUS KABI CHILE LTDA.","ALMIDON HIDROXIETILICO//MAGNESIO CLORURO//POTASIO CLORURO//SODIO ACETATO//SODIO CLORURO",""
"","F-22781/21","VONILLE CD COMPRIMIDOS RECUBIERTOS","6/29/2016 2:10","EXELTIS CHILE S.p.A.","ETINILESTRADIOL//LEVONORGESTREL",""
"","F-24461/23","VORICONAZOL COMPRIMIDOS RECUBIERTOS 200 mg","12/13/2018","MSN LABS CHILE S.p.A.","VORICONAZOL",""
"","F-25895/26","VORICONAZOL LIOFILIZADO PARA SOLUCION INYECTABLE 200 mg","1/2/2021","PHARMATECH CHILE S.p.A.","VORICONAZOL",""
"","F-27869/23","VORICONAZOL LIOFILIZADO PARA SOLUCIÓN INYECTABLE 200 mg","10/10/2023","VITAFARMA S.A.","VORICONAZOL",""
"","F-24066/23","VORICONAZOL LIOFILIZADO PARA SOLUCIÓN INYECTABLE 200 mg","8/28/2018","SEVEN PHARMA CHILE S.p.A.","VORICONAZOL",""
"","F-24217/23","VORICONAZOL LIOFILIZADO PARA SOLUCIÓN INYECTABLE 200 mg","10/24/2018","MSN LABS CHILE S.p.A.","VORICONAZOL",""
"","F-22940/21","VORIFAS COMPRIMIDOS RECUBIERTOS 400 mg (PAZOPANIB)","8/19/2016","TECNOFARMA S.A.","PAZOPANIB",""
"","F-23587/22","VORIOLE 200 COMPRIMIDOS RECUBIERTOS 200 mg (VORICONAZOL)","8/30/2017","LIBRA CHILE S.A.","Voriconazol",""
"","F-22981/21","VORIOLE-IV LIOFILIZADO PARA SOLUCIÓN INYECTABLE 200 mg (VORICONAZOL)","8/25/2016","LIBRA CHILE S.A.","VORICONAZOL",""
"","F-24934/24","VOSEVI 400/100/100 COMPRIMIDOS RECUBIERTOS","7/9/2019","GADOR LTDA.","SOFOSBUVIR//VELPATASVIR//VOXILAPREVIR",""
"","F-26788/22","VOTRIENT COMPRIMIDOS RECUBIERTOS 200 mg","5/9/2022","NOVARTIS CHILE S.A.","PAZOPANIB",""
"","F-26789/22","VOTRIENT COMPRIMIDOS RECUBIERTOS 400 mg","5/9/2022","NOVARTIS CHILE S.A.","PAZOPANIB",""
"","F-18539/21","VOVIRENS COMPRIMIDOS RECUBIERTOS 600 mg","3/11/2011","OPKO CHILE S.A.","EFAVIRENZ",""
"","B-3053/24","VOXZOGO LIOFILIZADO PARA SOLUCIÓN INYECTABLE 0,4 mg CON SOLVENTE (VOSORITIDA)","9/9/2024","BIOMARIN CHILE SPA","VOSORITIDA",""
"","B-3054/24","VOXZOGO LIOFILIZADO PARA SOLUCION INYECTABLE 0,56 mg CON SOLVENTE (VOSORITIDA)","9/9/2024","BIOMARIN CHILE SPA","VOSORITIDA",""
"","B-3055/24","VOXZOGO LIOFILIZADO PARA SOLUCION INYECTABLE 1,2 mg CON SOLVENTE (VOSORITIDA)","9/9/2024","BIOMARIN CHILE SPA","VOSORITIDA",""
"","F-28493/24","VOYDEYA COMPRIMIDOS RECUBIERTOS 100 mg ( DANICOPÁN)","10/3/2024","ASTRAZENECA S.A.","DANICOPAN",""
"","E-38/24","VOYDEYA COMPRIMIDOS RECUBIERTOS 50 mg +100 mg (DANICOPÁN)","10/3/2024","ASTRAZENECA S.A.","DANICOPÁN - (NUEVO)",""
"","B-2303/23","VPRIV POLVO PARA SOLUCIÓN PARA PERFUSIÓN 400 UI","4/25/2013","TAKEDA CHILE S.p.A.","VELAGLUCERASA ALFA",""
"","F-25905/26","VYNDAQEL CÁPSULAS BLANDAS 61 mg (TAFAMIDIS)","1/6/2021","PFIZER CHILE S.A.","TAFAMIDIS",""
"","F-14728/25","VYTORIN 10/10 COMPRIMIDOS","4/18/2005","ORGANON CHILE S.p.A.","EZETIMIBA//SIMVASTATINA",""
"","F-14729/25","VYTORIN 10/20 COMPRIMIDOS","4/18/2005","ORGANON CHILE S.p.A.","EZETIMIBA//SIMVASTATINA",""
"","F-14730/25","VYTORIN 10/40 COMPRIMIDOS","4/18/2005","ORGANON CHILE S.p.A.","EZETIMIBA//SIMVASTATINA",""
"","F-25316/25","WARFARINA SÓDICA COMPRIMIDOS 5 mg","2/25/2020","REUTTER S.A.","WARFARINA",""
"","F-27740/23","WAYLIVRA SOLUCIÓN INYECTABLE 285 mg/1,5 mL, EN JERINGA PRELLENADA (VOLANESORSÉN)","8/21/2023","PTC THERAPEUTICS CHILE S.p.A.","VOLANESORSEN",""
"","B-3043/24","WEGOVY SOLUCIÓN INYECTABLE 0,25 mg/dosis (SEMAGLUTIDA)","7/22/2024","NOVO NORDISK FARMACÉUTICA LTDA.","Semaglutida",""
"","B-3024/24","WEGOVY SOLUCIÓN INYECTABLE 0,5 mg/dosis (semaglutida)","7/22/2024","NOVO NORDISK FARMACÉUTICA LTDA.","SEMAGLUTIDA",""
"","B-3045/24","WEGOVY SOLUCIÓN INYECTABLE 1 mg/dosis (semaglutida)","7/22/2024","NOVO NORDISK FARMACÉUTICA LTDA.","SEMAGLUTIDA",""
"","B-3046/24","WEGOVY SOLUCIÓN INYECTABLE 1,7 mg/dosis (SEMAGLUTIDA)","7/22/2024","NOVO NORDISK FARMACÉUTICA LTDA.","SEMAGLUTIDA",""
"","B-3044/24","WEGOVY SOLUCIÓN INYECTABLE 2,4 mg/dosis (SEMAGLUTIDA)","7/22/2024","NOVO NORDISK FARMACÉUTICA LTDA.","Semaglutida",""
"","B-2407/24","WILATE 1000/1000 LIOFILIZADO PARA SOLUCIÓN INYECTABLE CON SOLVENTE","7/30/2014","LABORATORIO BAGÓ DE CHILE S.A.","FACTOR DE VON WILLEBRAND//FACTOR VIII DE COAGULACION HUMANO",""
"","B-2406/24","WILATE 500/500 LIOFILIZADO PARA SOLUCIÓN INYECTABLE CON SOLVENTE","7/29/2014","LABORATORIO BAGÓ DE CHILE S.A.","FACTOR DE VON WILLEBRAND//FACTOR VIII DE COAGULACION HUMANO",""
"","F-19581/22","WINASORB D COMPRIMIDOS MASTICABLES","8/20/2012","LABORATORIOS LAFI LTDA.","FENILEFRINA//PARACETAMOL",""
"","F-19612/22","WINASORB D COMPRIMIDOS RECUBIERTOS","10/4/2012","LABORATORIOS LAFI LTDA.","FENILEFRINA//PARACETAMOL//POLIVIDONA IODADA",""
"","F-11080/21","WINASORB FLEX CÁPSULAS BLANDAS","1/28/1991","LABORATORIOS LAFI LTDA.","CLORZOXAZONA//PARACETAMOL",""
"","F-70/22","WINASORB FLU D.N. COMPRIMIDOS RECUBIERTOS","6/18/1997","LABORATORIOS LAFI LTDA.","CLORFENAMINA//PARACETAMOL//PSEUDOEFEDRINA",""
"","F-15944/22","WINASORB FLU DÍA POLVO PARA SOLUCIÓN ORAL EN SOBRES","2/23/2007","LABORATORIOS LAFI LTDA.","PARACETAMOL//PSEUDOEFEDRINA",""
"","F-15945/22","WINASORB FLU NOCHE POLVO PARA SOLUCIÓN ORAL EN SOBRES","2/23/2007","LABORATORIOS LAFI LTDA.","CLORFENAMINA//PARACETAMOL//PSEUDOEFEDRINA",""
"","F-23954/23","WINDUZA LIOFILIZADO PARA SUSPENSIÓN INYECTABLE 100 mg (AZACITIDINA) ","8/9/2018","DR. REDDYS LABORATORIES CHILE S.p.A.","AZACITIDINA",""
"","F-11936/22","XALACOM SOLUCIÓN OFTÁLMICA","3/28/2002","ASPEN CHILE S.A.","LATANOPROST//TIMOLOL",""
"","F-56/22","XALATAN SOLUCIÓN OFTÁLMICA 50 mcg/mL","6/2/1997","ASPEN CHILE S.A.","LATANOPROST",""
"","F-19897/23","XALKORI CÁPSULAS 200 mg (CRIZOTINIB)","4/15/2013","PFIZER CHILE S.A.","CRIZOTINIB",""
"","F-19896/23","XALKORI CÁPSULAS 250 mg (CRIZOTINIB)","4/13/2013 1:10","PFIZER CHILE S.A.","CRIZOTINIB",""
"","F-26479/21","XALUT CÁPSULAS BLANDAS 40 mg (ENZALUTAMIDA)","11/2/2021","MEGALABS CHILE S.A.","ENZALUTAMIDA",""
"","F-17179/23","XARELTO COMPRIMIDOS RECUBIERTOS 10 mg","10/29/2008","BAYER S.A.","RIVAROXABAN",""
"","F-19161/21","XARELTO COMPRIMIDOS RECUBIERTOS 15 mg","12/26/2011","BAYER S.A.","RIVAROXABAN",""
"","F-20765/24","XARELTO COMPRIMIDOS RECUBIERTOS 2,5 mg","1/9/2014","BAYER S.A.","RIVAROXABAN",""
"","F-19162/21","XARELTO COMPRIMIDOS RECUBIERTOS 20 mg","12/26/2011 1:10","BAYER S.A.","RIVAROXABAN",""
"","F-26642/22","XAROBAN COMPRIMIDOS RECUBIERTOS 15 mg","2/21/2022","TECNOFARMA S.A.","RIVAROXABAN",""
"","F-26643/22","XAROBAN COMPRIMIDOS RECUBIERTOS 20 mg","2/21/2022","TECNOFARMA S.A.","RIVAROXABAN",""
"","F-25781/25","XATIZA SOLUCIÓN CONCENTRADA PARA PERFUSIÓN 60 mg/1,5 mL (CABAZITAXEL), CON SOLVENTE","11/10/2020","MSN LABS CHILE S.p.A.","CABAZITAXEL",""
"","F-29323/25","XCOPRI COMPRIMIDOS 12,5 mg (CENOBAMATO)","11/19/2025","EUROFARMA CHILE SpA","CENOBAMATO",""
"","F-29326/25","XCOPRI COMPRIMIDOS RECUBIERTOS 100 mg (CENOBAMATO)","11/19/2025","EUROFARMA CHILE SpA","CENOBAMATO",""
"","E-47/25","XCOPRI COMPRIMIDOS RECUBIERTOS 100 mg + 200 mg (CENOBAMATO)","11/19/2025","EUROFARMA CHILE SpA","CENOBAMATO",""
"","F-29327/25","XCOPRI COMPRIMIDOS RECUBIERTOS 200 mg (CENOBAMATO)","11/19/2025","EUROFARMA CHILE SpA","CENOBAMATO",""
"","F-29325/25","XCOPRI COMPRIMIDOS RECUBIERTOS 50 mg (CENOBAMATO) ","11/19/2025","EUROFARMA CHILE SpA","CENOBAMATO",""
"","E-49/25","XCOPRI COMPRIMIDOS RECUBIERTOS 50 mg + 100 mg (CENOBAMATO)","11/19/2025","EUROFARMA CHILE SpA","CENOBAMATO",""
"","E-46/25","XCOPRI COMPRIMIDOS RECUBIERTOS 50 mg + 100 mg + 200 mg (CENOBAMATO)","11/19/2025","EUROFARMA CHILE SpA","CENOBAMATO",""
"","E-48/25","XCOPRI COMPRIMIDOS RECUBIERTOS 50 mg + 200 mg (CENOBAMATO)","11/19/2025","EUROFARMA CHILE SpA","CENOBAMATO",""
"","F-20759/24","XELJANZ COMPRIMIDOS RECUBIERTOS 5 mg (TOFACITINIB)","1/8/2014","PFIZER CHILE S.A.","TOFACITINIB",""
"","F-26194/21","XELODA COMPRIMIDOS RECUBIERTOS 150 mg (CAPECITABINA)","6/1/2021","LABORATORIOS BIOPAS S.A.","CAPECITABINA",""
"","F-26202/21","XELODA COMPRIMIDOS RECUBIERTOS 500 mg (CAPECITABINA)","6/8/2021","LABORATORIOS BIOPAS S.A.","CAPECITABINA",""
"","F-20558/23","XENETIX 300, SOLUCIÓN INYECTABLE 300 mg/mL","11/25/2013","GUERBET CHILE LIMITADA","IOBITRIDOL",""
"","F-12671/22","XENETIX 300, SOLUCIÓN INYECTABLE 300 mg/mL","4/26/1997","GUERBET CHILE LIMITADA","IOBITRIDOL",""
"","F-12672/22","XENETIX 350, SOLUCIÓN INYECTABLE 350 mg/mL","4/26/1997","GUERBET CHILE LIMITADA","IOBITRIDOL",""
"","F-20559/23","XENETIX 350, SOLUCIÓN INYECTABLE 350 mg/mL","11/25/2013","GUERBET CHILE LIMITADA","IOBITRIDOL",""
"","F-21605/24","XENEVIA 500 COMPRIMIDOS RECUBIERTOS 500 mg (CAPECITABINA)","12/22/2014","MEGALABS CHILE S.A.","CAPECITABINA",""
"","F-27432/23","XENPOMA CAPSULAS 2 mg (POMALIDOMIDA)","4/5/2023","DR. REDDYS LABORATORIES CHILE S.p.A.","POMALIDOMIDA",""
"","F-27434/23","XENPOMA CÁPSULAS 4 mg (POMALIDOMIDA)","4/5/2023","DR. REDDY'S LABORATORIES CHILE S.p.A.","POMALIDOMIDA",""
"","B-2462/25","XEOMIN LIOFILIZADO PARA SOLUCIÓN INTECTABLE 100 U (TOXINA CLOSTRIDIUM BOTULINUM TIPO A)","3/13/2015","MEGALABS CHILE S.A.","TOXINA CLOSTRIDIUM BOTULINUM TIPO A",""
"","B-2461/25","XEOMIN LIOFILIZADO PARA SOLUCION INYECTABLE 50 U (TOXINA CLOSTRIDIUM BOTULINUM TIPO A)","3/13/2015","MEGALABS CHILE S.A.","TOXINA CLOSTRIDIUM BOTULINUM TIPO A",""
"","F-27535/23","XETRANE CÁPSULAS 4 mg (POMALIDOMIDA)","5/23/2023","LABORATORIO LKM CHILE S.p.A.","POMALIDOMIDA",""
"","B-2868/21","XGEVA SOLUCIÓN INYECTABLE 120 mg/ 1,7 mL (DENOSUMAB)","3/30/2021","TECNOFARMA S.A.","DENOSUMAB",""
"","B-2285/22","XGEVA SOLUCIÓN INYECTABLE 70 mg/mL (DENOSUMAB)","12/19/2012","TECNOFARMA S.A.","DENOSUMAB",""
"","F-24007/23","XIG DUO XR 10 / 1000 COMPRIMIDOS RECUBIERTOS DE LIBERACIÓN PROLONGADA","8/7/2018","ASTRAZENECA S.A.","DAPAGLIFLOZINA//METFORMINA",""
"","F-24009/23","XIGDUO XR 5 / 1000 COMPRIMIDOS RECUBIERTOS DE LIBERACIÓN PROLONGADA","8/7/2018","ASTRAZENECA S.A.","DAPAGLIFLOZINA//METFORMINA",""
"","F-28081/24","XILCATOR COMPRIMDOS 10 mg (EVEROLIMUS)","2/5/2024","ASKENY CHILE S.p.A.","EVEROLIMUS",""
"","F-28084/24","XILCATOR COMPRIMIDOS 5 mg (EVEROLIMUS)","2/6/2024","ASKENY CHILE S.p.A.","EVEROLIMUS",""
"","F-22485/21","XINDER CHAMPU 0,05% (CLOBETASOL PROPIONATO)","3/16/2016","LABORATORIOS D & M PHARMA LTDA.","CLOBETASOL",""
"","F-27094/22","XINDER CHAMPÚ 0,05% (CLOBETASOL PROPIONATO)","10/19/2022","LABORATORIO D & M PHARMA LTDA.","CLOBETASOL",""
"","F-9404/21","XINDER CREMA DÉRMICA 0,05%","7/20/1995","LABORATORIOS D & M PHARMA LTDA.","CLOBETASOL",""
"","F-27170/22","XINDER CREMA TÓPICA 0,05% (CLOBETASOL PROPIONATO)","11/22/2022","LABORATORIO D & M PHARMA LTDA.","CLOBETASOL",""
"","F-18995/21","XINDER ESPUMA TÓPICA 0,05%","10/19/2011","LABORATORIOS D & M PHARMA LTDA.","CLOBETASOL",""
"","F-9405/21","XINDER LOCIÓN CAPILAR 0,05%","5/8/1996","LABORATORIOS D & M PHARMA LTDA.","CLOBETASOL",""
"","F-22486/21","XINDER LOCIÓN CAPILAR 0,05% (CLOBETASOL PROPIONATO)","3/15/2016","LABORATORIOS D & M PHARMA LTDA.","CLOBETASOL",""
"","F-27173/22","XINDER LOCIÓN CAPILAR 0,05% (CLOBETASOL PROPIONATO)","11/22/2022","LABORATORIO D & M PHARMA LTDA.","CLOBETASOL",""
"","F-27253/23","XINDER UNGÜENTO TÓPICO 0,05% (CLOBETASOL PROPIONATO)","1/5/2023","LABORATORIO D & M PHARMA LTDA.","CLOBETASOL",""
"","B-2657/22","XOLAIR RECOMBINANTE SOLUCIÓN INYECTABLE 150 mg/1 mL (OMALIZUMAB)","1/20/2017","NOVARTIS CHILE S.A.","OMALIZUMAB",""
"","B-2802/22","XOLOF SOLUCIÓN OFTÁLMICA 0,3%","2/12/2002","LABORATORIOS SAVAL S.A.","TOBRAMICINA",""
"","B-2803/22","XOLOF UNGÜENTO OFTÁLMICO 0,3%","2/12/2002","LABORATORIOS SAVAL S.A.","TOBRAMICINA",""
"","F-27378/23","XOMICIB LIOFILIZADO PARA SOLUCIÓN INYECTABLE 60 mg (CARFILZOMIB)","3/15/2023","MSN LABS CHILE S.p.A.","CARFILZOMIB",""
"","F-27835/23","XOSPATA COMPRIMIDOS RECUBIERTOS 40 mg (GILTERITINIB)","9/20/2023 23:00","ASTELLAS FARMA CHILE S.p.A.","GILTERITINIB",""
"","F-24134/23","XTANDI CÁPSULAS BLANDAS 40 mg (ENZALUTAMIDA)","9/26/2018","TECNOFARMA S.A.","ENZALUTAMIDA",""
"","F-23274/21","XUMER COMPRIMIDOS RECUBIERTOS 120 mg (ETORICOXIB)","12/23/2016","TECNOFARMA S.A.","ETORICOXIB",""
"","F-23275/21","XUMER COMPRIMIDOS RECUBIERTOS 60 mg (ETORICOXIB)","12/23/2016","TECNOFARMA S.A.","ETORICOXIB",""
"","F-23273/21","XUMER COMPRIMIDOS RECUBIERTOS 90 mg (ETORICOXIB)","12/23/2016","TECNOFARMA S.A.","ETORICOXIB",""
"","F-27545/23","XUNAVA CÁPSULAS CON GRÁNULOS 150 mg","5/29/2023","ALEMBIC PHARMACEUTICALS S.p.A.","DABIGATRAN",""
"","F-14169/24","XUZAL COMPRIMIDOS RECUBIERTOS 5 mg","9/24/2004","GLAXOSMITHKLINE CHILE FARMACÉUTICA LTDA.","LEVOCETIRIZINA",""
"","F-27505/23","XUZAL SOLUCIÓN ORAL 2,5 mg/5 mL (LEVOCETIRIZINA DICLORHIDRATO)","5/15/2023","GLAXOSMITHKLINE CHILE FARMACÉUTICA LTDA.","LEVOCETIRIZINA",""
"","F-27506/23","XUZAL SOLUCIÓN PARA GOTAS ORALES 5 mg/mL (LEVOCETIRIZINA DICLORHIDRATO)","5/15/2023","GLAXOSMITHKLINE CHILE FARMACÉUTICA LTDA.","LEVOCETIRIZINA",""
"","F-28118/24","XYLESTESIN ISOBÁRICO SOLUCIÓN INYECTABLE 2% (LIDOCAÍNA CLORHIDRATO)","3/4/2024","CRISTALIA CHILE S.p.A.","LIDOCAINA",""
"","F-28110/24","XYLESTESIN SOLUCIÓN INYECTABLE 1% (LIDOCAÍNA CLORHIDRATO)","2/28/2024","CRISTALIA CHILE S.p.A.","LIDOCAINA",""
"","F-28109/24","XYLESTESIN SOLUCIÓN INYECTABLE 2% (LIDOCAÍNA CLORHIDRATO)","2/28/2024","CRISTALIA CHILE S.p.A.","LIDOCAINA",""
"","F-28589/24","XYLESTESIN SOLUCIÓN TÓPICA SPRAY 10% (LIDOCAÍNA)","11/12/2024","CRISTALIA CHILE S.p.A.","LIDOCAINA",""
"","F-12558/22","XYLONOR SPRAY CON CETRIMIDA SOLUCIÓN PARA USO DENTAL","12/3/2002","DENTAL LAVAL LTDA.","CETRIMIDA//LIDOCAINA",""
"","F-23918/23","YASMIN CD COMPRIMIDOS RECUBIERTOS","7/5/2018","BAYER S.A.","DROSPIRENONA//ETINILESTRADIOL",""
"","F-27949/23","YASMIN COMPRIMIDOS RECUBIERTOS","11/23/2023","BAYER S.A.","DROSPIRENONA//ETINILESTRADIOL",""
"","F-16217/22","YAZ COMPRIMIDOS RECUBIERTOS","8/8/2007","BAYER S.A.","DROSPIRENONA//ETINILESTRADIOL",""
"","F-19843/23","YAZ METAFOLIN COMPRIMIDOS RECUBIERTOS","3/23/2013","BAYER S.A.","ACIDO LEVOMEFOLICO//DROSPIRENONA//ETINILESTRADIOL",""
"","B-2861/21","YERVOY SOLUCIÓN INYECTABLE 50 mg/10 mL (IPILIMUMAB)","3/5/2021","BRISTOL - MYERS SQUIBB DE CHILE","IPILIMUMAB",""
"","F-17705/24","YONDELIS LIOFILIZADO PARA SOLUCIÓN INYECTABLE 1 mg","8/21/2009","TECNOFARMA S.A.","TRABECTEDINA",""
"","B-3011/23","YUFLYMA SOLUCIÓN INYECTABLE 40 mg/0,4 mL (ADALIMUMAB)","12/21/2023","CELLTRION HEALTHCARE CHILE S.p.A.","Adalimumab",""
"","F-21952/25","ZABAK SOLUCIÓN OFTÁLMICA 0,025% (KETOTIFENO)","6/23/2015 2:10","THEA PHARMA S.p.A.","KETOTIFENO",""
"","F-10199/21","ZALAIN ÓVULOS 300 mg","12/17/2001","FERRER CHILE S.A.","SERTACONAZOL",""
"","F-23705/23","ZALENIA CÁPSULAS 0,5 mg (ANAGRELIDA CLORHIDRATO MONOHIDRATO)","1/31/2018","SYNTHON CHILE LTDA.","ANAGRELIDA",""
"","F-23706/23","ZALENIA CÁPSULAS 1 mg","1/31/2018","SYNTHON CHILE LTDA.","ANAGRELIDA",""
"","F-29304/25","ZANOSAR LIOFILIZADO PARA SOLUCIÓN CONCENTRADA PARA PERFUSIÓN 1 g (ESTREPTOZOCINA)","10/23/2025","ADVANCE SCIENTIFIC DE CHILE S.p.A.","ESTREPTOZOCINA",""
"","F-22564/21","ZARATOR COMPRIMIDOS RECUBIERTOS 10 mg (ATORVASTATINA)","4/5/2016","ASPEN CHILE S.A.","ATORVASTATINA",""
"","F-22565/21","ZARATOR COMPRIMIDOS RECUBIERTOS 20 mg (ATORVASTATINA)","4/6/2016","ASPEN CHILE S.A.","ATORVASTATINA",""
"","B-2302/23","ZARZIO SOLUCIÓN INYECTABLE 0,3 mg/0,5mL (FILGRASTIM)","4/22/2013","SANDOZ CHILE S.p.A.","FILGRASTIM",""
"","F-23711/23","ZAVEDOS SOLUCIÓN INYECTABLE 10 mg/10 mL (IDARUBICINA)","2/2/2018","PFIZER CHILE S.A.","IDARUBICINA",""
"","F-23710/23","ZAVEDOS SOLUCIÓN INYECTABLE 5 mg/5 mL","2/2/2018","PFIZER CHILE S.A.","IDARUBICINA",""
"","F-24968/24","ZAVICEFTA 2/0,5 POLVO PARA SOLUCIÓN PARA PERFUSIÓN","7/31/2019","PFIZER CHILE S.A.","AVIBACTAM//CEFTAZIDIMA",""
"","F-23567/22","ZEBESTEN SOLUCIÓN OFTÁLMICA 0,09% (BROMFENACO)","8/1/2017","GLOBAL MERCURY CHILE S.A.","BROMFENACO",""
"","F-16197/22","ZEITE COMPRIMIDOS RECUBIERTOS 100 mg","7/27/2007","LABORATORIOS RECALCINE S.A.","IMATINIB",""
"","F-15844/21","ZEITE COMPRIMIDOS RECUBIERTOS 400 mg","12/29/2006","LABORATORIOS RECALCINE S.A.","IMATINIB",""
"","F-27041/22","ZEJULA COMPRIMIDOS RECUBIERTOS 100 mg (NIRAPARIB)","9/9/2022","GLAXOSMITHKLINE CHILE FARMACÉUTICA LTDA.","NIRAPARIB",""
"","F-23800/23","ZELASTER POLVO PARA SOLUCION INYECTABLE 1 g (CEFAZOLINA)","5/8/2018","OPKO CHILE S.A.","CEFAZOLINA",""
"","F-19782/23","ZELBORAF COMPRIMIDOS RECUBIERTOS 240 mg","3/25/2013","ROCHE CHILE LTDA.","VEMURAFENIB",""
"","F-25422/25","ZELDOX CAPSULAS 20 mg (ZIPRASIDONA)","5/11/2020","ASPEN CHILE S.A.","ZIPRASIDONA",""
"","F-25423/25","ZELDOX CAPSULAS 40 mg (ZIPRASIDONA)","5/11/2020","ASPEN CHILE S.A.","ZIPRASIDONA",""
"","F-25424/25","ZELDOX CAPSULAS 60 mg (ZIPRASIDONA)","5/11/2020","ASPEN CHILE S.A.","ZIPRASIDONA",""
"","F-25425/25","ZELDOX CAPSULAS 80 mg (ZIPRASIDONA)","5/11/2020","ASPEN CHILE S.A.","ZIPRASIDONA",""
"","F-24470/23","ZENADE COMPRIMIDOS RECUBIERTOS 25 mg (ERLOTINIB)","12/17/2018","SYNTHON CHILE LTDA.","ERLOTINIB",""
"","F-24471/23","ZENADE COMPRIMIDOS RECUBIERTOS 100 mg (ERLOTINIB)","12/18/2018","SYNTHON CHILE LTDA.","ERLOTINIB",""
"","F-24472/23","ZENADE COMPRIMIDOS RECUBIERTOS 150 mg (ERLOTINIB)","12/18/2018","SYNTHON CHILE LTDA.","ERLOTINIB",""
"","F-29358/25","ZENOTOP GEL BUCAL 20% (BENZOCAÍNA)","12/9/2025","DROGUERÍA GLOBAL PHARMA S.p.A.","BENZOCAÍNA",""
"","F-27868/23","ZEOXTRED COMPRIMIDOS 10 mg (EVEROLIMUS)","10/10/2023","DR. REDDY'S LABORATORIES CHILE S.p.A.","EVEROLIMUS",""
"","F-27884/23","ZEOXTRED COMPRIMIDOS 5 mg (EVEROLIMUS)","10/16/2023","DR. REDDY'S LABORATORIES CHILE S.p.A.","EVEROLIMUS",""
"","F-23073/21","ZEPIKEN SOLUCIÓN OFTÁLMICA 0,2% (OLOPATADINA)","9/20/2016","LABORATORIOS D & M PHARMA LTDA.","OLOPATADINA",""
"","F-23324/22","ZERBAXA POLVO PARA SOLUCIÓN INYECTABLE 1,5 g","1/26/2017","MERCK SHARP & DOHME (I.A.) LLC","CEFTOZOLANO//TAZOBACTAM",""
"","F-26396/21","ZEROLERG CREMA TÓPICA 0,05% (BETAMETASONA)","9/14/2021","ETHON PHARMACEUTICALS S.p.A.","BETAMETASONA",""
"","F-24372/23","ZETIROL COMPRIMIDOS 10 mg ","11/27/2018","ASCEND LABORATORIES S.p.A.","EZETIMIBA",""
"","F-24407/23","ZETIROL S 10/10 COMPRIMIDOS","12/3/2018","ASCEND LABORATORIES S.p.A.","EZETIMIBA//SIMVASTATINA",""
"","F-24408/23","ZETIROL S 10/20 COMPRIMIDOS","12/3/2018","ASCEND LABORATORIES S.p.A.","EZETIMIBA//SIMVASTATINA",""
"","F-19560/22","ZEVEROTENS SOLUCIÓN INYECTABLE 100 mg/20 mL","7/23/2012","ETHON PHARMACEUTICALS S.p.A.","LABETALOL",""
"","F-25517/25","ZEVUVIR COMPRIMIDOS RECUBIERTOS 50 mg (DOLUTEGRAVIR)","6/30/2020","LABORATORIOS RICHMOND CHILE LIMITADA","DOLUTEGRAVIR",""
"","F-408/23","ZIAC 10 COMPRIMIDOS RECUBIERTOS","2/24/1998","MERCK S.A.","BISOPROLOL//HIDROCLOROTIAZIDA",""
"","F-10512/21","ZIAC 2,5 COMPRIMIDOS RECUBIERTOS (BISOPROLOL/HIDROCLOROTIAZIDA)","12/21/1996","MERCK S.A.","BISOPROLOL//HIDROCLOROTIAZIDA",""
"","F-10513/21","ZIAC 5,0 COMPRIMIDOS RECUBIERTOS (BISOPROLOL/HIDROCLOROTIAZIDA)","3/15/1997","MERCK S.A.","BISOPROLOL//HIDROCLOROTIAZIDA",""
"","F-22228/25","ZIAGEN COMPRIMIDOS RECUBIERTOS 300 mg (ABACAVIR)","10/22/2015 2:10","GLAXOSMITHKLINE CHILE FARMACÉUTICA LTDA.","ABACAVIR",""
"","F-1975/24","ZIAGEN SOLUCIÓN ORAL 20 mg/mL (ABACAVIR)","8/31/1999 1:10","GLAXOSMITHKLINE CHILE FARMACÉUTICA LTDA.","ABACAVIR",""
"","F-22185/25","ZIDOVUDINA COMPRIMIDOS RECUBIERTOS 300 mg","10/6/2015","SEVEN PHARMA CHILE S.p.A.","ZIDOVUDINA",""
"","F-13214/23","ZIENT COMPRIMIDOS 10 mg","11/3/2003","ORGANON CHILE S.p.A.","EZETIMIBA",""
"","F-13810/24","ZILFIC COMPRIMIDOS RECUBIERTOS 100 mg (SILDENAFILO CITRATO)","5/26/2004","MINTLAB Co. S.A.","SILDENAFILO",""
"","F-13716/24","ZILFIC COMPRIMIDOS RECUBIERTOS 50 mg","5/10/2004","MINTLAB Co. S.A.","SILDENAFILO",""
"","F-17976/25","ZINCOVIT PLUS JARABE","3/26/2010","ITF - LABOMED FARMACÉUTICA LTDA.","ACIDO ASCORBICO//COLECALCIFEROL//RETINOL//TOCOFEROL//ZINC GLUCONATO",""
"","F-23950/23","ZINCOVIT SOLUCIÓN ORAL PARA GOTAS 5 mg/mL (ZINC)","7/20/2018","ITF - LABOMED FARMACÉUTICA LTDA.","ZINC SULFATO",""
"","F-28920/25","ZINFUNG CHAMPÚ","6/16/2025","ALPES CHEMIE S.A.","KETOCONAZOL;ZINC PIRITIONATO",""
"","F-25345/25","ZINLERGIA COMPRIMIDOS RECUBIERTOS 120 mg (FEXOFENADINA CLORHIDRATO)","3/26/2020","LABORATORIO D & M PHARMA LTDA.","FEXOFENADINA",""
"","F-25226/25","ZINLERGIA COMPRIMIDOS RECUBIERTOS 180 mg (FEXOFENADINA CLORHIDRATO)","1/14/2020","LABORATORIO D & M PHARMA LTDA.","FEXOFENADINA",""
"","B-2953/22","ZIRABEV CONCENTRADO PARA SOLUCIÓN PARA PERFUSIÓN 100 mg/4 mL (BEVACIZUMAB)","9/6/2022","PFIZER CHILE S.A.","BEVACIZUMAB",""
"","F-22946/21","ZITHROMAX LIOFILIZADO PARA SOLUCIÓN INYECTABLE 500 mg (AZITROMICINA)","8/3/2016 2:10","PFIZER CHILE S.A.","AZITROMICINA",""
"","F-16944/23","ZIVAL COMPRIMIDOS RECUBIERTOS 5 mg","8/7/2008","LABORATORIOS SAVAL S.A.","LEVOCETIRIZINA",""
"","F-20595/23","ZIVAL FORTE SOLUCIÓN ORAL 5 mg/5 mL (LEVOCETIRIZINA)","12/2/2013","LABORATORIOS SAVAL S.A.","LEVOCETIRIZINA",""
"","F-16945/23","ZIVAL SOLUCIÓN ORAL 2,5 mg/5 mL","8/7/2008","LABORATORIOS SAVAL S.A.","LEVOCETIRIZINA",""
"","F-16946/23","ZIVAL SOLUCIÓN PARA GOTAS ORALES 5 mg/mL","8/7/2008","LABORATORIOS SAVAL S.A.","LEVOCETIRIZINA",""
"","F-20946/24","ZIVENAD COMPRIMIDOS RECUBIERTOS 200 mg","3/11/2014","SYNTHON CHILE LTDA.","VORICONAZOL",""
"","F-25128/24","ZIVENAD COMPRIMIDOS RECUBIERTOS 200 mg","11/13/2019","SYNTHON CHILE LTDA.","VORICONAZOL",""
"","F-23238/21","ZOELY COMPRIMIDOS RECUBIERTOS","12/12/2016","DEUTSCHE PHARMA S.A.","ESTRADIOL//NOMEGESTROL",""
"","F-10156/26","ZOLADEX LA IMPLANTE SUBCUTÁNEO DE LIBERACIÓN PROLONGADA 10,8 mg","1/10/1997","ASTRAZENECA S.A.","GOSERELINA",""
"","F-28184/24","ZOLATEM COMPRIMIDOS 10 mg (ARIPIPRAZOL)","3/27/2024","SEVEN PHARMA CHILE S.p.A.","ARIPIPRAZOL",""
"","F-28185/24","ZOLATEM COMPRIMIDOS 15 mg (ARIPIPRAZOL)","3/27/2024","SEVEN PHARMA CHILE S.p.A.","ARIPIPRAZOL",""
"","F-23083/21","ZOLETERO SOLUCIÓN INYECTABLE 4 mg/5mL","9/26/2016","SEVEN PHARMA CHILE S.p.A.","ACIDO ZOLEDRONICO",""
"","B-2996/23","ZOLGENSMA SOLUCIÓN PARA PERFUSIÓN 2 × 10^13 GENOMAS VECTORIALES/mL (ONASEMNOGÉN ABEPARVOVEC)","8/30/2023","NOVARTIS CHILE S.A.","ONASEMNOGEN ABEPARVOVEC",""
"","F-21571/24","ZOLIMAX DUO 400/57 POLVO PARA SUSPENSIÓN ORAL","12/2/2014","OPKO CHILE S.A.","ACIDO CLAVULANICO//AMOXICILINA",""
"","F-23299/22","ZOLIMAX DUO 500/125 COMPRIMIDOS RECUBIERTOS","1/12/2017","ARAMA NATURAL PRODUCTS DISTRIBUIDORA LTDA.","ACIDO CLAVULANICO//AMOXICILINA",""
"","F-22103/25","ZOLIMAX DUO 800/57 POLVO PARA SUSPENSIÓN ORAL","8/27/2015 1:10","OPKO CHILE S.A.","ACIDO CLAVULANICO//AMOXICILINA",""
"","F-22473/21","ZOLIMAX DUO 875/125 COMPRIMIDOS RECUBIERTOS","2/18/2016","ARAMA NATURAL PRODUCTS DISTRIBUIDORA LTDA.","ACIDO CLAVULANICO//AMOXICILINA",""
"","F-21810/25","ZOLIMAX POLVO PARA SUSPENSIÓN ORAL 500 mg/5 mL (AMOXICILINA)","4/14/2015","OPKO CHILE S.A.","AMOXICILINA",""
"","F-19451/22","ZOLTUM COMPRIMIDOS CON RECUBRIMIENTO ENTÉRICO 20 mg","5/25/2012","TECNOFARMA S.A.","PANTOPRAZOL",""
"","F-19452/22","ZOLTUM COMPRIMIDOS CON RECUBRIMIENTO ENTÉRICO 40 mg","5/25/2012","TECNOFARMA S.A.","PANTOPRAZOL",""
"","F-26317/21","ZOMEL COMPRIMIDOS CON RECUBRIMIENTO ENTÉRICO 20 mg (ESOMEPRAZOL)","8/9/2021","LABORATORIOS SAVAL S.A.","ESOMEPRAZOL",""
"","F-26337/21","ZOMEL COMPRIMIDOS CON RECUBRIMIENTO ENTÉRICO 40 mg (ESOMEPRAZOL)","8/16/2021","LABORATORIOS SAVAL S.A.","ESOMEPRAZOL",""
"","E-9/21","ZOMEL HP TRITERAPIA (AMOXICILINA COMPRIMIDOS DISPERSABLES 1 g; CLARITROMICINA COMPRIMIDOS RECUBIERTOS 500 mg; ESOMEPRAZOL CÁPSULAS CON MICROGRÁNULOS CON RECUBRIMIENTO ENTÉRICO 20 mg)","12/15/2011","LABORATORIOS SAVAL S.A.","AMOXICILINA//CLARITROMICINA//ESOMEPRAZOL",""
"","F-18597/21","ZOMEL LIOFILIZADO PARA SOLUCIÓN INYECTABLE 40 mg","4/20/2011","LABORATORIOS SAVAL S.A.","ESOMEPRAZOL",""
"","F-23292/22","ZOMEPRAL LIOFILIZADO PARA SOLUCIÓN INYECTABLE 40 mg CON SOLVENTE","1/10/2017","LABORATORIO CHILE S.A.","OMEPRAZOL",""
"","F-25432/25","ZOMETA SOLUCIÓN INYECTABLE 4 mg/5 mL (ÁCIDO ZOLEDRÓNICO)","5/22/2020","NOVARTIS CHILE S.A.","ÁCIDO ZOLEDRÓNICO",""
"","F-18349/25","ZOMIGREN COMPRIMIDOS RECUBIERTOS 2,5 mg","10/27/2010","CHEMOPHARMA S.A.","NARATRIPTAN",""
"","F-28095/24","ZOTABAN COMPRIMIDOS RECUBIERTOS 10 mg (Rivaroxabán)","3/15/2024","ASCEND LABORATORIES S.p.A.","RIVAROXABAN",""
"","F-28096/24","ZOTABAN COMPRIMIDOS RECUBIERTOS 15 mg (Rivaroxabán)","3/15/2024","ASCEND LABORATORIES S.p.A.","RIVAROXABAN",""
"","F-28097/24","ZOTABAN COMPRIMIDOS RECUBIERTOS 20 mg (Rivaroxabán)","3/15/2024","ASCEND LABORATORIES S.p.A.","RIVAROXABAN",""
"","F-26238/21","ZOYLEX SOLUCIÓN INYECTABLE 250 mg/10 mL (ACICLOVIR)","6/29/2021","INVERSIONES PHARMAVISAN S.A.","ACICLOVIR",""
"","F-27744/23","ZUDENINA PB FORTE GEL TÓPICO","8/16/2023","MEGALABS CHILE S.A.","ADAPALENO//PEROXIDO DE BENZOILO",""
"","F-27745/23","ZUDENINA PB GEL TÓPICO","8/16/2023","MEGALABS CHILE S.A.","ADAPALENO//PEROXIDO DE BENZOILO",""
"","F-21586/24","ZYKADIA CÁPSULAS 150 mg (CERITINIB)","12/15/2014","NOVARTIS CHILE S.A.","CERITINIB",""
"","F-27693/23","ZYPIN DUO 400/57 POLVO PARA SUSPENSIÓN ORAL (AMOXICILINA/ÁCIDO CLAVULÁNICO)","7/27/2023","SEVEN PHARMA CHILE S.p.A.","ACIDO CLAVULANICO//AMOXICILINA",""
"","F-27870/23","ZYPIN DUO 800/57 POLVO PARA SUSPENSIÓN ORAL","10/11/2023","SEVEN PHARMA CHILE S.p.A.","ACIDO CLAVULANICO//AMOXICILINA",""
"","F-27839/23","ZYPIN POLVO PARA SUSPENSIÓN ORAL 500 mg/5 mL (AMOXICILINA)","9/23/2023","SEVEN PHARMA CHILE S.p.A.","AMOXICILINA",""
"","F-26410/21","ZYPREXA COMPRIMIDOS RECUBIERTOS 10 mg","9/22/2021","TECNOFARMA S.A.","OLANZAPINA",""
"","F-26408/21","ZYPREXA COMPRIMIDOS RECUBIERTOS 5 mg (OLANZAPINA)","9/22/2021","TECNOFARMA S.A.","OLANZAPINA",""
"","F-12094/22","ZYPREXA POLVO LIOFILIZADO PARA SOLUCIÓN INYECTABLE 10 mg (OLANZAPINA)","6/5/2002","TECNOFARMA S.A.","OLANZAPINA",""
"","F-11821/22","ZYPREXA ZYDIS COMPRIMIDOS BUCODISPERSABLES 10 mg","3/20/2002","TECNOFARMA S.A.","OLANZAPINA",""
"","F-11820/22","ZYPREXA ZYDIS COMPRIMIDOS BUCODISPERSABLES 5 mg","3/13/2002","TECNOFARMA S.A.","OLANZAPINA",""
"","F-21732/25","ZYRTEC COMPRIMIDOS RECUBIERTOS 10 mg (CETIRIZINA DICLORHIDRATO)","3/3/2015 2:10","GLAXOSMITHKLINE CHILE FARMACÉUTICA LTDA.","CETIRIZINA",""
"","F-10691/21","ZYRTEC SOLUCIÓN ORAL 1 mg/mL (CETIRIZINA DICLORHIDRATO)","3/14/1995","GLAXOSMITHKLINE CHILE FARMACÉUTICA LTDA.","CETIRIZINA",""
"","F-19630/22","ZYTIGA COMPRIMIDOS 250 mg (ACETATO DE ABIRATERONA)","10/22/2012 2:10","JOHNSON & JOHNSON DE CHILE S.A.","ABIRATERONA",""
"","F-23613/22","ZYTIGA COMPRIMIDOS RECUBIERTOS 500 mg (ACETATO DE ABIRATERONA)","10/11/2017","JOHNSON & JOHNSON DE CHILE S.A.","ABIRATERONA",""
"","F-24528/24","ZYVALIX COMPRIMIDOS 250 mg (ABIRATERONA ACETATO)","1/8/2019","LABORATORIO LKM CHILE S.p.A.","ABIRATERONA",""
"","F-26683/22","ZYVOX COMPRIMIDOS RECUBIERTOS 600 mg (LINEZOLID)","3/21/2022","PFIZER CHILE S.A.","LINEZOLID",""
"","F-6664/25","ZYVOX POLVO PARA SUSPENSIÓN ORAL 100 mg/5 mL (LINEZOLIDA)","10/6/2020","PFIZER CHILE S.A.","LINEZOLID",""
"","F-6663/25","ZYVOX SOLUCIÓN INYECTABLE 2 mg/mL (LINEZOLIDA)","10/6/2000","PFIZER CHILE S.A.","LINEZOLID",""
"","","","","","",""
